Start_Index,Activity_Label,SpecEn,PermEn,SampEn,Petrosian_FD,Higuchi_FD,KMeans_Labels,DBSCAN_Labels
0,0.0,0.42049322549611684,0.520109478995454,0.27230470417274183,1.0036041977073993,1.0897106731425095,2,-1
128,0.0,0.39664445654457103,0.5094458609041542,0.2728446697711874,1.0032338783315098,1.0501340781538961,2,-1
256,0.0,0.3810764953040254,0.519953280288176,0.21547962985538563,1.0034808219392384,1.0440900525958765,2,-1
384,0.0,0.3711176130534224,0.5159454239528599,0.16167090265673484,1.0033573821759203,1.049264928511163,2,0
512,0.0,0.36100341432975697,0.4921562965455477,0.1956465013233951,1.0028629814496335,1.089325356943522,2,0
640,0.0,0.3874493724047868,0.5009712233694043,0.2573024701255287,1.0032338783315098,1.08353689964123,2,-1
768,0.0,0.4168244933751817,0.513064105902021,0.2671409071974464,1.0037275095661569,1.0812838104663216,2,-1
896,0.0,0.42560117794795693,0.516653065404313,0.30562990692363196,1.0038507576010838,1.0763989920571275,2,-1
1024,0.0,0.4250974013775414,0.5098652219972206,0.24553962878702226,1.0039739418975728,1.0675625561755635,2,-1
1152,0.0,0.4246798773448279,0.5021840996565585,0.2468346108714303,1.0038507576010838,1.104721341653046,2,-1
1280,0.0,0.5025839316155692,0.5138722590234122,0.22568453374797506,1.0036041977073993,1.098482245646646,2,-1
1408,0.0,0.51125346751367,0.5117889671720168,0.23549149362849509,1.0037275095661569,1.098817817819319,2,-1
1536,0.0,0.5189382543455421,0.5351511620578038,0.23911392742032736,1.004097062540836,1.1255678329360386,0,-1
1664,0.0,0.5078618246637304,0.5619074955339576,0.20577729167896816,1.0048344544320031,1.1211250728126307,0,-1
1792,0.0,0.5007892547011656,0.5504924637593447,0.19326276130325767,1.0048344544320031,1.099143560056835,0,-1
1920,0.0,0.5048509975431007,0.5493308867861575,0.20532891011069934,1.0047117139286545,1.1035192448095865,0,-1
2048,0.0,0.444788146882207,0.5431032641954219,0.26662466012350056,1.0048344544320031,1.1128229947963142,0,-1
2176,0.0,0.440551020922674,0.51997144589465,0.32120159671054727,1.0043431132076361,1.0969099332995855,2,-1
2304,0.0,0.4179304608431362,0.5102852458769022,0.31675256824726233,1.0039739418975728,1.087845758843444,2,-1
2432,0.0,0.4073531558600792,0.5351553730991802,0.29773772744007193,1.004588910279602,1.0799290407517241,2,-1
2560,0.0,0.40144160568656173,0.5279576796642038,0.2466968792367531,1.0043431132076361,1.0952590070041457,2,-1
2688,0.0,0.35211484666014226,0.5159429915487882,0.21631265072442252,1.004097062540836,1.0653981669465764,2,0
2816,0.0,0.33675491632827453,0.5233870422207876,0.2239809989009598,1.0043431132076361,1.0665627353268754,2,-1
2944,0.0,0.34657179466069576,0.516469530843272,0.24074167252147274,1.0039739418975728,1.0887215607603171,2,0
3072,0.0,0.39525891066875224,0.5543656654471834,0.30270454683584436,1.0048344544320031,1.0814247406401638,2,-1
3200,0.0,0.45831609462467116,0.5604804738588797,0.24566763957145252,1.005079746337278,1.1474190129786799,0,-1
3328,0.0,0.3575795241012642,0.5831008329221482,0.2224875985192894,1.0055695760821457,1.080862537700278,2,-1
3456,0.0,0.3738003793965208,0.5973261200574727,0.2461173880610857,1.006058404837703,1.0940651959916863,0,-1
3584,0.0,0.38618855350177544,0.574925215164116,0.3404876036903649,1.0052022979066102,1.1076534468979222,0,-1
3712,0.0,0.4377130703670085,0.5765434945430175,0.32909905717225096,1.0052022979066102,1.0818271925158207,0,-1
3840,0.0,0.4259906708796731,0.5559166012169268,0.3782401961601732,1.0047117139286545,1.0839488211838029,0,-1
3968,0.0,0.4106554593390076,0.5422087377819719,0.41295177409308476,1.0043431132076361,1.0742167510098928,2,-1
4096,0.0,0.43797685357200256,0.5343407151250619,0.3678131427656506,1.004097062540836,1.0697361361807196,2,-1
4224,0.0,0.43112235019129774,0.5303551079831642,0.3484855204690632,1.0038507576010838,1.071473133931324,2,-1
4352,0.0,0.42818984990305425,0.5154667066467232,0.31827540039849755,1.0034808219392384,1.0749851331922735,2,-1
4480,0.0,0.4014848442880735,0.5031880525566303,0.2720528985100471,1.0032338783315098,1.0754278270451245,2,-1
4608,0.0,0.3994316672268354,0.4789420784087138,0.24006242516471116,1.0029866780547583,1.0729310332637554,2,0
4736,0.0,0.3719700576005139,0.439985298453412,0.20435038409639703,1.0024915047267045,1.0529321571562915,2,0
4864,0.0,0.38692712354444325,0.4553911622677195,0.18076713482719878,1.0028629814496335,1.08577143361608,2,-1
4992,1.0,0.3830756854338906,0.45389624036269965,0.1703833931112873,1.0028629814496335,1.061021967463792,2,0
5120,1.0,0.3849138301819037,0.5012938739753234,0.17582539103396555,1.0036041977073993,1.0742982738805718,2,0
5248,1.0,0.3523383541500799,0.5191744246367946,0.20089132425510348,1.0039739418975728,1.0942487657658775,2,0
5376,1.0,0.3643660968406942,0.5208849696792089,0.22119397214971312,1.004097062540836,1.0787853705647708,2,0
5504,1.0,0.35425769568013776,0.5165312212406715,0.24499976385750105,1.0038507576010838,1.0693677630919896,2,0
5632,1.0,0.35670190963924947,0.5003433482480254,0.22729340603763776,1.0037275095661569,1.0618287486710904,2,0
5760,1.0,0.3723758129315015,0.5092145139679869,0.22091600571902922,1.0039739418975728,1.0712652669713698,2,0
5888,1.0,0.38818785473215506,0.5112219711156515,0.2469089703437824,1.004097062540836,1.0647187686441744,2,0
6016,1.0,0.382382114952541,0.5524069635554344,0.28318440486863244,1.0049571318736141,1.1090401823896718,2,-1
6144,1.0,0.49988652359486996,0.5504983387843762,0.23013444260561533,1.0047117139286545,1.0968822382139054,0,-1
6272,1.0,0.4737008677338174,0.5554443299857585,0.2833348988464107,1.0048344544320031,1.0714437854023133,2,-1
6400,1.0,0.4761221342222154,0.5495925343048446,0.3006247929333551,1.0044660434007024,1.0811020115979253,2,-1
6528,1.0,0.4323859367584245,0.5336386836065014,0.25389221250703864,1.004097062540836,1.0717324057561488,2,-1
6656,1.0,0.4352746014675785,0.5157539317212985,0.2737974225817026,1.0038507576010838,1.1022348300276823,2,-1
6784,1.0,0.3674959546635498,0.4911721171187919,0.23241581753152754,1.003110310319889,1.0715646574083637,2,0
6912,1.0,0.3547915942607781,0.5151908069920819,0.1961078068155129,1.0037275095661569,1.0688873522667566,2,0
7040,1.0,0.3457375423292816,0.5019133216936787,0.1999764920326754,1.0033573821759203,1.0983886372525198,2,0
7168,1.0,0.34940868005119613,0.508953311704716,0.19257085676472227,1.0036041977073993,1.0830626714231488,2,0
7296,1.0,0.3598199064906587,0.5218333859383847,0.18626119123135892,1.0039739418975728,1.0780977669736997,2,0
7424,1.0,0.35836677074184053,0.48221571243868383,0.1912594174675087,1.0032338783315098,1.0929618466848128,2,0
7552,1.0,0.34687577242963363,0.4691111505067016,0.1669402492311327,1.0028629814496335,1.0651872246037948,2,0
7680,1.0,0.3343209389604754,0.4797279836830832,0.16158694409895363,1.0027392204178478,1.0609188521485848,2,0
7808,1.0,0.32727563015791983,0.45882342738586485,0.16770017151832162,1.0023675498930893,1.0824788597739257,2,0
7936,1.0,0.3272946785803079,0.477299016391257,0.16019639244209843,1.0028629814496335,1.06640182909221,2,0
8064,1.0,0.3318513485446689,0.48950212746041044,0.16661621520381978,1.0032338783315098,1.069943287636415,2,0
8192,1.0,0.36600327351107137,0.49441198377079315,0.18825296619257528,1.0032338783315098,1.0595591790612788,2,0
8320,1.0,0.3502249987275174,0.48414610795496504,0.1807578348177719,1.0029866780547583,1.0777326499858566,2,0
8448,1.0,0.3469563241778803,0.4896782255813815,0.19457927190176255,1.0029866780547583,1.064460553952323,2,0
8576,1.0,0.33890741314929634,0.5038986997099626,0.19277389319675287,1.0032338783315098,1.0588747030511707,2,0
8704,1.0,0.35115151830858937,0.4836161041249293,0.20247795429430737,1.0029866780547583,1.0681677917092887,2,0
8832,1.0,0.36694917762030604,0.48883590022481116,0.2010588834609257,1.0033573821759203,1.0750730157969421,2,0
8960,1.0,0.33376517380470466,0.4892892071950208,0.18046447267171706,1.003110310319889,1.0769711247495444,2,0
9088,1.0,0.33908120457191643,0.4662674780578643,0.17468920332838817,1.0026153948725502,1.0818941960884039,2,0
9216,1.0,0.3353316576616337,0.48493977902068375,0.17526721760407993,1.003110310319889,1.0720693405926034,2,0
9344,1.0,0.35103115652527084,0.48584884052214866,0.17967664992033602,1.0029866780547583,1.0688904034481481,2,0
9472,1.0,0.35171302543983185,0.4750853098631793,0.18396743929502107,1.0027392204178478,1.0593482820248041,2,0
9600,1.0,0.3507955166911978,0.4649716285605821,0.17457887264419703,1.0027392204178478,1.0842295664937238,2,0
9728,1.0,0.3318492672116692,0.4562438277125051,0.1722017677508246,1.0026153948725502,1.063817468558789,2,0
9856,1.0,0.337979156622284,0.4804794557828243,0.16381683593290508,1.0029866780547583,1.0624546796649705,2,0
9984,1.0,0.3331751167601156,0.47687417353540984,0.18303069602234495,1.003110310319889,1.075870505548548,2,0
10112,1.0,0.32671476469126104,0.4785027875714178,0.1819265340750118,1.003110310319889,1.0731519132158667,2,0
10240,1.0,0.3147403426146509,0.4913735984750478,0.18881934169278075,1.0029866780547583,1.0701687749588367,2,0
10368,1.0,0.3200860222520664,0.47745055850977264,0.2030311840501677,1.0026153948725502,1.0716936840229414,2,0
10496,1.0,0.3236382813955134,0.46905294966308647,0.18374000670841695,1.0026153948725502,1.0641110806858045,2,0
10624,1.0,0.32272329076746054,0.4784021347342676,0.1810968168980587,1.0024915047267045,1.0647242309235465,2,0
10752,1.0,0.32244530605792854,0.47753062007431435,0.17390349516357612,1.0026153948725502,1.057817692314462,2,0
10880,1.0,0.3678137132371666,0.4894949825695552,0.21316282593657754,1.0029866780547583,1.0765121330256213,2,0
11008,1.0,0.42367953625943294,0.4974895233175554,0.21382740768792943,1.003110310319889,1.077423471768675,2,-1
11136,1.0,0.39660236197460486,0.49607146050388784,0.22086512699750568,1.0032338783315098,1.0631570636249068,2,0
11264,1.0,0.3733506872957949,0.4986970129445959,0.24693063797892228,1.0033573821759203,1.061611118512578,2,0
11392,1.0,0.3552531150085696,0.46755816400318545,0.22444745389253917,1.0027392204178478,1.0744609009711652,2,0
11520,1.0,0.3523134035547256,0.46627568806626335,0.1943611917490671,1.0029866780547583,1.0737738170673656,2,0
11648,1.0,0.3550629937566882,0.4760459688434526,0.19575541400399085,1.0032338783315098,1.0610593699591786,2,0
11776,1.0,0.3488247801719163,0.47929493832711406,0.1841375140258517,1.0032338783315098,1.0559281556684537,2,0
11904,1.0,0.35021661176823615,0.48596799812854496,0.1714511784298793,1.0032338783315098,1.0874944959351787,2,0
12032,1.0,0.3475255252664978,0.4771987457913698,0.15959862597880203,1.0028629814496335,1.0766450245409818,2,0
12160,1.0,0.33665820965796467,0.4786511617082488,0.149879467102208,1.0028629814496335,1.0636144537814742,2,0
12288,1.0,0.33581240882143776,0.4450187099357193,0.1460232325629882,1.0023675498930893,1.0636724352683975,2,0
12416,1.0,0.33952435458909364,0.4656637165848769,0.1424503137069087,1.0028629814496335,1.0627750001995488,2,0
12544,1.0,0.3394672934561575,0.48878428542702884,0.14118410909069015,1.003110310319889,1.0599415703024049,2,0
12672,1.0,0.3505161713815028,0.4678123870289575,0.1532706706444466,1.0026153948725502,1.0767943152650035,2,0
12800,1.0,0.3410360164800091,0.485522891424457,0.15019270261089182,1.003110310319889,1.0748802789524794,2,0
12928,1.0,0.3421631000165448,0.4933107373207313,0.14971554635769851,1.0032338783315098,1.0625587387111912,2,0
13056,1.0,0.3320193431770333,0.49293307122244645,0.1522429945972783,1.003110310319889,1.0535186409995707,2,0
13184,1.0,0.3395276955759072,0.4815886769731274,0.1488068875044497,1.0029866780547583,1.07564388115438,2,0
13312,1.0,0.3331759364077885,0.4888608424632695,0.15539647542877055,1.0029866780547583,1.0659812261941424,2,0
13440,1.0,0.331330637647519,0.4812478472239882,0.15164676615598377,1.0027392204178478,1.059141166574306,2,0
13568,1.0,0.31599532592567914,0.4812478472239882,0.16216720285310082,1.0027392204178478,1.052867457675769,2,0
13696,1.0,0.31529751974290954,0.4915568414868742,0.1646559517840589,1.0029866780547583,1.0726535016923868,2,0
13824,1.0,0.33760647387121,0.48923047238921563,0.18388113749466597,1.0028629814496335,1.076867402553142,2,0
13952,1.0,0.3521604548658901,0.47997530912614855,0.17743432089153924,1.0027392204178478,1.0670648412740442,2,0
14080,1.0,0.3606611799588714,0.4888608424632695,0.1807953742220569,1.0029866780547583,1.0649986558585047,2,0
14208,1.0,0.33636845813952326,0.49954715185100496,0.1601383402413677,1.0032338783315098,1.0612207162788685,2,0
14336,1.0,0.33510402919464255,0.5015398961402805,0.17005209411566263,1.0032338783315098,1.0816668957979305,2,0
14464,1.0,0.3367764892776772,0.49671821559241863,0.16510788587665162,1.0032338783315098,1.073832635375384,2,0
14592,1.0,0.3398839289884835,0.48498221693012,0.16852355753029052,1.0029866780547583,1.0634869781210086,2,0
14720,1.0,0.34239516287769556,0.48825148170454485,0.19320388636293476,1.003110310319889,1.0574961713660296,2,0
14848,1.0,0.3611519874807457,0.4818755997825332,0.18111798030753537,1.0032338783315098,1.0774570036507252,2,0
14976,1.0,0.35760128652390416,0.49126632458078096,0.18770654009300658,1.0032338783315098,1.0685291160265888,2,0
15104,1.0,0.3536734865060802,0.49373175845849204,0.19044036564667086,1.0032338783315098,1.0635222806781928,2,0
15232,1.0,0.33843033318508564,0.4778788458853539,0.17754022297687652,1.0028629814496335,1.0830523637047762,2,0
15360,1.0,0.3391517577929158,0.4774793508447932,0.16099543011542633,1.0028629814496335,1.0737086534031164,2,0
15488,1.0,0.33259686715976383,0.48487472048965985,0.16662381154633277,1.0029866780547583,1.0653480529361181,2,0
15616,1.0,0.3262851516896034,0.4733329433244799,0.17905226129401774,1.0026153948725502,1.0690391601248148,2,0
15744,1.0,0.3227810899612724,0.46685255574974227,0.1675008409012508,1.0026153948725502,1.0594660704170147,2,0
15872,1.0,0.32053432881846466,0.48359223649637767,0.18379836447324763,1.0027392204178478,1.0623355236485437,2,0
16000,1.0,0.34251829239305265,0.47994160786462536,0.21314394415933194,1.0026153948725502,1.0834327211369652,2,0
16128,1.0,0.3380114103225466,0.49207540816351736,0.2132669749885196,1.003110310319889,1.0606033027361248,2,0
16256,1.0,0.3729199139926587,0.4841310149376886,0.221152438815434,1.0029866780547583,1.0657310742708694,2,0
16384,1.0,0.36253092822852445,0.4705717021312159,0.2130222456583294,1.0026153948725502,1.0542609688712965,2,0
16512,1.0,0.3720565999266144,0.4830101317568277,0.18337012874952163,1.0028629814496335,1.0553424809979361,2,0
16640,1.0,0.31765339541842585,0.46597842456711064,0.1737566547512523,1.0024915047267045,1.072399190274955,2,0
16768,1.0,0.3245652128200275,0.4756294700944279,0.1747139124947313,1.0024915047267045,1.062959839043528,2,0
16896,1.0,0.3362881248464351,0.477894192970493,0.17031358597910334,1.0024915047267045,1.0631207641099991,2,0
17024,1.0,0.3302315158092962,0.4790476899066067,0.16652703244142467,1.0026153948725502,1.05637631111845,2,0
17152,1.0,0.3413049772832683,0.4834873657266918,0.17529136352964503,1.0027392204178478,1.0719854577035814,2,0
17280,1.0,0.33552143943431295,0.4973551262457053,0.1709174864897589,1.0032338783315098,1.0689221570452998,2,0
17408,1.0,0.33491120417868897,0.5006110127564865,0.16993093405677495,1.0034808219392384,1.0643268305572555,2,0
17536,1.0,0.3237670310177945,0.48596799812854496,0.16299914354526027,1.0032338783315098,1.0765196445428167,2,0
17664,1.0,0.3238087675303754,0.4735416166181338,0.14813729979561055,1.003110310319889,1.0661436065919023,2,0
17792,1.0,0.330019387565606,0.49302922098510915,0.16650115631150164,1.0032338783315098,1.0713167509045567,2,0
17920,1.0,0.3740175584773105,0.48840014856652153,0.1809722333161588,1.0029866780547583,1.06063846449295,2,0
18048,1.0,0.3691108871160714,0.4858871547106319,0.17868151232987345,1.0028629814496335,1.0517195210462813,2,0
18176,1.0,0.37435435211130613,0.4871137421224302,0.18209603951273723,1.0028629814496335,1.078194564104317,2,0
18304,1.0,0.3344686303407673,0.4686059917735776,0.1778434825636367,1.0024915047267045,1.0607741304099079,2,0
18432,1.0,0.3448760525404014,0.4726753914902727,0.18281047466549308,1.0027392204178478,1.0575663859842437,2,0
18560,1.0,0.34187073996437484,0.4777026092870776,0.1816241879917203,1.0028629814496335,1.0691909591219653,2,0
18688,1.0,0.34335818080987374,0.47094187227136436,0.1804808210790749,1.0026153948725502,1.0609340835859484,2,0
18816,1.0,0.32974146675486954,0.4822731090082428,0.19335756898761725,1.0027392204178478,1.0673231856349583,2,0
18944,1.0,0.33817578646370117,0.47375956819445203,0.18465500441239477,1.0024915047267045,1.0522000226328077,2,0
19072,1.0,0.3382951240904056,0.47040430424823076,0.19081921328514515,1.0023675498930893,1.0500455208770376,2,0
19200,1.0,0.3592930834649103,0.4793742299863913,0.18790078136760716,1.0026153948725502,1.087871926610536,2,0
19328,1.0,0.3773740141903128,0.46856502517265175,0.1934780573611674,1.0023675498930893,1.0811183907311575,2,0
19456,1.0,0.38495247458323284,0.4610380095022644,0.1965280455848376,1.0022435302842976,1.0603553579207565,2,0
19584,1.0,0.37579278133696653,0.4670084174182862,0.18098258208273518,1.0024915047267045,1.0544617358574206,2,0
19712,1.0,0.3482511572663341,0.4636387215689577,0.17529162724239483,1.0022435302842976,1.072052102343869,2,0
19840,1.0,0.3391133774293331,0.4515548823063593,0.1650548484108698,1.0021194458127354,1.0593739772030033,2,0
19968,1.0,0.3474811790573302,0.457023142996146,0.15666870794036183,1.0019952963906225,1.0600477847674705,2,0
20096,1.0,0.34574399857077315,0.45877842245269373,0.1592074372778058,1.0019952963906225,1.0489666304469152,2,0
20224,1.0,0.40463347154189594,0.4812478472239882,0.1967862792010697,1.0027392204178478,1.0762821363033663,2,0
20352,1.0,0.40125063418356727,0.5159577045968555,0.250612001307403,1.0034808219392384,1.0777578986611343,2,-1
20480,1.0,0.4157780853128128,0.5220189089792042,0.2699332160619918,1.0037275095661569,1.0803745521030304,2,-1
20608,1.0,0.3923077978504181,0.5145778605662088,0.2651656942375035,1.0034808219392384,1.070520134931308,2,0
20736,1.0,0.3675170499959084,0.4838671611941923,0.2054333705480607,1.0026153948725502,1.0830142652852937,2,0
20864,1.0,0.32822573292992485,0.46064589251856924,0.15999405670037026,1.0019952963906225,1.0594608631089915,2,0
20992,1.0,0.3272757362005213,0.4704818119629041,0.15282938476605804,1.0022435302842976,1.052351517698824,2,0
21120,1.0,0.3268094518377432,0.4573419788844437,0.1712610532010961,1.0021194458127354,1.078599298817499,2,0
21248,1.0,0.32504526513333115,0.47967163268642155,0.1653304852449127,1.0026153948725502,1.056646132908839,2,0
21376,1.0,0.32144340430957813,0.49494854354209256,0.161435282538505,1.0029866780547583,1.05571325955582,2,0
21504,1.0,0.3287085887513035,0.46375825914641333,0.1703392664072891,1.0023675498930893,1.0826267203533,2,0
21632,1.0,0.32826792266041993,0.4636285063382677,0.16387628763763992,1.0023675498930893,1.061787583796169,2,0
21760,1.0,0.331019904749342,0.4633434970414919,0.1677238909482292,1.0019952963906225,1.0575183554044039,2,0
21888,1.0,0.3263575868551997,0.4667785045271318,0.169459119614088,1.0021194458127354,1.0525957172010296,2,0
22016,1.0,0.3250155582537057,0.46946767346862844,0.15639053844164197,1.0022435302842976,1.0836388270806503,2,0
22144,1.0,0.34195266125694673,0.4800378372707718,0.1665089345386882,1.0026153948725502,1.0693813194797974,2,0
22272,1.0,0.34519403789004793,0.4717239382360806,0.16511769179512253,1.0024915047267045,1.0616679042533665,2,0
22400,1.0,0.3509162702462815,0.4636387215689578,0.16567858452720732,1.0022435302842976,1.0579839693385353,2,0
22528,1.0,0.34588533392609805,0.4842072738503429,0.15715949361659542,1.0026153948725502,1.053290678241925,2,0
22656,1.0,0.3366261786307017,0.48353052320496703,0.16027129579842075,1.0024915047267045,1.0758953154166448,2,0
22784,1.0,0.32893998787472867,0.4917527036497271,0.15597793601944027,1.0028629814496335,1.0731186350415014,2,0
22912,1.0,0.3245530414233661,0.4834224386564468,0.16284580217590183,1.0027392204178478,1.062524793942117,2,0
23040,1.0,0.3350496343113338,0.4806094310834546,0.180564655884317,1.0027392204178478,1.057747729780731,2,0
23168,1.0,0.3355890819729192,0.48264985658372395,0.17772296920086397,1.0027392204178478,1.0559360124659576,2,0
23296,1.0,0.3325236429353923,0.47906490467720564,0.17257325365480627,1.0027392204178478,1.074967004445658,2,0
23424,1.0,0.3334045338983685,0.48565855096934474,0.16689747713002373,1.0027392204178478,1.0653259559053327,2,0
23552,1.0,0.3441563441008578,0.4919591149565903,0.15923857998547825,1.0029866780547583,1.053307962579408,2,0
23680,1.0,0.3428516081442505,0.47675256643475455,0.16923486096781315,1.0027392204178478,1.0846563067648698,2,0
23808,1.0,0.3337550368161718,0.472099212651648,0.16589044901029834,1.0023675498930893,1.067623921317508,2,0
23936,1.0,0.32969756523075133,0.4764418688771525,0.16045264413561106,1.0024915047267045,1.0621780104283502,2,0
24064,1.0,0.3264476683609767,0.4570576182040735,0.16669561707785982,1.0019952963906225,1.0563501048167387,2,0
24192,1.0,0.33161826049251414,0.47352019760215586,0.15937866568059827,1.0024915047267045,1.0767011325376574,2,0
24320,1.0,0.33966564503564994,0.4868995402415797,0.15679848558800152,1.0029866780547583,1.0651612828915296,2,0
24448,1.0,0.336174033537695,0.48840014856652153,0.16713874484330107,1.0029866780547583,1.0569982995738563,2,0
24576,1.0,0.3365342422235421,0.48821001072546816,0.17197851412527035,1.0028629814496335,1.0511297380190807,2,0
24704,1.0,0.3224813594382641,0.4770175528389305,0.17768713261381738,1.0027392204178478,1.0802755144447427,2,0
24832,1.0,0.32045120503637126,0.47618007859751027,0.1682947615444789,1.0024915047267045,1.0625361901876538,2,0
24960,1.0,0.32018995949903795,0.47767384308649885,0.16412394475685332,1.0024915047267045,1.0597792479341195,2,0
25088,1.0,0.3190917522385845,0.49474831452119866,0.17313235432666127,1.0032338783315098,1.058615502978493,2,0
25216,1.0,0.34172043195174573,0.4985992941091082,0.16295239367985923,1.0032338783315098,1.052943473875743,2,0
25344,1.0,0.35107603141355687,0.4983567284199309,0.17296473032018395,1.0033573821759203,1.0801646477696822,2,0
25472,1.0,0.3634854422410293,0.4986694746508006,0.16984335950098148,1.0034808219392384,1.0655665053727281,2,0
25600,1.0,0.34754715152767474,0.4784335104567304,0.16057580465772314,1.0027392204178478,1.058140074016469,2,0
25728,1.0,0.3427041277033289,0.47353921831045775,0.16289710680003675,1.0024915047267045,1.0640376270232808,2,0
25856,1.0,0.3349172393012177,0.47821621386250013,0.16873074030708854,1.0024915047267045,1.0849525079603368,2,0
25984,1.0,0.3314108207738927,0.47821621386250013,0.16438662955540437,1.0024915047267045,1.0641955664291607,2,0
26112,1.0,0.3273659316190318,0.4874342729164627,0.16231035717456596,1.0027392204178478,1.0590198770200676,2,0
26240,1.0,0.3240985141887162,0.49548599457484516,0.14281316598613905,1.0029866780547583,1.0526259411513692,2,0
26368,1.0,0.31893531330874136,0.48755633215513816,0.15624746831668382,1.0027392204178478,1.0858697650075353,2,0
26496,1.0,0.3190170275344602,0.4874342729164627,0.1689092317061736,1.0027392204178478,1.0626329165650925,2,0
26624,1.0,0.3332735341695589,0.4858001936414576,0.1677233338930354,1.0027392204178478,1.0604806650863214,2,0
26752,1.0,0.3404206404255682,0.4883015709867486,0.20187476033619983,1.0028629814496335,1.0686017130974739,2,0
26880,1.0,0.4126085464514457,0.5081117500509297,0.22001950047836139,1.0034808219392384,1.0771238873423357,2,0
27008,1.0,0.4009276568630318,0.5150031786961932,0.2584718667536007,1.0034808219392384,1.0731432742070295,2,-1
27136,1.0,0.4125514778359427,0.5109109502032678,0.25253852566205065,1.0032338783315098,1.0618946988768416,2,0
27264,1.0,0.3382957011219478,0.5042388123661131,0.2416520398353449,1.0032338783315098,1.0915399629887523,2,0
27392,1.0,0.358604511644024,0.4951423377151953,0.22044182399109852,1.003110310319889,1.065907287186335,2,0
27520,1.0,0.36265105766371836,0.49327868105927114,0.20036267912652556,1.0029866780547583,1.0700751731447855,2,0
27648,1.0,0.35472881945474993,0.4888608424632695,0.1996481433754234,1.0029866780547583,1.0654881762182908,2,0
27776,1.0,0.34943601105349514,0.4876564430145503,0.18245398666149754,1.0029866780547583,1.0752669412991596,2,0
27904,1.0,0.3533057207652278,0.4851654599419464,0.17904682717845832,1.0029866780547583,1.0592689778244793,2,0
28032,1.0,0.3566513305211401,0.4933854782340528,0.15748574387348388,1.0032338783315098,1.050812467568619,2,0
28160,1.0,0.3595586607789008,0.4759279424763927,0.16748169829843051,1.0029866780547583,1.0755242284184516,2,0
28288,1.0,0.33811614030117454,0.47021220618621196,0.16766982716543097,1.0028629814496335,1.0566187625022665,2,0
28416,1.0,0.3417510721884109,0.4843125781608703,0.1650848510340128,1.0027392204178478,1.0610340738483668,2,0
28544,1.0,0.3337304292475273,0.4626182740963171,0.1916546304002383,1.0021194458127354,1.0784743567872932,2,0
28672,1.0,0.32961264874852764,0.4661425943497583,0.18639987750370368,1.0023675498930893,1.0628453780346694,2,0
28800,1.0,0.3173672093581194,0.4679188635165009,0.19517531659187382,1.0022435302842976,1.0578183892096522,2,0
28928,1.0,0.31931576221949914,0.46213837830104865,0.1800128320911327,1.0021194458127354,1.0481762900569875,2,0
29056,1.0,0.3208626808270087,0.45505814602035394,0.1658096172500076,1.0022435302842976,1.0626289734790315,2,0
29184,1.0,0.3299374720069032,0.45763320539638697,0.16420281573764156,1.0019952963906225,1.057753013553391,2,0
29312,1.0,0.33353019231220576,0.46725053269863603,0.14696410283219694,1.0022435302842976,1.050958088126454,2,0
29440,1.0,0.3307591303650846,0.44121802207302435,0.1580341798536559,1.001871081929991,1.064736364183325,2,0
29568,1.0,0.3230572613685392,0.4607315844528451,0.1471237486483809,1.0021194458127354,1.0638229466224436,2,0
29696,1.0,0.3246736835186353,0.4830837728308712,0.1362193142303549,1.0027392204178478,1.0518217655075455,2,0
29824,1.0,0.33417821018591853,0.462148095639604,0.14278698416996002,1.0026153948725502,1.0765918253468543,2,0
29952,1.0,0.3447826815695887,0.4868418433138483,0.13133499448867647,1.003110310319889,1.0675949156685507,2,0
30080,1.0,0.3450347911259098,0.4945845259058125,0.14240333968003832,1.0032338783315098,1.0588013075959366,2,0
30208,1.0,0.35571215414427293,0.49437710999021783,0.15102311426183995,1.0032338783315098,1.0519237175036056,2,0
30336,1.0,0.35086767380725703,0.4957549481368444,0.16200863497665235,1.0032338783315098,1.0820816579111034,2,0
30464,1.0,0.3457048670759548,0.48709560393065626,0.17030701689162797,1.0032338783315098,1.0644135678133912,2,0
30592,1.0,0.328190123847459,0.4884825828954804,0.17455341714994538,1.0034808219392384,1.0571434323414777,2,0
30720,1.0,0.32940872539186067,0.48228842326689525,0.17098170414524236,1.003110310319889,1.0522768562763034,2,0
30848,1.0,0.33064564592993817,0.47624298937559717,0.1650190952846221,1.0029866780547583,1.0594564893989264,2,0
30976,1.0,0.3239133672578183,0.4820778906242907,0.1684527677981175,1.0027392204178478,1.0650238269406347,2,0
31104,1.0,0.3321610401278771,0.48523639202632723,0.1598744977405147,1.0027392204178478,1.0548030899904408,2,0
31232,1.0,0.3307533525834938,0.4738447472290504,0.17437966369230376,1.0027392204178478,1.0724952033913389,2,0
31360,1.0,0.3427198903225553,0.4808996539854583,0.16975466762114638,1.003110310319889,1.073445488863158,2,0
31488,1.0,0.3429872194022008,0.5090092110632437,0.16581634059678807,1.0037275095661569,1.0666451615886967,2,0
31616,1.0,0.39472077313697623,0.5326267414773223,0.22177700659567773,1.0043431132076361,1.0676037259408613,2,0
31744,1.0,0.4305800363280943,0.5403828421086314,0.21719327331382415,1.0047117139286545,1.088552343795178,2,-1
31872,1.0,0.42143649945956574,0.5568523278531181,0.30876188443925817,1.004588910279602,1.0695592386138193,2,-1
32000,1.0,0.44118627429467505,0.5400895587526251,0.3469006856942762,1.004097062540836,1.0635159413124677,2,-1
32128,1.0,0.4470420434764593,0.5146645166367042,0.31028971148151724,1.0033573821759203,1.0628546401537449,2,-1
32256,1.0,0.442309213116053,0.5074274693941687,0.2907137911918136,1.0029866780547583,1.058617769553174,2,-1
32384,1.0,0.4196600519703191,0.48708278325340615,0.22393145904536452,1.0029866780547583,1.080814059876634,2,-1
32512,1.0,0.36173834679751554,0.4719442881200749,0.21620169748580048,1.0024915047267045,1.065476242293923,2,0
32640,1.0,0.3362959048737506,0.4787491012997723,0.16307504184679852,1.0024915047267045,1.057211678578615,2,0
32768,1.0,0.3337944963929701,0.46878537505664597,0.17607259202402833,1.0023675498930893,1.0882447893357259,2,0
32896,1.0,0.32854480658040064,0.4628386239803114,0.1624439878240556,1.0021194458127354,1.0590623749179042,2,0
33024,1.0,0.33141301808724094,0.4786569136304886,0.14941514051011667,1.0024915047267045,1.060823989085402,2,0
33152,1.0,0.3376539738839226,0.45856670598264493,0.13948770861724716,1.0021194458127354,1.061555437978485,2,0
33280,1.0,0.34645623939649,0.4538494624512296,0.13999915919868933,1.0022435302842976,1.0626346793988792,2,0
33408,1.0,0.3477557351230202,0.47315022999936734,0.15067878289528838,1.0024915047267045,1.063874326045951,2,0
33536,1.0,0.3415697995808081,0.464761553744404,0.14659991247534168,1.0022435302842976,1.0587602385691188,2,0
33664,1.0,0.3435422944406143,0.4632349808725257,0.14905576095093387,1.0023675498930893,1.068204948125763,2,0
33792,1.0,0.34229847022754706,0.48083514250451437,0.15394689915890328,1.0026153948725502,1.0675498267173584,2,0
33920,1.0,0.346878119911167,0.4848327991305066,0.13794434254426743,1.0027392204178478,1.0539036164163291,2,0
34048,1.0,0.33938061032025557,0.47036436810355786,0.13957493548437713,1.0027392204178478,1.0711024920058851,2,0
34176,1.0,0.3382719225617097,0.4750747131937431,0.14562280725982216,1.0026153948725502,1.0637875291439245,2,0
34304,1.0,0.3346876034723054,0.47767384308649885,0.14137142403066558,1.0024915047267045,1.053079545115928,2,0
34432,1.0,0.3372040818283615,0.45392924032503973,0.16168777465655887,1.0021194458127354,1.0803684788319472,2,0
34560,1.0,0.33318137285143584,0.4628386239803114,0.15354231965928702,1.0021194458127354,1.0579721053667497,2,0
34688,1.0,0.3343105558613622,0.4874342729164627,0.14009115016311227,1.0027392204178478,1.0553787619609816,2,0
34816,1.0,0.3338205462140711,0.4909616467586293,0.13755413219392285,1.0029866780547583,1.051356920747123,2,0
34944,1.0,0.3500030006627976,0.4919914954946333,0.13059240637528724,1.0032338783315098,1.073290486992891,2,0
35072,1.0,0.3513557502568231,0.4940507016868734,0.14060673521650255,1.0032338783315098,1.0643599635424938,2,0
35200,1.0,0.35504065878465146,0.4870959804744055,0.14395142287871485,1.0029866780547583,1.0616623884711163,2,0
35328,1.0,0.3431693555060979,0.46442933380202966,0.15420752546294994,1.0023675498930893,1.0638697435201576,2,0
35456,1.0,0.3585301339334148,0.47342060589845425,0.1492908928786042,1.0024915047267045,1.0866665292711648,2,0
35584,1.0,0.34917978695453966,0.48041087748568,0.14454434046597606,1.0027392204178478,1.068204403584264,2,0
35712,1.0,0.34370870698232564,0.4780299175609098,0.1577132990126929,1.0027392204178478,1.058188488363717,2,0
35840,1.0,0.3305158009865337,0.4969444919771903,0.16967435303684106,1.0032338783315098,1.059273605743582,2,0
35968,1.0,0.37820310946782526,0.5153651645744235,0.1809006940611473,1.0038507576010838,1.085158784003129,2,0
36096,1.0,0.4517201429256048,0.5408412629292247,0.21276361903518193,1.0042201196159057,1.0856736613282925,2,-1
36224,1.0,0.4861574650340887,0.5448729317070418,0.25268570035042814,1.0044660434007024,1.0832974661119739,2,-1
36352,1.0,0.4740930108273285,0.5530285143404291,0.2489343148494949,1.0047117139286545,1.0789343587220102,2,-1
36480,1.0,0.41129798875501095,0.5370370786230452,0.2577426078531465,1.004097062540836,1.0713338628838132,2,-1
36608,1.0,0.3495052768393395,0.5249983020679182,0.21877603638171067,1.0038507576010838,1.0782468387364947,2,0
36736,1.0,0.3408596138215788,0.5319539105803109,0.2180552323825239,1.0039739418975728,1.066216755188211,2,0
36864,1.0,0.36306469345561043,0.5284444130293044,0.2016887438632847,1.0038507576010838,1.0628163742109629,2,0
36992,1.0,0.3540584333160707,0.5213303842065159,0.19873458643528474,1.0039739418975728,1.0737999752699783,2,0
37120,1.0,0.36656913532071095,0.5210941162641446,0.19431013326687713,1.004097062540836,1.0687995068133982,2,0
37248,1.0,0.3641202505467828,0.5105161159870389,0.1587561716808459,1.0038507576010838,1.06343371527032,2,0
37376,1.0,0.35521057127548317,0.4749155544212802,0.14327537317788192,1.0033573821759203,1.0740523166891982,2,0
37504,1.0,0.3422937654472588,0.5015601649149329,0.13739337374900945,1.0036041977073993,1.075747912402429,2,0
37632,1.0,0.33403216750813997,0.48755165963422387,0.155557318707448,1.003110310319889,1.057400440504137,2,0
37760,1.0,0.3644783648092975,0.4940426827269467,0.19199190389353105,1.0034808219392384,1.0695771843484494,2,0
37888,1.0,0.3637404273535665,0.4980521500103698,0.21820710564414514,1.003110310319889,1.072385889963859,2,0
38016,1.0,0.38615378716248244,0.49980481728841963,0.21344468710582112,1.0032338783315098,1.0545191976400672,2,0
38144,1.0,0.3929695393475086,0.49030259354656885,0.2078456141344464,1.0029866780547583,1.0662041533696434,2,0
38272,1.0,0.3848093818888041,0.47972798368308334,0.2130101790491942,1.0027392204178478,1.0758932477930587,2,0
38400,1.0,0.3522237769136947,0.4821491395132722,0.1930936537758658,1.0029866780547583,1.0651484197349501,2,0
38528,1.0,0.34698396557079636,0.4804794557828243,0.17586512980365931,1.0029866780547583,1.0556914117975589,2,0
38656,1.0,0.3438096194500963,0.5018836177195632,0.16190092021583874,1.0036041977073993,1.0514244941193098,2,0
38784,1.0,0.35568051791556116,0.4898032887068514,0.14667477023514497,1.0032338783315098,1.080068504144483,2,0
38912,1.0,0.332477584377486,0.4817525694831167,0.15172039223441072,1.0028629814496335,1.06964672948822,2,0
39040,1.0,0.3359438564996196,0.48723552679726934,0.15461831258094744,1.0027392204178478,1.0571262104020138,2,0
39168,1.0,0.33465186760617743,0.467932867365331,0.1628237610806871,1.0023675498930893,1.08271986734857,2,0
39296,1.0,0.33349621819037684,0.47532551272061807,0.16051184049940503,1.0026153948725502,1.0619998957020491,2,0
39424,1.0,0.33296957376289854,0.4889345200294103,0.1466034741918754,1.0029866780547583,1.0628229930661641,2,0
39552,1.0,0.3308018491664567,0.46870755761088084,0.14882982019495813,1.0028629814496335,1.088224518827681,2,0
39680,1.0,0.3313195614004537,0.4824716662787216,0.1516908523877768,1.003110310319889,1.061900683662229,2,0
39808,1.0,0.33382493867808555,0.4826115253823314,0.14348105112990936,1.0029866780547583,1.0573679831628269,2,0
39936,1.0,0.3327249846727509,0.46543050831955607,0.15392754523154498,1.0026153948725502,1.0807160358989611,2,0
40064,1.0,0.3316549576652882,0.46840125012591893,0.15467230103777108,1.0026153948725502,1.0600399499880568,2,0
40192,1.0,0.3352617732113399,0.48061645300351313,0.14769759222790668,1.0027392204178478,1.0623223920953497,2,0
40320,1.0,0.3386647368507837,0.4759701417457906,0.16881685005142189,1.0026153948725502,1.0805951055128566,2,0
40448,1.0,0.3492517906498305,0.49084222366763935,0.1559163402527103,1.003110310319889,1.0600611079793283,2,0
40576,1.0,0.34765103292546695,0.5075406092841016,0.14607664662465814,1.0034808219392384,1.0640689496028704,2,0
40704,1.0,0.35514316698518417,0.49074192914320475,0.1496069805378747,1.0033573821759203,1.08135906889843,2,0
40832,1.0,0.3554844918956189,0.49137644851741935,0.15212107490337087,1.0033573821759203,1.0666784262794418,2,0
40960,1.0,0.3542473847449799,0.492242074575443,0.18303673651333485,1.003110310319889,1.0681710060089058,2,0
41088,1.0,0.34312741457457663,0.46881299405920734,0.19916426595254214,1.0028629814496335,1.0738192226934686,2,0
41216,1.0,0.3296378466541286,0.4764418688771525,0.22707508230181958,1.0024915047267045,1.078360512223579,2,0
41344,1.0,0.38595756537167664,0.4987985533119912,0.29122936537143584,1.0029866780547583,1.0714330214766796,2,0
41472,1.0,0.4044834137160463,0.5094458609041541,0.2975834267721019,1.0032338783315098,1.0729352803613879,2,-1
41600,1.0,0.4490191503105979,0.5273987460776216,0.3055005061508344,1.0036041977073993,1.0792334023737236,2,-1
41728,1.0,0.42885896981867955,0.530141230230542,0.28676642628502585,1.0038507576010838,1.0719012099385665,2,-1
41856,1.0,0.42947532442941233,0.5073792040633806,0.22400155222484644,1.0034808219392384,1.0793091826691983,2,-1
41984,1.0,0.3770601114195401,0.48201724030842524,0.2026105105489616,1.0032338783315098,1.0725000802883446,2,0
42112,1.0,0.3796955669301917,0.48649500908872806,0.1760524008188549,1.0032338783315098,1.062744856153517,2,0
42240,1.0,0.35535320682127364,0.48030310334470283,0.18412971331251277,1.003110310319889,1.0664938426286354,2,0
42368,1.0,0.3378774631450454,0.45512592753959125,0.16063560916197545,1.0026153948725502,1.066705274404072,2,0
42496,1.0,0.34301880712216953,0.4828928450652433,0.1743445726502229,1.0029866780547583,1.0652011175413492,2,0
42624,1.0,0.33901067000173085,0.46645072106969077,0.18823063214169064,1.0026153948725502,1.0676573773185052,2,0
42752,1.0,0.3333707755311399,0.4543005723927032,0.1779447121391288,1.0024915047267045,1.0583227171019505,2,0
42880,1.0,0.32670393580733476,0.4873088969953886,0.17782653766953527,1.0028629814496335,1.068204066492275,2,0
43008,1.0,0.3313839635433438,0.47785415140559334,0.17814058041074216,1.0026153948725502,1.0680775190011549,2,0
43136,1.0,0.33357082156933165,0.4548696853734141,0.16762009323842714,1.0022435302842976,1.0637521364370874,2,0
43264,1.0,0.3228222660121543,0.47767384308649885,0.1783996575048181,1.0024915047267045,1.0674140377180248,2,0
43392,1.0,0.3194454821170424,0.48523639202632723,0.17134854851251963,1.0027392204178478,1.0545290343279228,2,0
43520,1.0,0.33201107768901195,0.47258266377086156,0.1673976142290102,1.0024915047267045,1.0833390917015042,2,0
43648,1.0,0.3370440446666372,0.49548599457484516,0.17819498585505036,1.0029866780547583,1.068462327715013,2,0
43776,1.0,0.3307206917696369,0.49421827836679105,0.17310997918969828,1.0029866780547583,1.0600255053942709,2,0
43904,1.0,0.31522018739457747,0.4794512828024274,0.1930834056499917,1.0026153948725502,1.061729399175438,2,0
44032,1.0,0.3289219640645556,0.49880843805021513,0.20012365377174826,1.003110310319889,1.0602358029598913,2,0
44160,1.0,0.35065203585506627,0.4936306840567718,0.19354308153791902,1.003110310319889,1.0701298137382973,2,0
44288,1.0,0.35771995617094915,0.47977948326520486,0.18603213619049025,1.0027392204178478,1.0549431623399443,2,0
44416,1.0,0.3544638981501467,0.4667559101891892,0.1997079316896393,1.0023675498930893,1.0566196202059257,2,0
44544,0.0,0.3341702238205481,0.44194924589273715,0.21624531268177596,1.0019952963906225,1.054191768048518,2,0
44672,0.0,0.3183891764926834,0.44699707919579873,0.23085516086277605,1.001871081929991,1.0618556381172921,2,0
44800,0.0,0.339524546202566,0.46304361432518143,0.26510934494463706,1.0019952963906225,1.0656023704883935,2,-1
44928,0.0,0.3724019716814834,0.48747130770795916,0.3149768454845129,1.0026153948725502,1.0470703376857715,2,-1
45056,0.0,0.4031478075555537,0.5439819718995456,0.29699583199260193,1.004097062540836,1.0696563020433736,2,-1
45184,0.0,0.41939195563097886,0.5527866161390801,0.28572260191300436,1.0044660434007024,1.072436482480144,2,-1
45312,0.0,0.47289934779574744,0.5799424793167997,0.30627126581185116,1.0055695760821457,1.0979213534230474,0,1
45440,0.0,0.47674900894411565,0.5937175505279221,0.3397939502592894,1.0059362912021022,1.10935603103575,0,1
45568,0.0,0.4992734003277744,0.5841243540442037,0.30630870595257087,1.0056918769068104,1.0959766687389896,0,-1
45696,0.0,0.44632996054255264,0.5939382136921648,0.26229402427794135,1.0058141152526048,1.1400042496107412,0,-1
45824,0.0,0.39491801474064336,0.586636882861226,0.2780770412111153,1.0055695760821457,1.0792837490030003,2,-1
45952,0.0,0.39397314442110376,0.5867781110559951,0.2178522480017896,1.0055695760821457,1.0767593899894063,2,-1
46080,0.0,0.36900548843439407,0.557458564278172,0.17077234481671733,1.004588910279602,1.0714337752985112,2,-1
46208,0.0,0.45094528725770017,0.5549904844118365,0.22407216054855325,1.004588910279602,1.089170162845996,2,-1
46336,0.0,0.3797414194902633,0.5394856738797436,0.3070836179462622,1.0042201196159057,1.0871789911444538,2,-1
46464,0.0,0.3970497894660535,0.5238473013958345,0.19650097882788747,1.0038507576010838,1.106418187723171,2,-1
46592,0.0,0.3976285798037188,0.5509664706154596,0.23236646351989387,1.0044660434007024,1.0661093817172635,2,-1
46720,0.0,0.3988306889358738,0.5630635863907724,0.2577982110115452,1.0048344544320031,1.0749726039581031,2,-1
46848,0.0,0.41782621624727845,0.5755359511634462,0.22266544767999746,1.0052022979066102,1.0746189694939834,2,-1
46976,0.0,0.463163508454661,0.5829626973511031,0.3519119257531763,1.0054472126958651,1.1071873898424227,0,1
47104,0.0,0.4781432021687935,0.5888253022456933,0.3968522083799092,1.0056918769068104,1.1254011615847375,0,1
47232,0.0,0.48823177953859387,0.5759151856210274,0.4132670165026978,1.0052022979066102,1.1194332412806205,0,1
47360,0.0,0.5086541022832523,0.580205717199308,0.4639396111705658,1.0053247866650505,1.1315683028043713,0,1
47488,0.0,0.48565980203728715,0.5802880405809431,0.4106499208489427,1.0054472126958651,1.1083671420807648,0,1
47616,0.0,0.44712392679931307,0.544461960859687,0.33385397713978465,1.0044660434007024,1.0886453674846408,2,1
47744,0.0,0.4189398583905879,0.5348044586026478,0.2964683597323988,1.0043431132076361,1.0887901201382615,2,-1
47872,0.0,0.44877495207444973,0.5317807270482846,0.2700770121941701,1.0043431132076361,1.0758906248783704,2,-1
48000,0.0,0.4638222013275199,0.5584216682811373,0.326163668036111,1.0049571318736141,1.0851825033981293,0,1
48128,0.0,0.4848878890055949,0.5878876925415857,0.3401221577475649,1.0056918769068104,1.1030039085572076,0,1
48256,0.0,0.5080135925965484,0.596351637387277,0.4522831907805403,1.0059362912021022,1.1266100236860839,0,1
48384,0.0,0.5074185813642118,0.6032714052311199,0.3914308314203292,1.0061804562416374,1.1610293399311344,0,-1
48512,0.0,0.47526848278425726,0.5936967527871352,0.4284386556276991,1.0058141152526048,1.1231573515927107,0,1
48640,0.0,0.4806666533085169,0.5861207069258573,0.4359708310561013,1.0055695760821457,1.1141503683411147,0,1
48768,0.0,0.48067781578115987,0.5929045923967575,0.48924272724965345,1.0058141152526048,1.1294640382970145,0,1
48896,0.0,0.4956741276558072,0.5953194358596008,0.5362512690728825,1.0059362912021022,1.1414588703232795,0,1
49024,0.0,0.47821863582776336,0.5972545028713997,0.537813506140009,1.006058404837703,1.1498540106899042,0,1
49152,0.0,0.5036397296754586,0.6098724256345157,0.54981326384981,1.0065462378831733,1.156296664110099,0,1
49280,0.0,0.5037475949542082,0.6096944304444152,0.5587114488551784,1.0064243726825695,1.1491291014834937,0,1
49408,0.0,0.4915150095426841,0.6026428370536445,0.5558329848413929,1.0061804562416374,1.1505007095330986,0,1
49536,0.0,0.4777301385825711,0.5965632594362436,0.5427927978488362,1.0059362912021022,1.1446619793153465,0,1
49664,0.0,0.45845055921962496,0.5930022031121212,0.5206573728568948,1.0058141152526048,1.1412141906453415,0,1
49792,0.0,0.46312747026005674,0.5999958726942405,0.5318292061121224,1.006058404837703,1.143395853235099,0,1
49920,0.0,0.48944776162167797,0.6025046722817246,0.5542850265838747,1.0061804562416374,1.1730512459792581,0,1
50048,0.0,0.49564908060509755,0.5996059178135839,0.5493863071939742,1.006058404837703,1.153160247617944,0,1
50176,0.0,0.48485081339642816,0.6010940288825306,0.5302860531706809,1.0061804562416374,1.1393495797382627,0,1
50304,0.0,0.4781779500432581,0.5973162467090962,0.5453457284113457,1.006058404837703,1.1450005889690142,0,1
50432,0.0,0.48032623549990483,0.6017064229291162,0.564572427575351,1.0061804562416374,1.1529984239812698,0,1
50560,0.0,0.5009210676482194,0.6239791122326511,0.5406717849118013,1.0070330804540046,1.158498980564774,0,-1
50688,0.0,0.4945152788337987,0.6209042043615718,0.5537375546692925,1.0069114623836124,1.1404077807360227,0,1
50816,0.0,0.48937455474059915,0.6254159512130865,0.5401739411136249,1.0070330804540046,1.1350055119973586,0,1
50944,0.0,0.4643588892319409,0.621226286431295,0.5433360239173873,1.0069114623836124,1.1535401850666815,0,-1
51072,0.0,0.49751279475352106,0.6132297335585257,0.5110405619720843,1.0066680411793234,1.1411388419950648,0,1
51200,0.0,0.5263678016311509,0.6202192160729646,0.5092651314353706,1.0069114623836124,1.156780289443758,0,-1
51328,0.0,0.5263507704784711,0.6066861279464296,0.48266630871133237,1.0065462378831733,1.1522198832413502,0,-1
51456,0.0,0.49201845592245164,0.5980616688578302,0.5228947357834876,1.0061804562416374,1.1312858187301138,0,1
51584,0.0,0.5012437682943249,0.5957442975032055,0.5239714217463362,1.006058404837703,1.136172549474386,0,1
51712,0.0,0.4920507474368697,0.5925545553929983,0.4774726068832782,1.006058404837703,1.1104036086202567,0,1
51840,0.0,0.49294405957213516,0.5942568539522037,0.5129176747382147,1.0059362912021022,1.1245433943121717,0,1
51968,0.0,0.49446749419375957,0.5888515179254492,0.4387239288016734,1.0058141152526048,1.0960379651704388,0,1
52096,0.0,0.4951511108940796,0.5706521417696785,0.4347354904082775,1.0052022979066102,1.1128492557798102,0,1
52224,0.0,0.4755650166473491,0.5698799883725346,0.49747175108272446,1.005079746337278,1.1150850082757549,0,1
52352,0.0,0.47898018230369754,0.5631602340967151,0.4740823682015092,1.0048344544320031,1.1111364896720457,0,1
52480,0.0,0.4890551909664734,0.5713602902446016,0.485393736496474,1.005079746337278,1.1256373545368676,0,1
52608,0.0,0.5002543879955398,0.5645425450146228,0.45626008304230037,1.0049571318736141,1.1094066785116978,0,1
52736,0.0,0.5077421936720744,0.5749518360622068,0.4470590054070014,1.0052022979066102,1.0994779852664374,0,1
52864,0.0,0.5041464825321599,0.5978887780751183,0.4533109723392096,1.006058404837703,1.1229698873192155,0,1
52992,0.0,0.4923993281011656,0.5926443935870259,0.4530864454402772,1.0059362912021022,1.1202703334687882,0,1
53120,0.0,0.49675067307391535,0.6072466492262556,0.45992956988630546,1.0064243726825695,1.1333849538383318,0,1
53248,0.0,0.517216441462666,0.5891914070058346,0.45966902543497173,1.0058141152526048,1.1398178055951924,0,1
53376,0.0,0.5113829480957437,0.5700973527542317,0.48860203879789094,1.0052022979066102,1.1074366332158785,0,1
53504,0.0,0.4880730274981485,0.5718734661296389,0.5095597749679563,1.0052022979066102,1.1119578187831871,0,1
53632,0.0,0.4960012590159936,0.5633011789324197,0.5246657236980969,1.0049571318736141,1.1150507233916376,0,1
53760,0.0,0.4739852229667169,0.5755899651748206,0.5564576363573291,1.0053247866650505,1.123802981553444,0,1
53888,0.0,0.4959658384681721,0.5721377332619779,0.5565716455541946,1.0052022979066102,1.1143610361201668,0,1
54016,0.0,0.4582830684972448,0.5623425518110183,0.5303935368256746,1.0048344544320031,1.1092824019053589,0,1
54144,0.0,0.484305845361573,0.5633644795968522,0.5442716453470019,1.0048344544320031,1.1115388368564265,0,1
54272,0.0,0.4743936323718047,0.5621837697816062,0.5167401185258077,1.0047117139286545,1.1020697538304536,0,1
54400,0.0,0.5017709520229786,0.5736101595483312,0.48471894653066505,1.005079746337278,1.1164171183660356,0,1
54528,0.0,0.436128524482155,0.5697031664305556,0.4805018934381933,1.0049571318736141,1.1208937266283496,0,1
54656,0.0,0.5450985931830933,0.569332448433627,0.3531299454078149,1.0049571318736141,1.1239255498323049,0,-1
54784,0.0,0.5427564518180045,0.561227748176065,0.3412223002673354,1.0047117139286545,1.1296965431950667,0,-1
54912,0.0,0.4998723491653151,0.5523231446391217,0.3326283053759386,1.0044660434007024,1.0968808937431695,0,-1
55040,0.0,0.4484420818489441,0.5467282694407908,0.4051680636978413,1.0042201196159057,1.101965565479227,0,1
55168,0.0,0.4299132295424772,0.5515453550821784,0.45227114986370814,1.0043431132076361,1.0880234210905768,0,-1
55296,2.0,0.43644377047004007,0.5417357825368574,0.469637395951036,1.004097062540836,1.075915700759398,0,-1
55424,2.0,0.42726537331395725,0.5286082035978228,0.5015758147535204,1.0038507576010838,1.0909791874122958,0,-1
55552,2.0,0.3691827098077061,0.5319598646721758,0.5131320206013946,1.0039739418975728,1.092865839063105,2,-1
55680,2.0,0.3776079361241676,0.5271350655465182,0.4954556924493987,1.0037275095661569,1.0949071338400411,2,-1
55808,2.0,0.39573582228032855,0.54295142166362,0.5021476724211437,1.004097062540836,1.083122633432114,0,-1
55936,2.0,0.413984927204889,0.5727274633926002,0.5067040311204398,1.005079746337278,1.125491731827466,0,-1
56064,2.0,0.4417619252645107,0.5924824289805767,0.5465666143010881,1.0058141152526048,1.1517415246675005,0,1
56192,2.0,0.48567108831517347,0.6126211393216682,0.5520945318929569,1.0065462378831733,1.1682876093979886,0,1
56320,2.0,0.46316378486006576,0.6157809380979159,0.5652684643167174,1.0066680411793234,1.1705183890959296,0,1
56448,2.0,0.45301362206674056,0.6090950162198997,0.5546397748428961,1.0064243726825695,1.154077960777176,0,1
56576,2.0,0.46509363397871356,0.612989532195945,0.5697287784676828,1.0065462378831733,1.1631613287463112,0,1
56704,2.0,0.5170979001356529,0.6095592412069113,0.5813900546054264,1.0064243726825695,1.1668915007052276,0,1
56832,2.0,0.47465380567112486,0.5987403362499851,0.5507169527932927,1.006058404837703,1.138394958118137,0,1
56960,2.0,0.4217485448298433,0.5730496480068006,0.547454773290381,1.005079746337278,1.1180202811893045,0,-1
57088,2.0,0.3519745573632101,0.548273805533058,0.5004957742644138,1.0044660434007024,1.0885042873890585,2,-1
57216,2.0,0.36212186341894925,0.5621110910686075,0.5218438363993506,1.0048344544320031,1.0938388982839726,0,-1
57344,2.0,0.383203463684495,0.5789946018634134,0.532277550483942,1.0054472126958651,1.1111945122613969,0,-1
57472,2.0,0.46982731845575687,0.6090144827447761,0.534710751277291,1.0065462378831733,1.1421961161745517,0,1
57600,2.0,0.500754441576795,0.6147434209473112,0.5186108275377933,1.0066680411793234,1.155529856499312,0,1
57728,2.0,0.5105675587212302,0.6020241040318858,0.531994048203469,1.0061804562416374,1.1612154817746605,0,1
57856,2.0,0.5032437720184957,0.5958475862894315,0.5745144756165398,1.0059362912021022,1.162659046660726,0,1
57984,2.0,0.47867790220785883,0.5846678442904394,0.5560170272583339,1.0055695760821457,1.1411954024221571,0,1
58112,2.0,0.49300938237770925,0.5957442650561463,0.555020613964121,1.0059362912021022,1.1500115314114259,0,1
58240,2.0,0.45993454826059665,0.5975353590830502,0.5682685933452145,1.006058404837703,1.1610195174953273,0,1
58368,2.0,0.48336377649060824,0.5948322541010966,0.5695575328914494,1.006058404837703,1.1551709150615743,0,1
58496,2.0,0.4850872956073806,0.5896924362281643,0.5718704349191727,1.0059362912021022,1.1400671419202097,0,1
58624,2.0,0.4865322500956256,0.5896210212807607,0.5690704960284598,1.0056918769068104,1.1426262988076543,0,1
58752,2.0,0.45603149000967524,0.5828168836167206,0.5825875835508567,1.0054472126958651,1.1364429639872446,0,1
58880,2.0,0.44882126324948635,0.5873161778088287,0.5937703013730667,1.0055695760821457,1.1442354685341565,0,1
59008,2.0,0.4748910469231246,0.5871911557709959,0.5587928555065914,1.0055695760821457,1.1410234858052948,0,1
59136,2.0,0.5220638365036802,0.5883355760725408,0.5702359285366424,1.0056918769068104,1.163012846313146,0,1
59264,2.0,0.5218222287632026,0.5914312103011837,0.5629797652912001,1.0058141152526048,1.155667776157188,0,1
59392,2.0,0.5133725643674564,0.5961227719227304,0.5798529081968008,1.0059362912021022,1.1444875793006972,0,1
59520,2.0,0.5019213669620832,0.6050441647670964,0.5699625532504455,1.0063024454959635,1.1678847965670895,0,1
59648,2.0,0.5057657917155903,0.5991053139925645,0.5793433754972543,1.006058404837703,1.1711863204830646,0,1
59776,2.0,0.5263364906128066,0.6063981791822497,0.5899079534440217,1.0063024454959635,1.1772665271883391,0,1
59904,2.0,0.533331025328892,0.6119829279864115,0.5885117938019032,1.0065462378831733,1.2005371653194852,0,-1
60032,2.0,0.5155373917682884,0.6029893813096349,0.6054172119788525,1.0061804562416374,1.1560083060052573,0,1
60160,2.0,0.5024110839996158,0.6119478766154676,0.5907672930402568,1.0065462378831733,1.1769876837657092,0,1
60288,2.0,0.506603144495572,0.6011413986679925,0.5776255620123901,1.0061804562416374,1.1584143507149889,0,1
60416,2.0,0.49026659118528737,0.5869491524222137,0.572150241132364,1.0056918769068104,1.1555274217114313,0,1
60544,2.0,0.48728481786623884,0.5836561748580255,0.5420330861342888,1.0056918769068104,1.1718165171748527,0,1
60672,2.0,0.4920347054774774,0.5797594508385071,0.5417369792907901,1.0054472126958651,1.160563386265688,0,1
60800,2.0,0.48508917200156115,0.5884096052248398,0.5410612871536525,1.0058141152526048,1.1809067272106142,0,1
60928,2.0,0.4786894650463266,0.6033170792286687,0.5575514695402883,1.0063024454959635,1.1649089685029732,0,1
61056,2.0,0.5159500734599881,0.6098491229959226,0.5789525167571298,1.0065462378831733,1.171421250011144,0,1
61184,2.0,0.5323375085728191,0.6098512432129436,0.573696995851994,1.0065462378831733,1.1788121370052445,0,1
61312,2.0,0.5312343056826715,0.602247592476422,0.5632740296497808,1.0063024454959635,1.1579888807099905,0,1
61440,2.0,0.5051877070997938,0.6087606861995163,0.5959953526913601,1.0065462378831733,1.1824648789957808,0,1
61568,2.0,0.5144654432759376,0.6076817605598053,0.569301491168744,1.0065462378831733,1.1757739569649326,0,1
61696,2.0,0.507141999964914,0.6012292292424762,0.5561311227934029,1.0063024454959635,1.172123294786359,0,1
61824,2.0,0.49472537989913523,0.5993301879674712,0.5754856990604296,1.006058404837703,1.1733952881702543,0,1
61952,2.0,0.47479030980932674,0.5876967697044235,0.577731009913828,1.0056918769068104,1.156151335426076,0,1
62080,2.0,0.4627492775341742,0.5794808491503181,0.5650903703272002,1.0054472126958651,1.1493070662622795,0,1
62208,2.0,0.456129010369873,0.5878242424908027,0.5903860762294967,1.0058141152526048,1.1526363234698556,0,1
62336,2.0,0.48190910597786396,0.610990464213642,0.5582338299419707,1.0069114623836124,1.181129740229824,0,1
62464,2.0,0.5027248267540859,0.6263286586307564,0.5699478765251693,1.007397565508174,1.1952484667950747,0,-1
62592,2.0,0.5384531024476824,0.6337212319148009,0.4676337947219796,1.007518937742366,1.2356580452519361,0,-1
62720,2.0,0.5550025240773829,0.6321751846449346,0.47752027548486575,1.007397565508174,1.214884556118327,0,-1
62848,2.0,0.5437448946410521,0.6108948129661058,0.5631048972989234,1.0065462378831733,1.1880041939862958,0,1
62976,2.0,0.5254625736698968,0.6000994015918689,0.615111408918934,1.0061804562416374,1.1929180896884937,0,1
63104,2.0,0.4923493447752929,0.5910246920047328,0.5887334852348055,1.0059362912021022,1.1843796706041982,0,1
63232,2.0,0.5013403727077945,0.5893661514554659,0.5543167443281026,1.0059362912021022,1.1566242477675075,0,1
63360,2.0,0.5117235954245514,0.5873191915614238,0.5536800738879303,1.0058141152526048,1.1725323780366232,0,1
63488,2.0,0.5512456499958773,0.5876720261167457,0.4225393420589024,1.0058141152526048,1.1546481501849823,0,-1
63616,2.0,0.42432574669837264,0.585458510440058,0.3292209358757038,1.0056918769068104,1.110708326842228,0,-1
63744,2.0,0.432742220095365,0.5752499868029836,0.32061934630557215,1.0053247866650505,1.1103847413880745,0,-1
63872,2.0,0.425674437883161,0.5746176078030186,0.3486118227275736,1.0053247866650505,1.1201540940834327,0,-1
64000,2.0,0.5103826893005196,0.5652286368093604,0.4607282689880473,1.0049571318736141,1.1539385251960712,0,-1
64128,2.0,0.47563203950783217,0.5583078008960676,0.5559792733618332,1.0048344544320031,1.1568378569267501,0,1
64256,2.0,0.4942352505405278,0.5684025279021279,0.5499293287126084,1.005079746337278,1.1564504453118916,0,1
64384,2.0,0.48794748792234083,0.5666593577692614,0.5617623086149146,1.0052022979066102,1.1507547265736322,0,1
64512,2.0,0.46413907746609057,0.5636837644271754,0.5732631915802399,1.005079746337278,1.1388374471974296,0,1
64640,2.0,0.4797326819497382,0.5700973527542316,0.5353819687265268,1.0052022979066102,1.132019617236623,0,1
64768,2.0,0.4893979003687457,0.5727374815242622,0.5319603104488961,1.0052022979066102,1.145071375503574,0,1
64896,2.0,0.4878283789038305,0.5647295974026951,0.5207214591671666,1.0049571318736141,1.129528812403088,0,1
65024,2.0,0.48003510035660957,0.5626475186079688,0.4969420783841237,1.0049571318736141,1.12803229231646,0,1
65152,2.0,0.5245292528005534,0.5705801972226215,0.5399379475985109,1.0052022979066102,1.1502111900018395,0,1
65280,2.0,0.5015000479915953,0.5718474490602363,0.576977829294393,1.0052022979066102,1.1409024404721897,0,1
65408,2.0,0.5079241262335464,0.5818099055636035,0.572674662781141,1.0054472126958651,1.1466037805844458,0,1
65536,2.0,0.4898794405501698,0.5935660770311398,0.5553939432458672,1.0058141152526048,1.14449120015752,0,1
65664,2.0,0.4921550455586488,0.5766812317997202,0.5807455444430771,1.0052022979066102,1.1389107801946499,0,1
65792,2.0,0.5058786316288313,0.5880472223677427,0.5515140626038477,1.0056918769068104,1.123330568064504,0,1
65920,2.0,0.5204691399982126,0.586444473080853,0.5322286005708184,1.0056918769068104,1.1493876126480025,0,1
66048,2.0,0.5306485245529654,0.5782708131069373,0.5331929511158945,1.0054472126958651,1.1390526184302474,0,1
66176,2.0,0.5225896188009057,0.589274851065112,0.481711304008258,1.0059362912021022,1.1453474860513142,0,1
66304,2.0,0.5043283415831175,0.5828155084966125,0.5480030195917704,1.0055695760821457,1.155630732378649,0,1
66432,2.0,0.5013308784548722,0.5794808547893017,0.5139951985272698,1.0054472126958651,1.1275797960963576,0,1
66560,2.0,0.49676106350999943,0.5829926758661652,0.5075907793340415,1.0055695760821457,1.1532375550224654,0,1
66688,2.0,0.5312318459095544,0.5750603787818714,0.5464804452578164,1.0053247866650505,1.1435427287959865,0,1
66816,2.0,0.536677829889476,0.5839016708275234,0.551267407200435,1.0055695760821457,1.1554629187161387,0,1
66944,2.0,0.5332667997605341,0.6023569508791742,0.5560517696863346,1.0061804562416374,1.159524475411106,0,1
67072,2.0,0.509803240540081,0.5941627688901939,0.5577811654839993,1.0059362912021022,1.1561544427430628,0,1
67200,2.0,0.5054070549979409,0.599929384969978,0.5267226074166446,1.006058404837703,1.1514329724301324,0,1
67328,2.0,0.5060287904149693,0.5999415042670558,0.5144340368435293,1.006058404837703,1.1595843198721956,0,1
67456,2.0,0.5098709465156042,0.5934192166139068,0.5479871620288794,1.0058141152526048,1.1526706739910384,0,1
67584,2.0,0.5169694737555479,0.5961333881085805,0.5097741414836475,1.0059362912021022,1.163466929433442,0,1
67712,2.0,0.5364005285159611,0.5837900157017667,0.5110291446784669,1.0054472126958651,1.1433090275983857,0,1
67840,2.0,0.5007270608792429,0.567884419388346,0.519651166150253,1.0049571318736141,1.1307422826680495,0,1
67968,2.0,0.521197337936901,0.5526941977337102,0.4739573538024322,1.0044660434007024,1.1107893214309328,0,-1
68096,2.0,0.4883392154847139,0.5368123682881051,0.5088560114241316,1.0039739418975728,1.0907784613836582,0,-1
68224,2.0,0.4505871973923553,0.5380795867624676,0.5382102182958309,1.0039739418975728,1.106786814014238,0,-1
68352,2.0,0.39007701024600866,0.5427766466781636,0.49489270392619283,1.0042201196159057,1.0979495619666855,0,-1
68480,2.0,0.3421859709975313,0.5564568603212713,0.5159854399087404,1.004588910279602,1.1011176253711321,0,-1
68608,2.0,0.40563771122361697,0.580670010884971,0.5410916198732562,1.0054472126958651,1.1359333367742066,0,-1
68736,2.0,0.4300255753053875,0.582373546656803,0.5505831283321982,1.0054472126958651,1.141068021557198,0,1
68864,2.0,0.3927759728700899,0.586636882861226,0.5108256237659907,1.0055695760821457,1.1274941655549213,0,-1
68992,2.0,0.38250601579556637,0.5925704674933714,0.5264598310891307,1.0058141152526048,1.1284566286883522,0,-1
69120,2.0,0.4015192215034121,0.5904182811768637,0.5351283232342364,1.0056918769068104,1.146465377143098,0,-1
69248,2.0,0.482684055798919,0.6071183801444363,0.559165032913141,1.0064243726825695,1.1649308769800488,0,1
69376,2.0,0.44946857698383413,0.5963851374005952,0.5728163728247632,1.006058404837703,1.1593407703854843,0,1
69504,2.0,0.4617259266215307,0.5969070865283443,0.586480542267457,1.0061804562416374,1.1577731174092751,0,1
69632,2.0,0.4302596314376702,0.5918848256774829,0.5935391955042734,1.0059362912021022,1.1568880287500196,0,1
69760,2.0,0.46601481793053384,0.5950169207117995,0.600998760630414,1.0059362912021022,1.1272623226487877,0,1
69888,2.0,0.4816173170836964,0.5986809550754314,0.6004032335776492,1.0061804562416374,1.1470253545740907,0,1
70016,2.0,0.4949796277695475,0.5978476331782305,0.5785338300666266,1.0061804562416374,1.1514742334690649,0,1
70144,2.0,0.46079001691235466,0.6008979011923968,0.5492439178765008,1.0063024454959635,1.1441782921121202,0,1
70272,2.0,0.4770863063216888,0.5980726679397689,0.5626439199807658,1.0063024454959635,1.1740311350546677,0,1
70400,2.0,0.4489054406409336,0.5985045361773187,0.521002068847131,1.0063024454959635,1.1535935993150983,0,1
70528,2.0,0.45928723968872537,0.5869458609346092,0.5546313783930139,1.0058141152526048,1.1418157555654043,0,1
70656,2.0,0.4707304882016354,0.5750850673007388,0.5354656697939404,1.0054472126958651,1.1296363855909355,0,1
70784,2.0,0.4901521877772587,0.566206014903594,0.5038426007405398,1.0052022979066102,1.1270911179678789,0,1
70912,2.0,0.49183574586085327,0.5742539990044765,0.5271457711490793,1.0054472126958651,1.1280146414600583,0,1
71040,2.0,0.46691248492319026,0.5748105917640715,0.5264295677030363,1.0055695760821457,1.1430833225011974,0,1
71168,2.0,0.48519482273644426,0.591609640044184,0.5560902239713839,1.0059362912021022,1.141476613083893,0,1
71296,2.0,0.5045313490107664,0.5938568153327858,0.5541320572948613,1.006058404837703,1.160209333043087,0,1
71424,2.0,0.5097900780573134,0.5930963253163307,0.5562262039665015,1.0059362912021022,1.155373170021927,0,1
71552,2.0,0.5048671862755025,0.5941548410515499,0.558470502874427,1.0059362912021022,1.1579360007416428,0,1
71680,2.0,0.4884271444696658,0.594977160316966,0.5766133643039937,1.006058404837703,1.17983003458198,0,1
71808,2.0,0.48130861896277505,0.5950808702901762,0.5998779608708111,1.0059362912021022,1.1711319043368948,0,1
71936,2.0,0.5420336662200136,0.5993307321802849,0.5672564705497979,1.006058404837703,1.1679722808098154,0,1
72064,2.0,0.5268365129616349,0.5966159928561353,0.5434567506161255,1.0059362912021022,1.1706894151966365,0,1
72192,2.0,0.5134590292808414,0.5867708141534698,0.5421420018109868,1.0055695760821457,1.1578478955800624,0,1
72320,2.0,0.5052938373120441,0.5736302085290835,0.5382488371464564,1.0052022979066102,1.1440155320918084,0,1
72448,2.0,0.4754677273577399,0.5656431162117276,0.5123104050335698,1.005079746337278,1.131909349960019,0,1
72576,2.0,0.43047012525047396,0.5675386907291307,0.5214648751292891,1.0053247866650505,1.1388735493101798,0,1
72704,2.0,0.4597650138902048,0.5713007266174638,0.5603574137779926,1.0054472126958651,1.1438412617614921,0,1
72832,2.0,0.49263856365076386,0.5882779551694779,0.5819041005972603,1.0059362912021022,1.141888805803925,0,1
72960,2.0,0.49824798289308664,0.5909993274559933,0.5903992065810085,1.0059362912021022,1.1457674314868656,0,1
73088,2.0,0.48329009447087007,0.5984988210287622,0.5853978909982194,1.0061804562416374,1.1537485529247067,0,1
73216,2.0,0.5127916536349695,0.6034801795280166,0.5769909721627239,1.0064243726825695,1.1617159206664227,0,1
73344,2.0,0.5359010562531517,0.5959505914391816,0.5425008439953769,1.0061804562416374,1.1661443369305526,0,1
73472,2.0,0.5224197878238471,0.5966794998274287,0.5381697127566929,1.006058404837703,1.1592694646314474,0,1
73600,2.0,0.4945335587972264,0.5988635309100313,0.5521922289489868,1.0061804562416374,1.1522881501378774,0,1
73728,2.0,0.47064826769841794,0.5977448940710306,0.555383511529276,1.006058404837703,1.1560943811491124,0,1
73856,2.0,0.4932306911434181,0.6079720944349291,0.5486038083103308,1.0064243726825695,1.161049732755405,0,1
73984,2.0,0.4948995447769887,0.6085706746862162,0.5629546892009373,1.0064243726825695,1.162312355675673,0,1
74112,2.0,0.505269796971497,0.6049623821134815,0.5736704036410019,1.0063024454959635,1.1647934787273468,0,1
74240,2.0,0.510960668552302,0.6102371038015645,0.547016333395379,1.0065462378831733,1.1600258301783752,0,1
74368,2.0,0.518182165010866,0.6049659314083273,0.5744907590521483,1.0063024454959635,1.174157138517359,0,1
74496,2.0,0.5439199819062873,0.6053464935934962,0.5506586886653374,1.0064243726825695,1.1644296552212339,0,1
74624,2.0,0.5531161471611614,0.6081766298352724,0.5584432674152248,1.0065462378831733,1.162948977107629,0,1
74752,2.0,0.5415929732857578,0.6007809165086725,0.599678961121682,1.0061804562416374,1.1453697212246652,0,1
74880,2.0,0.516557081355184,0.5877507183048261,0.5935220801720545,1.0056918769068104,1.1582741967711063,0,1
75008,2.0,0.5406846825561041,0.6027714504534857,0.5825952749463277,1.0061804562416374,1.1607625545111748,0,1
75136,2.0,0.5328298957723111,0.5998465450526197,0.5618156861607566,1.006058404837703,1.1539988812781428,0,1
75264,2.0,0.5230721424118588,0.5932941929675444,0.5473461292102867,1.0058141152526048,1.1543288608328146,0,1
75392,2.0,0.4997972405960039,0.5994004027914194,0.5781416975429371,1.006058404837703,1.1803372993595305,0,1
75520,2.0,0.45464824852914737,0.5898425561276334,0.5696410388135688,1.0056918769068104,1.1662823998639833,0,1
75648,2.0,0.4755568994062239,0.5953845507185941,0.5938423216752421,1.0059362912021022,1.1676092868193166,0,1
75776,2.0,0.4778968286141806,0.6056568748157489,0.5590296558044637,1.0064243726825695,1.171655976500389,0,1
75904,2.0,0.48799322502095893,0.5998237174096416,0.5557514968603969,1.0061804562416374,1.1719302288543085,0,1
76032,2.0,0.48055013627212745,0.6001771364017096,0.5631228148054577,1.0061804562416374,1.172906877522887,0,1
76160,2.0,0.47597728669237815,0.5874141550274002,0.566058107228992,1.0056918769068104,1.1701488325797442,0,1
76288,2.0,0.49893091549155943,0.5883355760725408,0.5481568701313513,1.0056918769068104,1.156115512890001,0,1
76416,2.0,0.5058251120553798,0.5947266612091419,0.5841448272929498,1.0059362912021022,1.159989821503258,0,1
76544,2.0,0.5064054426319539,0.5910625846778486,0.5675581392780965,1.0058141152526048,1.1432565561111858,0,1
76672,2.0,0.49683844204963734,0.6011213654560686,0.5532288537916302,1.0061804562416374,1.1385368185856646,0,1
76800,2.0,0.4989346975575235,0.5899260170684061,0.5819042949990524,1.0058141152526048,1.1504802910942902,0,1
76928,2.0,0.5173072898144914,0.5977800117682784,0.5960402777419892,1.006058404837703,1.144873452590459,0,1
77056,2.0,0.5151626488137129,0.5986808597961973,0.5268008600993016,1.006058404837703,1.1527720388024223,0,1
77184,2.0,0.5235349463819786,0.5890216671201692,0.5685023207365141,1.0056918769068104,1.1476103259562396,0,1
77312,2.0,0.5129387677280627,0.5926402345595448,0.5645399912248615,1.0058141152526048,1.1613037908406758,0,1
77440,2.0,0.49769825769512643,0.5829254928042271,0.5498254278776712,1.0054472126958651,1.1491697088565251,0,1
77568,2.0,0.505337365180611,0.5905340528442814,0.5458491171896267,1.0056918769068104,1.1514224875293328,0,1
77696,2.0,0.5016803000083631,0.5938953192163292,0.5451631411493431,1.0058141152526048,1.1475564745285807,0,1
77824,2.0,0.49411951878716454,0.5936913925736611,0.5318819305025088,1.0058141152526048,1.1396107791110854,0,1
77952,2.0,0.48680603382977244,0.6034469684176106,0.552586256379506,1.0061804562416374,1.1271083405648255,0,1
78080,2.0,0.50370955852382,0.5967958031968044,0.5699449784256286,1.0059362912021022,1.139197029760736,0,1
78208,2.0,0.5068774527449259,0.5931345766128309,0.5752516417895176,1.0058141152526048,1.1296540738543581,0,1
78336,2.0,0.5005133519939875,0.5864956285201708,0.5609684486787114,1.0055695760821457,1.1323505731045955,0,1
78464,2.0,0.4949486057382749,0.5859297840886952,0.5552322599830262,1.0055695760821457,1.1282174154209583,0,1
78592,2.0,0.49474801403873775,0.5894010272949238,0.5382530275349622,1.0056918769068104,1.1315282750097015,0,1
78720,2.0,0.508689600831098,0.5872070246128394,0.5096587624900704,1.0056918769068104,1.1349676351799427,0,1
78848,2.0,0.48417568863913135,0.5896209779154616,0.5503398233568025,1.0056918769068104,1.1419833648516733,0,1
78976,2.0,0.4988889882734099,0.5925864464387532,0.5471641129929138,1.0058141152526048,1.1194306667158422,0,1
79104,2.0,0.49491278333751415,0.5867365053080341,0.5603772180763884,1.0055695760821457,1.139193365604411,0,1
79232,2.0,0.5112936426229622,0.5884367873856903,0.5479535362471716,1.0056918769068104,1.1367273173799817,0,1
79360,2.0,0.499146904710821,0.5875895357946072,0.527628048337491,1.0056918769068104,1.1230989406481389,0,1
79488,2.0,0.48887395266204636,0.581796438846666,0.5451825476907655,1.0054472126958651,1.1251658471059907,0,1
79616,2.0,0.48977235325371404,0.5823218731150104,0.5522286911744161,1.0054472126958651,1.128259302798152,0,1
79744,2.0,0.4886612737701245,0.5760770380169385,0.4983475336693965,1.0052022979066102,1.1270312150266322,0,1
79872,2.0,0.4422492578704528,0.5666670002306448,0.5460513178635996,1.0048344544320031,1.1151209186593205,0,-1
80000,2.0,0.4522971264602153,0.5700385430363459,0.5297906508726998,1.0049571318736141,1.110665854068471,0,-1
80128,2.0,0.4643143524524318,0.5704047272724607,0.5365663658793952,1.0049571318736141,1.1332096488990238,0,1
80256,2.0,0.5263492995139228,0.5805281191734297,0.4980679648532558,1.0053247866650505,1.121475828515675,0,1
80384,2.0,0.5315582291341763,0.5789393741716017,0.4976222496528417,1.0053247866650505,1.1252734114704497,0,1
80512,2.0,0.5059936845388784,0.5678380005122043,0.49340892701114925,1.0049571318736141,1.112228688709488,0,1
80640,2.0,0.5029676243721141,0.5686562023455535,0.510339774126894,1.0049571318736141,1.1274314211209342,0,1
80768,2.0,0.4759892488281617,0.5728668305371377,0.5141507150255058,1.005079746337278,1.1278628771650103,0,1
80896,2.0,0.4979687051274002,0.5930090696508663,0.5326247316160426,1.0058141152526048,1.1463530650297502,0,1
81024,2.0,0.4961740198712634,0.5925988309495489,0.5296877068208494,1.0058141152526048,1.136471116689069,0,1
81152,2.0,0.48839611603068966,0.6054427682366496,0.4571133401099767,1.0063024454959635,1.1299549960386122,0,-1
81280,0.0,0.5055464989231223,0.5999247784113889,0.4605993375889348,1.006058404837703,1.1373198892579404,0,1
81408,0.0,0.518796958157649,0.6005617868359685,0.5316597106688327,1.006058404837703,1.1471362882312957,0,1
81536,0.0,0.5492869071795544,0.6092297704339102,0.5393818532843317,1.0064243726825695,1.1406015981932096,0,-1
81664,0.0,0.528191120224678,0.5994663493991408,0.5109620401088801,1.006058404837703,1.1408989374293217,0,1
81792,0.0,0.5383647664863233,0.6020241040318858,0.5402836057289747,1.0061804562416374,1.1744576917472744,0,-1
81920,0.0,0.4911406860670722,0.5825806450321596,0.5299720112923656,1.0055695760821457,1.1441513903856362,0,1
82048,0.0,0.4552218308102022,0.551338962158082,0.4555741308894515,1.0048344544320031,1.1279049733029745,0,1
82176,0.0,0.48695533205045166,0.5499883420175545,0.45934022487299875,1.0047117139286545,1.1293474273376054,0,1
82304,0.0,0.4693271634597099,0.5454679026395518,0.41510474687658117,1.004588910279602,1.1156090291596505,0,1
82432,0.0,0.49099035181749656,0.544691892120806,0.4203993316762918,1.0044660434007024,1.1199472796212901,0,1
82560,0.0,0.47910651844536073,0.5347210795448731,0.41057651765521513,1.0042201196159057,1.1044677058597292,0,1
82688,0.0,0.4378376435059944,0.5186562108696117,0.3679720906249086,1.0039739418975728,1.0916993109248108,2,1
82816,0.0,0.41576981315085954,0.49019506066584334,0.3151502555817182,1.0036041977073993,1.086824217589946,2,-1
82944,0.0,0.4291090216708373,0.47677052071012815,0.27401184503129955,1.0034808219392384,1.0873574904713932,2,-1
83072,0.0,0.4336552463617838,0.4719081829450779,0.27274049245358195,1.0034808219392384,1.0839598636578287,2,-1
83200,0.0,0.4253413245946055,0.456215184086474,0.2530670211057318,1.0033573821759203,1.0898056260248985,2,-1
83328,0.0,0.44247170120659174,0.4737099077251294,0.24783213711029198,1.0036041977073993,1.0862215712731154,2,-1
83456,0.0,0.44010543311707684,0.5092890371812129,0.25374972426842113,1.004097062540836,1.0966271751322834,2,-1
83584,0.0,0.4405704234559624,0.5396052374666171,0.27473977673795236,1.0047117139286545,1.0893569065961926,2,1
83712,0.0,0.45605098442118863,0.5694917980509316,0.28692148468823475,1.0052022979066102,1.0884248644690193,0,1
83840,0.0,0.43104868467642987,0.5692340713007721,0.31836884507799307,1.0053247866650505,1.1006555231762238,0,1
83968,0.0,0.4253966661436687,0.5618932395989,0.3035151840828591,1.0053247866650505,1.0940755275102776,0,1
84096,0.0,0.41980101087805644,0.5676910848618197,0.36925562897265435,1.0052022979066102,1.094951604111785,0,1
84224,0.0,0.4560854083989679,0.5661876054076657,0.4269648007288746,1.0052022979066102,1.120792394499619,0,1
84352,0.0,0.4749669817308756,0.5626430355633265,0.514652021951239,1.0049571318736141,1.1194094073801888,0,1
84480,0.0,0.49076741840476606,0.5739123621540577,0.5463094320317519,1.0052022979066102,1.1109715081494294,0,1
84608,0.0,0.49815348546323107,0.5854130801844087,0.5609981647224113,1.0055695760821457,1.1217518307515684,0,1
84736,0.0,0.5116853032831825,0.5961651753065914,0.5598860947352845,1.0059362912021022,1.134011076091741,0,1
84864,0.0,0.506042099417202,0.5921964940832197,0.5546007514880327,1.0058141152526048,1.1258820821962252,0,1
84992,0.0,0.4889804878321732,0.5937175505279222,0.518464415503046,1.0059362912021022,1.12654901626851,0,1
85120,0.0,0.4682589395099161,0.5963754094987052,0.4963825143553091,1.0059362912021022,1.1293665164469253,0,1
85248,0.0,0.47224679838622907,0.6004135123470463,0.4628845477811128,1.006058404837703,1.1225416620916007,0,1
85376,0.0,0.4929348528049641,0.5959438586051875,0.5141107515151098,1.0059362912021022,1.1282384532241008,0,1
85504,0.0,0.4494925222911711,0.5798776917592936,0.5126500799100349,1.0053247866650505,1.130863051600549,0,1
85632,0.0,0.43854884722429377,0.5645398530494248,0.5024292023038871,1.0048344544320031,1.1111836633643537,0,1
85760,0.0,0.4397725526953568,0.5550475711714885,0.47157001360250717,1.004588910279602,1.1133151251286348,0,1
85888,0.0,0.4745031715865828,0.5623218823800382,0.40752505321809224,1.0049571318736141,1.1051546638798355,0,1
86016,0.0,0.487646052124241,0.5633097410152457,0.365993268270992,1.0054472126958651,1.115351129674314,0,1
86144,0.0,0.46938004284386,0.5588397853787446,0.36046755752228915,1.005079746337278,1.0982252558324905,0,1
86272,0.0,0.45060555452478257,0.5501061829825412,0.32863471170397307,1.0048344544320031,1.097184895660155,0,1
86400,0.0,0.43370389874772725,0.5119120617139685,0.31367250687330833,1.0039739418975728,1.079896409347396,2,-1
86528,0.0,0.43555427216049125,0.4830549657989012,0.27839963058581657,1.0032338783315098,1.0782355312701928,2,-1
86656,0.0,0.393311099612551,0.46170219345468194,0.21677410302872988,1.0029866780547583,1.0810450059936814,2,0
86784,0.0,0.38991055484704423,0.474649107799433,0.27209314928602507,1.0033573821759203,1.0933954438382805,2,3
86912,0.0,0.47205158362498845,0.48865265721298473,0.3217463082074532,1.0033573821759203,1.098492900041679,2,-1
87040,0.0,0.42942344400708077,0.5027440359980808,0.32012133407105353,1.0034808219392384,1.0906311783668463,2,-1
87168,0.0,0.40637167112252787,0.5129903162422654,0.3506886983856658,1.0032338783315098,1.0717826253086815,2,-1
87296,0.0,0.39833615031245484,0.5086978402050635,0.3605711665704748,1.003110310319889,1.0543276261781518,2,-1
87424,3.0,0.41452219934027207,0.5161535195160766,0.35295110779884803,1.0032338783315098,1.0697348135852045,2,-1
87552,3.0,0.4460276557703714,0.49433279391851637,0.3349955906701419,1.0028629814496335,1.065062403680015,2,-1
87680,3.0,0.4508674431224728,0.5008429843924946,0.28252025833041006,1.0036041977073993,1.0696030781704298,2,2
87808,3.0,0.41322206946479306,0.5043530385305409,0.28199284250729195,1.0037275095661569,1.0785347927093463,2,2
87936,3.0,0.41472082828298235,0.537952555090103,0.29153847782575243,1.0044660434007024,1.0725647743666855,2,-1
88064,3.0,0.419929635561911,0.5813001976542835,0.32531970467073795,1.0055695760821457,1.083827301459133,0,-1
88192,3.0,0.43260112789061467,0.5757521282464835,0.3297165461895358,1.0053247866650505,1.07720717158809,0,-1
88320,3.0,0.4920668553913087,0.578855111375465,0.34416101314845626,1.0053247866650505,1.0977458113026128,0,-1
88448,3.0,0.49141811089772774,0.564992462309607,0.393701061952346,1.0049571318736141,1.1012835487271015,0,2
88576,3.0,0.47268248344212915,0.5515799626334752,0.39788758520254613,1.0044660434007024,1.0902547222797698,0,2
88704,3.0,0.47237553132085275,0.5679441731094659,0.40248891543511833,1.0049571318736141,1.1066341127761725,0,2
88832,3.0,0.47361014851429833,0.5732411618955687,0.414678994023644,1.0053247866650505,1.103615073391466,0,2
88960,3.0,0.49010681399487027,0.5704497077243034,0.375327511967868,1.005079746337278,1.1017978429782695,0,2
89088,3.0,0.4872800245081012,0.5551287107481345,0.3603226252711143,1.0049571318736141,1.113726825104777,0,2
89216,3.0,0.4588654380352179,0.5200654202406001,0.32759773303053685,1.004097062540836,1.0941215281054704,2,2
89344,3.0,0.37702555575384716,0.4937644492817869,0.30567457206845894,1.0034808219392384,1.0807063605671168,2,-1
89472,3.0,0.4242619006048859,0.478753737421946,0.3037128559707808,1.0032338783315098,1.0781882296986849,2,2
89600,3.0,0.45636873860321525,0.48899276986913526,0.3259225386411338,1.0033573821759203,1.0812445350486084,2,2
89728,3.0,0.4677757637602786,0.5306110286274478,0.3574205145105725,1.0043431132076361,1.1514764188189963,0,-1
89856,3.0,0.4833210351936939,0.535958190168424,0.4073820887143797,1.0042201196159057,1.1152854716759877,0,2
89984,3.0,0.4793498973938013,0.5458538421075076,0.4088187259688478,1.0044660434007024,1.1077463730048356,0,2
90112,3.0,0.4790370762358205,0.5611265802224679,0.41328951402252256,1.0048344544320031,1.109863803065471,0,2
90240,3.0,0.45327413546471623,0.5442949535548931,0.4135600049370381,1.0042201196159057,1.0993832674739645,0,2
90368,3.0,0.4543149740398975,0.5394856738797436,0.4277384715026405,1.0042201196159057,1.0863437642155362,0,2
90496,3.0,0.42409475141076064,0.552580651019024,0.39824549973699824,1.0044660434007024,1.0903615086742016,0,2
90624,3.0,0.4143905541066589,0.5312482350356416,0.4156533034830321,1.0038507576010838,1.0825912897616483,2,-1
90752,3.0,0.42397942525455296,0.5418847325257846,0.4329295208985336,1.0042201196159057,1.0624903440082265,2,-1
90880,3.0,0.4466498980637558,0.5582026198404375,0.4474613809651795,1.004588910279602,1.0633584647561931,0,-1
91008,3.0,0.4753260139014194,0.5541049114871544,0.42288912745229257,1.0044660434007024,1.0804013350343307,0,2
91136,3.0,0.5025823777436095,0.5547711225093811,0.3821469436681552,1.0044660434007024,1.0814013377379417,0,2
91264,3.0,0.4684078460714353,0.5409249834284746,0.3680175916056195,1.004097062540836,1.0993574805126751,0,2
91392,3.0,0.45750822096258087,0.532270809181326,0.32180196599423333,1.0038507576010838,1.0657902075311474,2,-1
91520,3.0,0.4648501894073737,0.5200655133899499,0.3378950492871361,1.0036041977073993,1.079475468290859,2,2
91648,3.0,0.47023308323206475,0.5319865821569374,0.35099894005209786,1.004097062540836,1.0763367892700084,2,2
91776,3.0,0.47663513863081974,0.5500305810119681,0.3670697800307041,1.0047117139286545,1.0969667457614503,0,2
91904,3.0,0.4817768745564431,0.5465707787414728,0.37349488268575204,1.0049571318736141,1.127357920067953,0,2
92032,3.0,0.4917401555594524,0.5476329214262828,0.3709872634989053,1.0049571318736141,1.133481965643436,0,-1
92160,3.0,0.46499171997612015,0.5422375689837141,0.3328642952450138,1.004588910279602,1.1422583351517914,0,-1
92288,3.0,0.446650745927161,0.5236439470009701,0.3464989538679749,1.0039739418975728,1.1165840939364033,0,2
92416,3.0,0.46434777828958795,0.5302894659999402,0.3810755740990629,1.0038507576010838,1.0838781989396555,2,2
92544,3.0,0.46555855735874335,0.5258695305418213,0.36789723852015715,1.0038507576010838,1.0717869954900134,2,-1
92672,3.0,0.44698825477185916,0.5159384744385457,0.36300175088867914,1.0036041977073993,1.090535862827562,2,2
92800,3.0,0.44881342754573506,0.505518578492604,0.34361685407989334,1.0033573821759203,1.0858311641359528,2,2
92928,3.0,0.44872614518841847,0.4987693318496848,0.30933405262886526,1.0034808219392384,1.0834382891586651,2,2
93056,3.0,0.45124625752884245,0.5337075689439906,0.36939562429013495,1.0043431132076361,1.098326565573518,0,2
93184,3.0,0.4492197798996026,0.559531070082435,0.425054224364862,1.0047117139286545,1.0842332815919096,0,2
93312,3.0,0.44359016541127283,0.5621107797372666,0.4349377329332693,1.0047117139286545,1.091962489063429,0,2
93440,3.0,0.45786965227271303,0.5592842673395412,0.4804827501144818,1.0047117139286545,1.0880389824791752,0,-1
93568,3.0,0.473624769766191,0.5638479791526706,0.490309366100041,1.0048344544320031,1.1005590135483343,0,2
93696,3.0,0.45572688677642365,0.5529703104146957,0.441552850497291,1.0048344544320031,1.0948032008501871,0,2
93824,3.0,0.47827100460028155,0.5593780497834553,0.41720672530142017,1.0052022979066102,1.1005854050344157,0,2
93952,3.0,0.4299849132747509,0.5730904914165191,0.3652853692878587,1.0053247866650505,1.154167650056983,0,-1
94080,3.0,0.5426921245051616,0.5622122658012688,0.35250117134257103,1.0049571318736141,1.1308626341847485,0,-1
94208,3.0,0.5424399363684276,0.56299340198261,0.4122133629508219,1.0048344544320031,1.1214666000639282,0,-1
94336,3.0,0.5547864835656914,0.5552704022589758,0.4168723729876461,1.0047117139286545,1.1458198930046883,0,-1
94464,3.0,0.44800890852577524,0.5411376998469886,0.3817905697562019,1.004097062540836,1.0896360338188351,0,2
94592,3.0,0.4372983529375925,0.5618880097578793,0.4020218749567908,1.0047117139286545,1.0954088277985354,0,2
94720,3.0,0.4190960342288224,0.5747105632223172,0.3375783758058458,1.0052022979066102,1.0812659004272407,0,-1
94848,3.0,0.41696577338673196,0.576289554245865,0.2807095490184305,1.0052022979066102,1.0971140811223206,0,-1
94976,3.0,0.4147424108347771,0.5869120684945249,0.2599744772416565,1.0055695760821457,1.1281532829349832,0,-1
95104,3.0,0.4343338640043985,0.5634863237604937,0.2209286518804328,1.0048344544320031,1.0918791704768853,2,-1
95232,3.0,0.4365836125591406,0.5499754847294052,0.27479805102948657,1.0044660434007024,1.0934769714055148,2,2
95360,3.0,0.42902150460089344,0.5456817937956662,0.28173990645338165,1.0043431132076361,1.0909725347095858,2,2
95488,3.0,0.4688490859211331,0.5288152221306641,0.34667353296109377,1.004097062540836,1.094435808951392,0,2
95616,3.0,0.48069715385114703,0.5486649985551267,0.37473265206015066,1.0048344544320031,1.1111270123941008,0,2
95744,3.0,0.4576447291879058,0.549520227486825,0.35226479346117967,1.0049571318736141,1.1060635514551165,0,2
95872,3.0,0.48093530402729434,0.5654860010643225,0.3487632300000656,1.0052022979066102,1.1259164680717542,0,2
96000,3.0,0.4652797014747982,0.5827938873680654,0.3327578925919406,1.0058141152526048,1.097594272011223,0,-1
96128,3.0,0.4586387597111511,0.5509259166246797,0.33373907863997526,1.0048344544320031,1.088235921189127,0,2
96256,3.0,0.4553323348144242,0.530996251909547,0.3268818234029944,1.0043431132076361,1.0887739316303733,2,2
96384,3.0,0.41267718158648836,0.5108030930425146,0.26879565012327106,1.004097062540836,1.114236947800598,2,-1
96512,3.0,0.3986727411149164,0.4963928569002013,0.2680781619197249,1.0034808219392384,1.0881760023927811,2,-1
96640,3.0,0.4501852708812148,0.49787755594662897,0.31443198482800966,1.0033573821759203,1.090959559310584,2,2
96768,3.0,0.46592150684217976,0.5223019036267158,0.3408082867752599,1.0039739418975728,1.1003934110124693,0,2
96896,3.0,0.45046992535515196,0.5223590802300605,0.3496360472494276,1.0039739418975728,1.1021315108100995,0,2
97024,3.0,0.45581719196677717,0.5105373917539526,0.3770740535430893,1.0037275095661569,1.0939738924703328,2,2
97152,3.0,0.42610080673607953,0.5073054387491263,0.35378139206026676,1.0037275095661569,1.102271595825588,2,2
97280,3.0,0.42614992766806675,0.49171897037646234,0.34631262311223715,1.0033573821759203,1.093139989587744,2,2
97408,3.0,0.42735355394202695,0.5193306200172649,0.4200501441358146,1.0039739418975728,1.1193999944922552,0,-1
97536,3.0,0.4743824919316296,0.5459199879407239,0.4199071291622481,1.0047117139286545,1.118115943154842,0,2
97664,3.0,0.4986421971605134,0.5455364381103444,0.4307657190400286,1.0048344544320031,1.1110228946325806,0,2
97792,3.0,0.4835470227030705,0.5690454600945003,0.4507473874868798,1.0053247866650505,1.125678576690711,0,1
97920,3.0,0.4807922135170481,0.5422671733359193,0.37454118450011925,1.0047117139286545,1.0935542314181543,0,2
98048,3.0,0.47126108404783934,0.5306979546048385,0.35171529677548447,1.004588910279602,1.0985700257697661,0,2
98176,3.0,0.4888965628569159,0.5404825461112199,0.3538275284155695,1.0048344544320031,1.1203329766925645,0,2
98304,3.0,0.49551466507226155,0.5212557108019267,0.3234738365498384,1.0043431132076361,1.1395898300492193,0,-1
98432,3.0,0.47539631064035115,0.5407108308295643,0.3546898103614646,1.0044660434007024,1.1158222046979818,0,2
98560,3.0,0.48082614589814276,0.5472439044221492,0.3783279093002164,1.0043431132076361,1.0986969318927564,0,2
98688,3.0,0.4740004908959005,0.5436840729376994,0.33976168879064816,1.0042201196159057,1.0921630135335036,0,2
98816,3.0,0.4810164683816591,0.5273117174678259,0.31501520518609233,1.0039739418975728,1.084830263010395,2,2
98944,3.0,0.4924324793671858,0.5259034781112534,0.28553414160691803,1.004097062540836,1.0992348345697065,0,2
99072,3.0,0.4377622614392408,0.4846208555904557,0.27427785055077747,1.0036041977073993,1.0955123941186167,2,2
99200,3.0,0.45837358620331836,0.49408134141594817,0.29887588343268495,1.0034808219392384,1.0940799975490505,2,2
99328,3.0,0.4797495965474623,0.5081215942681018,0.3243062043147212,1.0037275095661569,1.1005007041656376,2,2
99456,3.0,0.4590908238275568,0.4958461701415392,0.3346072471171334,1.0034808219392384,1.096087018736096,2,2
99584,3.0,0.4410659760305773,0.49321569070866883,0.3268923631765917,1.0033573821759203,1.0845735077720466,2,2
99712,3.0,0.40992570837778175,0.4723587603764874,0.2666637948284548,1.0033573821759203,1.0720242728810583,2,-1
99840,3.0,0.36732878068189834,0.4795866057795396,0.2682639865946794,1.003110310319889,1.0755123611945863,2,-1
99968,3.0,0.43890858690771173,0.49147134772593637,0.26896353191876493,1.0036041977073993,1.070799667387187,2,2
100096,3.0,0.4171988580202649,0.5139155036962567,0.3213656784822433,1.0038507576010838,1.0836758919686775,2,2
100224,3.0,0.440209350952995,0.5429951978437227,0.35352036719021684,1.0044660434007024,1.0956375903200875,0,2
100352,3.0,0.4585416898069591,0.5426061800203056,0.32125317305875056,1.004588910279602,1.1048625433298942,0,2
100480,3.0,0.4645689912357201,0.5445110069009277,0.3000103461847766,1.004588910279602,1.1054174970996362,0,2
100608,3.0,0.5204201446235742,0.559723898639956,0.3367301680128932,1.0048344544320031,1.0922760622243994,0,-1
100736,3.0,0.4919454069654076,0.5500031730175747,0.32452569614255494,1.0047117139286545,1.0918155259083786,0,2
100864,3.0,0.5026117132217887,0.5321493380848762,0.32806475895448045,1.0043431132076361,1.1024925448791882,0,2
100992,3.0,0.4770789022765666,0.5486374362107778,0.34347824096316515,1.0048344544320031,1.1198172433681253,0,2
101120,3.0,0.4666739358081337,0.5466756661220579,0.3317651149592153,1.0049571318736141,1.126511483165593,0,2
101248,3.0,0.43276115136102683,0.5565553697924778,0.37675054088967885,1.0049571318736141,1.106518359445178,0,2
101376,3.0,0.44951238315478825,0.5652366479063281,0.37362365660048896,1.005079746337278,1.1042833288807377,0,2
101504,3.0,0.43710938766532104,0.5396203383765911,0.3476519983989557,1.0043431132076361,1.097877503659772,0,2
101632,3.0,0.4179083074048466,0.5160140913365341,0.35545735430328473,1.0038507576010838,1.08936394198111,2,2
101760,3.0,0.43108101419101114,0.5014320131080592,0.32733687619211316,1.0037275095661569,1.082945946364781,2,2
101888,3.0,0.4451102295851989,0.4945021702720648,0.30352733897430884,1.0037275095661569,1.0863246661451293,2,2
102016,3.0,0.4628668253236897,0.5143911009355094,0.32303058029160964,1.004097062540836,1.099758167457269,2,2
102144,3.0,0.5355205142606629,0.5339230160786652,0.3393746996186669,1.0047117139286545,1.1206644323968973,0,-1
102272,3.0,0.5178959273914937,0.5602569664580765,0.3970027363612453,1.0052022979066102,1.1274256121440387,0,-1
102400,3.0,0.526885474801625,0.5602573043460787,0.41244800160559086,1.0052022979066102,1.1239892197819772,0,-1
102528,3.0,0.4788926675126334,0.5517960358705607,0.3753385527596261,1.0052022979066102,1.1142370578734422,0,2
102656,3.0,0.4612123855235485,0.534877718008546,0.35214375450151814,1.004588910279602,1.1068030473013402,0,2
102784,3.0,0.38018200016622145,0.48610690031947495,0.2391033468283835,1.0037275095661569,1.0680083137685834,2,-1
102912,3.0,0.3924295790596463,0.4874498217676761,0.23824943339859347,1.0037275095661569,1.0755182980846234,2,-1
103040,3.0,0.4456148723852968,0.4818728146439614,0.26884093539592485,1.0033573821759203,1.0747922455293064,2,2
103168,3.0,0.47769883006340275,0.4920181440899165,0.3172713830456826,1.0036041977073993,1.0924513323184737,2,2
103296,3.0,0.45880085253925834,0.5155584175031465,0.36863720653589327,1.0038507576010838,1.1017534932407838,0,2
103424,3.0,0.4223151908467831,0.5105907529440714,0.3623304206634977,1.0037275095661569,1.0974207203658595,2,2
103552,3.0,0.4687234511849108,0.5459199879407239,0.3598668193855952,1.0047117139286545,1.1545132580864503,0,-1
103680,3.0,0.41186488960496437,0.5485617736515913,0.30752466058634437,1.0047117139286545,1.1188296938605384,0,-1
103808,3.0,0.40892060286064363,0.5380677303446859,0.26839171682859936,1.004588910279602,1.1191165713182707,0,-1
103936,3.0,0.40814372466505733,0.5672687012822467,0.2862074657743735,1.0052022979066102,1.1243424446105386,0,-1
104064,3.0,0.5035440255897301,0.5516909081292156,0.3399854394726938,1.0047117139286545,1.1093732044623628,0,2
104192,3.0,0.45477953411492145,0.5661876054076654,0.38713175410556017,1.0052022979066102,1.1174476960077622,0,2
104320,3.0,0.4070293704263378,0.5642829160237594,0.40071551943727296,1.005079746337278,1.1097993308098368,0,2
104448,3.0,0.4230210440822385,0.5545183812758447,0.42529602915001347,1.0047117139286545,1.1070627099499963,0,2
104576,3.0,0.4840949342783648,0.5822326817478953,0.43801578090420484,1.0055695760821457,1.1458266777873198,0,-1
104704,3.0,0.4849824017461945,0.5668192280128161,0.3942342309941554,1.0052022979066102,1.1249751942505826,0,2
104832,3.0,0.4729236108770661,0.569162048895478,0.43802058339268485,1.0052022979066102,1.1170166389337195,0,2
104960,0.0,0.4457252099216198,0.549678162457603,0.39819657777945455,1.0048344544320031,1.1093156220748235,0,1
105088,0.0,0.4487058647897884,0.4968701198505325,0.31326261785597326,1.0034808219392384,1.087428442034936,2,-1
105216,0.0,0.4218882919147077,0.4691103583247398,0.27247390788837567,1.003110310319889,1.1014134698660802,2,-1
105344,0.0,0.40537799764125254,0.4745253205048884,0.26625067715933626,1.0033573821759203,1.0986763688734498,2,3
105472,0.0,0.5035108000379145,0.500091528300708,0.2837239840348302,1.0038507576010838,1.103489002456445,2,-1
105600,0.0,0.49993611147213934,0.528279049556725,0.33491996661261525,1.0043431132076361,1.1276796557374964,0,-1
105728,0.0,0.4829239015837571,0.5406373497118337,0.40704518853062216,1.0044660434007024,1.0965575403770083,0,1
105856,0.0,0.3967033995399054,0.5369814734898424,0.3961250102496605,1.0044660434007024,1.0835906605174872,2,-1
105984,0.0,0.3888529376208932,0.5430949091570393,0.43308131775864983,1.004588910279602,1.1063076130704599,0,-1
106112,0.0,0.35946600346030333,0.5335104989523426,0.4088752239465293,1.0043431132076361,1.0765831196170534,2,-1
106240,0.0,0.4091228482864159,0.5584438037100063,0.4246412682352847,1.005079746337278,1.1071588801634034,0,1
106368,0.0,0.3900545351759312,0.558312051702368,0.4223277209801476,1.0049571318736141,1.1127189579913777,0,-1
106496,0.0,0.4415923562035406,0.5654458869319058,0.46409629245117495,1.005079746337278,1.121549886021548,0,1
106624,0.0,0.432564267362465,0.5693183763955039,0.44847391425058225,1.0052022979066102,1.1322133522160682,0,1
106752,0.0,0.4302083672442559,0.5632421180000093,0.4695399262026125,1.005079746337278,1.1269257290647885,0,1
106880,0.0,0.4074057484587111,0.5755479833595726,0.49520373952096847,1.0053247866650505,1.1211455835870228,0,1
107008,0.0,0.39521744762120015,0.568666692303133,0.5109168396741084,1.005079746337278,1.120615078177412,0,1
107136,0.0,0.3803886434827919,0.5622122658012688,0.4923049269820618,1.0049571318736141,1.121482324074846,0,1
107264,0.0,0.3519344257507454,0.5384757933217911,0.4252107643482148,1.0043431132076361,1.1057869724808163,2,-1
107392,0.0,0.3871981598561444,0.5105417390470535,0.3489924477667161,1.0038507576010838,1.1085241380939352,2,-1
107520,0.0,0.3726594276845066,0.4915046786846297,0.28779943645637557,1.0038507576010838,1.109311981400926,2,-1
107648,0.0,0.3729145432894756,0.4865821282974154,0.2719045545884003,1.0037275095661569,1.0986560123600384,2,3
107776,0.0,0.3966259166856605,0.48715580182917134,0.27743204184530873,1.0037275095661569,1.101900097209322,2,3
107904,0.0,0.3908166014548473,0.49151495839385656,0.2845217440647675,1.0039739418975728,1.1173370365015973,2,-1
108032,0.0,0.3994918893799595,0.5029914272202308,0.2559514863058617,1.0042201196159057,1.0976220829163503,2,-1
108160,0.0,0.4350119309979749,0.49822881561603477,0.25272810584449024,1.0039739418975728,1.0912049972472844,2,-1
108288,0.0,0.4474952973722446,0.5232614981612056,0.3016448795812483,1.0044660434007024,1.122954190314287,0,-1
108416,0.0,0.4531097522554695,0.5286402834425479,0.3139238907061004,1.0042201196159057,1.1026724936177967,2,1
108544,0.0,0.4402235621042581,0.5266951514204813,0.3375341209756107,1.0039739418975728,1.0993723346618551,2,1
108672,0.0,0.44965327425820956,0.5363026536229417,0.34623580210348787,1.0039739418975728,1.091328788044369,2,1
108800,0.0,0.39594170936645506,0.5229338171704164,0.3526126499298535,1.0036041977073993,1.0775980638071958,2,-1
108928,0.0,0.38188057646992984,0.5383507340539685,0.40132534808745957,1.0042201196159057,1.0884186899299673,2,-1
109056,0.0,0.4656852904939255,0.5251827321022202,0.4162410744526561,1.0039739418975728,1.0878883570652844,0,1
109184,0.0,0.5010099912551985,0.5298110724982086,0.3678320589968465,1.004588910279602,1.1005334913515343,0,1
109312,0.0,0.48761900015824317,0.5432504255052203,0.36089095861563253,1.0049571318736141,1.1237500395183488,0,1
109440,0.0,0.4463911139374685,0.5343688676930769,0.3175350356014621,1.0048344544320031,1.107606165678265,0,1
109568,0.0,0.48762277496039863,0.549873095360445,0.3042046308826715,1.0053247866650505,1.1207384269479066,0,1
109696,0.0,0.49390516245256927,0.5433645754333588,0.26141414563117077,1.0054472126958651,1.1171578391126118,0,-1
109824,0.0,0.4499519228048851,0.5469974114134151,0.2366582523984309,1.0055695760821457,1.1001488865944162,0,-1
109952,0.0,0.4581394384872641,0.5583878464797141,0.2613472128756979,1.0056918769068104,1.1013099701918836,0,-1
110080,0.0,0.4818736208239772,0.5684747553109053,0.27328131107206527,1.0056918769068104,1.1062291800147919,0,-1
110208,0.0,0.509504519804667,0.5655574127032168,0.29660188375450525,1.0056918769068104,1.1234250182816183,0,-1
110336,0.0,0.47712099472592273,0.5607343440486967,0.36218225274231236,1.0055695760821457,1.1110813283223584,0,1
110464,0.0,0.4482426562111725,0.5647647744881962,0.35815064780092826,1.0054472126958651,1.1114719281312493,0,1
110592,0.0,0.4121169638028519,0.5579182934322984,0.3840889060901901,1.0052022979066102,1.1014549581550614,0,1
110720,0.0,0.40688268461701865,0.5746716031773252,0.4377222534207841,1.0054472126958651,1.1006035089002504,0,1
110848,0.0,0.4140138550437473,0.5881576996972968,0.47519844612283957,1.0058141152526048,1.109545261049522,0,1
110976,0.0,0.513973295274006,0.5910885469417528,0.47694415503286275,1.0059362912021022,1.1280226035595748,0,1
111104,0.0,0.49995664616517127,0.5940138108223841,0.5017341199756424,1.006058404837703,1.1493963985141467,0,1
111232,0.0,0.5017948039794656,0.5842235851788259,0.4702787702572388,1.0058141152526048,1.1334857365993767,0,1
111360,0.0,0.471808361076188,0.5578713519343796,0.4064275964679716,1.0049571318736141,1.1106570211049178,0,1
111488,0.0,0.4475338845981611,0.5459199879407239,0.3693034681690281,1.0047117139286545,1.0884172523088755,0,1
111616,0.0,0.41847784331520466,0.5116922666368264,0.33725496146434253,1.0038507576010838,1.0895601529401282,2,-1
111744,0.0,0.4239951714977726,0.5136494814302549,0.34928800734375387,1.0039739418975728,1.0931456806818496,2,-1
111872,0.0,0.3923704713934012,0.5238658620729895,0.3552728197508793,1.0043431132076361,1.1003027138585029,2,-1
112000,0.0,0.4271514980991767,0.55825762115982,0.39725679249594625,1.0049571318736141,1.1162959434179887,0,1
112128,0.0,0.4554664070597864,0.5802958617785133,0.4142325227186242,1.0055695760821457,1.1094388257982315,0,1
112256,0.0,0.4580369338802524,0.5850920528078918,0.45829039282442774,1.0055695760821457,1.1117205406247768,0,1
112384,0.0,0.47587911337843264,0.5925852058955708,0.4442158619336496,1.0058141152526048,1.1090964377053918,0,1
112512,0.0,0.48093971473710073,0.5832374748877777,0.4756383049320914,1.0054472126958651,1.131475438705471,0,1
112640,0.0,0.47902865490523894,0.5888603019323987,0.5132307558714142,1.0056918769068104,1.120841348821797,0,1
112768,0.0,0.4769124278083555,0.5903075826814638,0.5207735520464839,1.0056918769068104,1.1336772529091927,0,1
112896,0.0,0.4798982324237061,0.5931032701303822,0.548717258935137,1.0058141152526048,1.1402618944908438,0,1
113024,0.0,0.4663417301888103,0.5932419469053497,0.5046950365091851,1.0059362912021022,1.1334325687626212,0,1
113152,0.0,0.4678069378123633,0.5826680562688406,0.4911634671948339,1.0055695760821457,1.1283636344810217,0,1
113280,0.0,0.45898903535770896,0.5826734387334953,0.40160216604146215,1.0056918769068104,1.1304349619731255,0,1
113408,0.0,0.47094428013828354,0.5849116979978607,0.3567612959961238,1.0056918769068104,1.1245295212685238,0,1
113536,0.0,0.4652488995830112,0.5740982170371706,0.39187871174292427,1.0052022979066102,1.1174845202728376,0,1
113664,0.0,0.466842903923275,0.5767876582594587,0.39665703683774745,1.0053247866650505,1.108952809836949,0,1
113792,0.0,0.46592047880892246,0.5607328976984963,0.3987590315633774,1.0048344544320031,1.1014827464347687,0,1
113920,0.0,0.49020226516117016,0.5540322699896386,0.4046445110778105,1.0047117139286545,1.091803107363096,0,1
114048,0.0,0.5125344533407248,0.584794246262015,0.42409338556156906,1.0056918769068104,1.098127554739947,0,1
114176,0.0,0.48581966512261265,0.5930662245442294,0.4502718209715748,1.0058141152526048,1.1131245016562126,0,1
114304,0.0,0.47795887258949765,0.6097343526053058,0.48797516718445205,1.0064243726825695,1.111127863612468,0,1
114432,0.0,0.49583874181756865,0.6123955243677658,0.45457102064539084,1.0065462378831733,1.1147332285786433,0,1
114560,0.0,0.48730747340604036,0.6034570183688973,0.47555959481641674,1.0061804562416374,1.1210024250877204,0,1
114688,0.0,0.4665698991059363,0.6029179862390518,0.45606072327672276,1.0061804562416374,1.1268430549363628,0,1
114816,0.0,0.49309317356276505,0.6088129103562415,0.47087468712367897,1.0064243726825695,1.1357714614812164,0,1
114944,0.0,0.5035913942149549,0.5973944707654024,0.504683431210347,1.006058404837703,1.1167674669027456,0,1
115072,0.0,0.5186261928671666,0.5936723921940825,0.5331862128721434,1.0059362912021022,1.130219851575913,0,1
115200,0.0,0.48754202077425784,0.6069085898848591,0.5440710571149572,1.0064243726825695,1.1373406533135066,0,1
115328,0.0,0.5481682385555304,0.6092536651889151,0.5179957194625943,1.0064243726825695,1.133331532569646,0,1
115456,0.0,0.5206577736220553,0.5966055039608928,0.5026368472606387,1.006058404837703,1.1303764341384768,0,1
115584,0.0,0.5000834989813883,0.6003526995882004,0.4817981244574223,1.0061804562416374,1.1332309588788279,0,1
115712,0.0,0.5262169745170941,0.5698500756863987,0.47920243533547846,1.0052022979066102,1.1086291723888322,0,1
115840,0.0,0.49514584450910687,0.5609991327801287,0.5287264088075396,1.0047117139286545,1.114718265318968,0,1
115968,0.0,0.41743401407876085,0.5730951713862671,0.5461259081585249,1.005079746337278,1.1057267642669066,0,1
116096,0.0,0.40311300432799774,0.5687334799307112,0.5572249563345826,1.0049571318736141,1.1161733282802657,0,1
116224,0.0,0.41085478508075224,0.5772761824972321,0.5103930978076905,1.0053247866650505,1.1251781048232623,0,1
116352,0.0,0.48075711867568816,0.5867114785301774,0.5218729584673187,1.0056918769068104,1.1211739244792522,0,1
116480,0.0,0.4562679915568554,0.5957460384917237,0.5187684098053631,1.006058404837703,1.1201863531930625,0,1
116608,0.0,0.4425918681185557,0.5973781822369587,0.5218281535775599,1.006058404837703,1.1188274764609751,0,1
116736,0.0,0.4399772163275283,0.5971788210446946,0.5130557311271525,1.006058404837703,1.1409125164950942,0,1
116864,0.0,0.42525975321817694,0.5891197754957994,0.5116365672791364,1.0058141152526048,1.1102651227854228,0,1
116992,0.0,0.4456295894741738,0.5996537977132647,0.5076426849235097,1.0061804562416374,1.1210530051707324,0,1
117120,0.0,0.4394338378374714,0.5977985033856618,0.4963338741443168,1.0061804562416374,1.116569676623839,0,1
117248,0.0,0.4212243667019313,0.5816688395546726,0.46343943224324874,1.0056918769068104,1.1027433427045008,0,1
117376,0.0,0.4024337057836153,0.5824488244794764,0.5107811684546851,1.0056918769068104,1.1080048588529292,0,1
117504,0.0,0.4024588006819363,0.5595271791040127,0.5017655391415882,1.0048344544320031,1.103658315969116,0,1
117632,0.0,0.4359778080174021,0.5534558310580737,0.5079188461638908,1.0047117139286545,1.1004153625642576,0,1
117760,0.0,0.4365472640928779,0.5788713411423575,0.5223976392094716,1.0055695760821457,1.1191592800646661,0,1
117888,0.0,0.43681705484520916,0.5716359573585241,0.43195106470994116,1.0055695760821457,1.1233768513766835,0,1
118016,0.0,0.39792623965089924,0.5787537527148192,0.4034921486101696,1.0059362912021022,1.1358537640212978,0,-1
118144,0.0,0.417761452606966,0.5830246309328723,0.4541122619091009,1.0059362912021022,1.132069749962262,0,1
118272,0.0,0.41163909049971276,0.5749631838728244,0.473380908214662,1.0056918769068104,1.1261861603372414,0,1
118400,0.0,0.41817305309024,0.5611792337494698,0.49106950701608576,1.0052022979066102,1.1222226713417516,0,1
118528,0.0,0.3695661092497494,0.5438113126751171,0.43185841833297717,1.004588910279602,1.110717703636203,0,-1
118656,0.0,0.43679194973767094,0.5559958359187243,0.43700995999679954,1.0049571318736141,1.1334199068489947,0,1
118784,0.0,0.4494144490819294,0.5597899229284905,0.4513572654826409,1.0049571318736141,1.1246322865954796,0,1
118912,0.0,0.474556421370201,0.5697470269489533,0.4891727651369379,1.005079746337278,1.1272053800994768,0,1
119040,0.0,0.4846636459655855,0.5904915948195053,0.5161497247470225,1.0056918769068104,1.1639700537786604,0,1
119168,0.0,0.5360369291452007,0.589373448060572,0.4882600485974087,1.0056918769068104,1.1375392966506277,0,1
119296,0.0,0.543684964457762,0.5863166687931308,0.4626060514950164,1.0055695760821457,1.138786292614551,0,-1
119424,0.0,0.5373547162042427,0.5904127629214166,0.43313065122258493,1.0058141152526048,1.1376843653162954,0,1
119552,0.0,0.49235271694906146,0.5982165452272056,0.4145474959763302,1.0061804562416374,1.1474700539997476,0,1
119680,0.0,0.4941951587932296,0.5981589855449818,0.44877949101710746,1.0061804562416374,1.143594302065226,0,1
119808,0.0,0.47335698988239205,0.603068055987591,0.4230156142798228,1.0063024454959635,1.108284704572542,0,1
119936,0.0,0.4635007327160842,0.5959589081383795,0.4226908343840252,1.006058404837703,1.1145775276637375,0,1
120064,0.0,0.41026059482647115,0.5760355635419891,0.4396586706731326,1.0054472126958651,1.106298984520267,0,1
120192,0.0,0.4244776648357346,0.5775373153180021,0.45583012244873033,1.0054472126958651,1.1109464926816295,0,1
120320,0.0,0.43320780698366695,0.5727130467295408,0.5191205153270313,1.0052022979066102,1.1284364117212637,0,1
120448,0.0,0.4949594951310791,0.5928990515915555,0.555341765735024,1.0058141152526048,1.1244545012314142,0,1
120576,0.0,0.4713739505913055,0.6002854278739249,0.538534546658774,1.006058404837703,1.1311472662424873,0,1
120704,0.0,0.42732513458608357,0.5999912511127693,0.5121106170589148,1.006058404837703,1.1102475118585462,0,1
120832,0.0,0.45454280972001926,0.5997678904423066,0.49236228421832323,1.006058404837703,1.1121896989783657,0,1
120960,0.0,0.46031482584908756,0.6030512515747872,0.48175380894401376,1.0061804562416374,1.10561690336732,0,1
121088,0.0,0.4747033014741573,0.5949622851025609,0.4629230009180657,1.0059362912021022,1.1218536086185997,0,1
121216,0.0,0.3853734568081297,0.5753603659361504,0.44757659345829137,1.0054472126958651,1.123567003047971,0,1
121344,0.0,0.32756275187439254,0.5707130886386244,0.470961520921894,1.0052022979066102,1.1048513090529826,0,-1
121472,0.0,0.3550987774718417,0.5690280083836029,0.4734781823493694,1.005079746337278,1.0972740196845725,0,-1
121600,0.0,0.4015092496403252,0.5691776706946886,0.5035388657387895,1.005079746337278,1.0965282958790017,0,1
121728,0.0,0.43782064904319595,0.5835512980159686,0.5215499573278799,1.0054472126958651,1.1052806867705993,0,1
121856,0.0,0.4460689665876457,0.5896516332904712,0.5220793169272288,1.0056918769068104,1.1117534887321745,0,1
121984,0.0,0.4567924694721281,0.5902294846518693,0.5443660651185454,1.0056918769068104,1.1285737308449555,0,1
122112,0.0,0.5046070905431467,0.5770521627468216,0.47361840209477846,1.0052022979066102,1.1067390082368815,0,1
122240,0.0,0.4998177540914415,0.5877253506958134,0.4241572411203169,1.0056918769068104,1.1112873605964542,0,1
122368,0.0,0.4985374940097162,0.5889225025295524,0.40802382283688426,1.0058141152526048,1.1371653559782382,0,1
122496,0.0,0.48140087703335693,0.5930108796106788,0.33861435290199177,1.0059362912021022,1.1022788222880036,0,1
122624,0.0,0.48922480431578386,0.5976229401991711,0.3613801245341756,1.0061804562416374,1.1136914116139425,0,1
122752,0.0,0.467340949978174,0.5968352857058482,0.3563956092392959,1.0061804562416374,1.1169819861551837,0,1
122880,0.0,0.469599158793628,0.5797438023520901,0.423366820742861,1.0055695760821457,1.1151344056849815,0,1
123008,0.0,0.4759414752681045,0.5839314494608548,0.501645065729581,1.0055695760821457,1.1165181848699994,0,1
123136,0.0,0.46031150334375487,0.5766297791672486,0.4796392386119211,1.0052022979066102,1.1097106934549061,0,1
123264,0.0,0.4847204547603933,0.583312626017167,0.5052287671092606,1.0054472126958651,1.1213514054932936,0,1
123392,0.0,0.4749693958806406,0.594911949944496,0.47867188406784444,1.0059362912021022,1.117532714614746,0,1
123520,0.0,0.5092556731040166,0.5967958031968044,0.4735021750882489,1.0059362912021022,1.1443900829437723,0,1
123648,0.0,0.4982599812641224,0.6156513271447854,0.40959245878607187,1.0066680411793234,1.145718396846764,0,1
123776,0.0,0.45193287756431577,0.609205020261501,0.40446606166023563,1.0064243726825695,1.131986409975086,0,1
123904,0.0,0.4136981228325094,0.5947705022137464,0.3885857043716044,1.0059362912021022,1.1373145763457286,0,-1
124032,0.0,0.4425127707367364,0.5744254004093426,0.33602472403781236,1.0055695760821457,1.0962353181322708,0,1
124160,0.0,0.43706788647317324,0.5475796203889551,0.37682747319991355,1.0049571318736141,1.1059796939316866,0,1
124288,0.0,0.40119678486963317,0.519244110353042,0.326243917071894,1.0042201196159057,1.1047907083278947,2,-1
124416,0.0,0.43522814360576617,0.5397381633167997,0.3607270478913033,1.0048344544320031,1.108860876074243,0,1
124544,0.0,0.43389714747318003,0.5490713755182945,0.3890466971074905,1.0048344544320031,1.0863992652416739,0,1
124672,0.0,0.4585459322131048,0.5810235269770816,0.4151155781969856,1.0055695760821457,1.0920478140238201,0,1
124800,0.0,0.468155536953555,0.5969639929193604,0.4109505853848356,1.006058404837703,1.1101374169585234,0,1
124928,0.0,0.4857982431820205,0.597202619050468,0.4111444465388472,1.006058404837703,1.1187300993669118,0,1
125056,0.0,0.5050958771185384,0.5883787174849782,0.38486229631999175,1.0059362912021022,1.1264221479778214,0,1
125184,0.0,0.5057082116795629,0.5765895021158493,0.3375975571436928,1.0055695760821457,1.0913514737836496,0,-1
125312,0.0,0.4691972805196604,0.5453443492910967,0.28928155404210704,1.0049571318736141,1.1012313817919208,0,1
125440,0.0,0.45987791542814443,0.5270681739843083,0.2579446515239458,1.0044660434007024,1.0824693385423498,2,-1
125568,0.0,0.4722638966697405,0.5086949558793517,0.26342785189587015,1.0039739418975728,1.07751707009813,2,-1
125696,0.0,0.3631727844933676,0.4617817343968898,0.2593853742061812,1.0034808219392384,1.0862126284562272,2,3
125824,0.0,0.4087962713324517,0.47966816180862737,0.23017303123569136,1.0037275095661569,1.0804402750352913,2,3
125952,0.0,0.4044637647177477,0.4802672689226001,0.1982703169740255,1.0037275095661569,1.0734859656743934,2,3
126080,0.0,0.36104098359356235,0.48482383828723064,0.18507327835517362,1.0039739418975728,1.0802842277154971,2,-1
126208,0.0,0.3570713971657168,0.5193259694970166,0.16523294270330047,1.0044660434007024,1.1086743195394846,2,-1
126336,0.0,0.3524379519018808,0.5172340374953643,0.170381365675243,1.004588910279602,1.0703072198597952,2,-1
126464,0.0,0.3650193842918253,0.5063414484633783,0.1775610598536303,1.0042201196159057,1.0823591768356762,2,-1
126592,0.0,0.374263347576175,0.5166780858402574,0.1783093064285199,1.0043431132076361,1.078641571001152,2,-1
126720,0.0,0.3799002357397817,0.49419720337754225,0.200473154842219,1.0039739418975728,1.0719846024657376,2,-1
126848,0.0,0.3774955249679108,0.4791201559433016,0.18806519015834977,1.0037275095661569,1.0851936492749756,2,3
126976,0.0,0.3890821598574004,0.5292112539046989,0.22523925588842864,1.004097062540836,1.0945705226350608,2,-1
127104,0.0,0.41468797441833893,0.5325778550771518,0.2423504358619769,1.004097062540836,1.0925341162083197,2,-1
127232,0.0,0.41769245576766223,0.5206905738946734,0.27472268119403903,1.0037275095661569,1.0821618958454053,2,-1
127360,0.0,0.40818133433477205,0.5294181659351281,0.3046018109382452,1.0037275095661569,1.070171972874264,2,-1
127488,0.0,0.42621973444078676,0.5053623201348539,0.3007094857369567,1.0034808219392384,1.0834852778176531,2,-1
127616,0.0,0.4575096906422773,0.4930453655779023,0.30722584571955314,1.0032338783315098,1.0568991281605495,2,-1
127744,0.0,0.4643959562096589,0.4785949241861619,0.30398678147672464,1.0029866780547583,1.0646471449139494,2,-1
127872,0.0,0.4552179450257738,0.49788274828388424,0.28668872777886173,1.0034808219392384,1.074849671938622,2,-1
128000,0.0,0.4297333078119386,0.5103896731460847,0.2720768773570162,1.0037275095661569,1.1399382700505354,2,-1
128128,0.0,0.43145057818241506,0.5611265802224679,0.30135385643948465,1.0048344544320031,1.0868092577965218,0,1
128256,0.0,0.4645668285035115,0.5932571473813917,0.31890463131619623,1.0058141152526048,1.0847604754525366,0,-1
128384,0.0,0.47997274901556297,0.593474776640786,0.38272858849332275,1.0058141152526048,1.08135865801042,0,-1
128512,0.0,0.48760095236437023,0.5993048548714692,0.45273675351407183,1.006058404837703,1.1227574121777615,0,1
128640,0.0,0.4453501582616222,0.5792866436033464,0.47258678933464854,1.0053247866650505,1.0904965650072727,0,1
128768,0.0,0.43722305667467914,0.5715286218119531,0.4676331461746446,1.005079746337278,1.0984947909327591,0,1
128896,0.0,0.4414753643077606,0.576842923721244,0.4503108268204406,1.0052022979066102,1.1155840073352872,0,1
129024,0.0,0.45373912749426176,0.5736554175089068,0.4425136033691701,1.005079746337278,1.1187020720765075,0,1
129152,0.0,0.4317246859799579,0.578933858479786,0.40664954576755497,1.0053247866650505,1.1189358641546068,0,1
129280,0.0,0.44906289872184757,0.600441999932559,0.40039244451782524,1.006058404837703,1.1390114431246146,0,1
129408,0.0,0.44856647886824674,0.5999480631788924,0.4346597281260389,1.006058404837703,1.1477150196364456,0,-1
129536,0.0,0.47310009701747274,0.5867776400718491,0.41829127795658455,1.0055695760821457,1.1256087161821535,0,1
129664,0.0,0.4528576059897156,0.582110444979535,0.41326772031332626,1.0054472126958651,1.1332490907931814,0,1
129792,0.0,0.453598561977189,0.5520151920742987,0.38205092714004263,1.0043431132076361,1.0912200682878952,0,1
129920,0.0,0.44810768205290863,0.5666205296467144,0.4163983898049944,1.0048344544320031,1.1099388138985495,0,1
130048,0.0,0.40989023435644084,0.5738646565344844,0.3671285426796338,1.005079746337278,1.110153761153725,0,1
130176,0.0,0.4329854143384712,0.5631356578440289,0.3610781800876851,1.0047117139286545,1.1079351106851516,0,1
130304,0.0,0.4263865638272836,0.5540191692741852,0.35854124582854413,1.0044660434007024,1.1045464808489605,0,1
130432,0.0,0.4720863041000624,0.5542556099417041,0.36447943521206905,1.0044660434007024,1.1138227141388206,0,1
130560,0.0,0.4587945388941303,0.5564516236591653,0.45573525434421186,1.004588910279602,1.1001447233126247,0,1
130688,0.0,0.4620612913117394,0.5747668579029909,0.39659111443152206,1.0052022979066102,1.1271334373273758,0,1
130816,0.0,0.4790461734030133,0.6208703542106372,0.3869724881532684,1.0069114623836124,1.1462221535928583,0,-1
130944,0.0,0.4842918781700254,0.6195692848024611,0.39772908071995455,1.0069114623836124,1.1505908041629869,0,-1
131072,0.0,0.5291547687090115,0.624203262927967,0.40704001213045404,1.0070330804540046,1.1565754720254398,0,-1
131200,0.0,0.4785778875713947,0.6225900879226622,0.4387153082063417,1.0070330804540046,1.1377143028828194,0,1
131328,0.0,0.4608266651344596,0.5778507120466981,0.42167246411340253,1.0053247866650505,1.1076732850498319,0,1
131456,0.0,0.46689797618741796,0.5651423375005746,0.4159257732413546,1.0049571318736141,1.111547646704534,0,1
131584,0.0,0.4567192730637774,0.5419923755473066,0.38658173748841085,1.0042201196159057,1.0962195633579568,0,1
131712,0.0,0.42884960340439204,0.5328773506397971,0.43486893583596803,1.004097062540836,1.1018689692382342,0,1
131840,0.0,0.4187287461837289,0.5397680431888046,0.4539062815486475,1.004588910279602,1.120541295310043,0,1
131968,0.0,0.45309383354463484,0.5396370125624748,0.4456638554907631,1.0044660434007024,1.1218712335872942,0,1
132096,0.0,0.4779805364847352,0.5788882285502054,0.49290237948242593,1.0054472126958651,1.1149411683311161,0,1
132224,0.0,0.4726885264675949,0.5687500179859757,0.44408181721956,1.005079746337278,1.1131497529430874,0,1
132352,0.0,0.45477765334550435,0.5709062981079884,0.43953975269290296,1.005079746337278,1.112167593558237,0,1
132480,0.0,0.42974158758823117,0.587163059936876,0.4164903261832035,1.0056918769068104,1.1133770765225817,0,1
132608,0.0,0.41459105102577887,0.5656991456183179,0.39017130112978743,1.0052022979066102,1.0912764052815003,0,-1
132736,0.0,0.4300253430589254,0.5686064794998678,0.40506321345656576,1.0055695760821457,1.111646888489849,0,1
132864,0.0,0.4780560649030001,0.5885039284443437,0.3853613382544377,1.0061804562416374,1.1145583761667437,0,1
132992,0.0,0.4670389642143189,0.5776419149294172,0.36724287212404705,1.0058141152526048,1.1252379237502355,0,1
133120,0.0,0.4648833777098024,0.5896826420550085,0.3880484684075847,1.006058404837703,1.119213891005516,0,1
133248,0.0,0.4601757109117736,0.5782399423843367,0.3404497552730707,1.0056918769068104,1.1063323784435954,0,1
133376,0.0,0.4602979526021109,0.5675707306129959,0.39135226498608566,1.0055695760821457,1.1060403346031675,0,1
133504,0.0,0.46121931781667935,0.5645329265809818,0.38396532506168485,1.0054472126958651,1.1039068573637039,0,1
133632,0.0,0.48971050884090656,0.5455646784002357,0.350260797313594,1.005079746337278,1.1020360352590237,0,1
133760,0.0,0.4887300454558965,0.5284048963286717,0.3231354441322104,1.0047117139286545,1.114481184841823,0,1
133888,0.0,0.45932391254281635,0.5071743182367274,0.2845111271600586,1.004097062540836,1.1168538234315017,2,-1
134016,0.0,0.4098986142418942,0.4845787196287659,0.2771179939720302,1.0037275095661569,1.0949433430022677,2,3
134144,0.0,0.37600753876689297,0.47543432221979026,0.2462355233067354,1.0034808219392384,1.0950069676338738,2,3
134272,0.0,0.34535926500143377,0.4772477836604594,0.22182153963033746,1.0034808219392384,1.0940055450171362,2,-1
134400,0.0,0.3300633484593164,0.45890020420961386,0.1876135744363703,1.0032338783315098,1.0976041443076534,2,-1
134528,0.0,0.3370095434516465,0.46416063699169696,0.1854724969970065,1.0033573821759203,1.0931546204919884,2,-1
134656,0.0,0.3519377158396153,0.46617154277641387,0.1970021372365979,1.0034808219392384,1.098527465176588,2,-1
134784,0.0,0.35500180847961693,0.4664591703940703,0.21752123892558473,1.0036041977073993,1.0927689899687159,2,3
134912,0.0,0.40120037323278473,0.48644863688386286,0.2404566595049083,1.0039739418975728,1.09834263083606,2,3
135040,0.0,0.4094239366739772,0.4941840625743897,0.25585483931967284,1.0042201196159057,1.10408307549979,2,-1
135168,0.0,0.4134427768996613,0.5254827165440649,0.2724502070711459,1.0049571318736141,1.1098900565591827,2,-1
135296,0.0,0.37993169523694525,0.5360414208699361,0.2814905613388907,1.005079746337278,1.1173501061240152,2,-1
135424,0.0,0.3546363272821799,0.5315505308034518,0.26346528302077493,1.0048344544320031,1.1201771943522154,2,-1
135552,0.0,0.36099728459069197,0.5383367031683479,0.26412655198055995,1.005079746337278,1.1183290886082093,2,-1
135680,0.0,0.3465993554392428,0.5308975634364428,0.25206174265477993,1.0049571318736141,1.1115019195154832,2,-1
135808,0.0,0.34170634415280304,0.5292407100042039,0.2670414075329813,1.0049571318736141,1.1251383881625936,2,-1
135936,0.0,0.39897035471725356,0.541385651027966,0.2696058593181402,1.0052022979066102,1.1260351744344397,0,-1
136064,0.0,0.440547856720294,0.5440615826699869,0.29605371194706054,1.005079746337278,1.1258382038255503,0,1
136192,0.0,0.4245860268867348,0.5475796203889551,0.33257514129632576,1.0049571318736141,1.1168166241145976,0,1
136320,0.0,0.4474759184830794,0.5612616169937494,0.32155666377266234,1.0053247866650505,1.1132043810171932,0,1
136448,0.0,0.4206928872042212,0.5500301053009764,0.3479157638488508,1.0047117139286545,1.0913617109592586,0,1
136576,0.0,0.42785714130672076,0.5646857491642078,0.34381720537372473,1.0049571318736141,1.0744792793450721,0,-1
136704,0.0,0.4334733844554136,0.5851303472318926,0.3335092260019363,1.0055695760821457,1.0786394866585771,0,-1
136832,0.0,0.4347902386127405,0.5846382802495234,0.36308503381065554,1.0055695760821457,1.1048289325919398,0,1
136960,0.0,0.4277617150865537,0.6103185309235043,0.3765971241073122,1.0065462378831733,1.1339755579161035,0,-1
137088,4.0,0.4357786161077335,0.6120702020527289,0.38045390224412323,1.0066680411793234,1.1416667992692944,0,-1
137216,4.0,0.48244560975255374,0.5965049358557234,0.48954297582331346,1.0061804562416374,1.1555768642540727,0,-1
137344,4.0,0.4751548420411021,0.597327080889327,0.49009668142854346,1.0061804562416374,1.1476470607312583,0,2
137472,4.0,0.45320934918236416,0.5693230658189558,0.4525707067076151,1.0054472126958651,1.127862153888305,0,2
137600,4.0,0.4303001034814419,0.5535734930459459,0.4110727801558152,1.0049571318736141,1.119413949473454,0,2
137728,4.0,0.3726448641237045,0.5345783912488723,0.34485550389987535,1.0044660434007024,1.1133775395110397,2,-1
137856,4.0,0.3696083509147686,0.5289974387791487,0.32667520795643906,1.0043431132076361,1.1163564846577407,2,-1
137984,4.0,0.42602014844361835,0.5380075614876167,0.35328810518369486,1.004588910279602,1.1100537763729086,0,2
138112,4.0,0.4086309421374258,0.5309430722405525,0.33868649057652006,1.0044660434007024,1.0924091173573092,2,2
138240,4.0,0.39568860057753186,0.5158070181238793,0.35331165494001954,1.004097062540836,1.089658854771015,2,2
138368,4.0,0.3708424315315678,0.4951449127790422,0.3797548762086804,1.0036041977073993,1.0930391466648304,2,2
138496,4.0,0.3920687746096321,0.5246977712835609,0.4032395879017587,1.0042201196159057,1.0967745178341668,2,2
138624,4.0,0.39555428716742624,0.5287164469952458,0.41662528267671645,1.0044660434007024,1.094427760298816,0,2
138752,4.0,0.40100255115845734,0.5600394600668068,0.41725595951946864,1.0053247866650505,1.0953542961554954,0,2
138880,4.0,0.4056615824096506,0.5699834858701254,0.423598415555537,1.0055695760821457,1.1050827407609125,0,2
139008,4.0,0.41683757055135184,0.5724802904532001,0.4139662917563859,1.0058141152526048,1.1078339575277363,0,2
139136,4.0,0.42233868482128706,0.5854265170979029,0.4311580467226963,1.0059362912021022,1.111527208728553,0,2
139264,4.0,0.41417304396062826,0.5920072515300789,0.44412660339360527,1.0061804562416374,1.1224602182491048,0,2
139392,4.0,0.4027726052229699,0.5857882212088076,0.44297368398670905,1.0059362912021022,1.1136004675979296,0,2
139520,4.0,0.411783407637804,0.5503376437249521,0.44339036443180657,1.0048344544320031,1.1106428705882514,0,2
139648,4.0,0.4094679637842293,0.5304228829470674,0.41877519912971956,1.0044660434007024,1.096823889776462,0,2
139776,4.0,0.39903698613764327,0.5071284184984378,0.36091978120398616,1.0038507576010838,1.0994524659092755,2,2
139904,4.0,0.37178663019649405,0.4998323306706471,0.3453445919231826,1.0037275095661569,1.098651687778732,2,2
140032,4.0,0.3644362382181547,0.5173736783428589,0.32396878503781557,1.004097062540836,1.1075238284946276,2,2
140160,4.0,0.34888299150259383,0.5060107924714485,0.3156025089417547,1.0038507576010838,1.0948396408683914,2,2
140288,4.0,0.3484004267056261,0.5058889483078071,0.31900226458891134,1.0038507576010838,1.0948642137479474,2,2
140416,4.0,0.335927448523979,0.5117886042428414,0.3108310608515719,1.0039739418975728,1.1004098479223985,2,-1
140544,4.0,0.36137211832107724,0.5015342621492894,0.3397749410313886,1.0038507576010838,1.0902364908578481,2,2
140672,4.0,0.3707246809300248,0.526867746060766,0.3822563890427026,1.0043431132076361,1.1036321588109865,2,2
140800,4.0,0.4137279551090476,0.5076075218647147,0.36049366750719464,1.0039739418975728,1.0902664565423232,2,2
140928,4.0,0.4140455951073908,0.5229665992235365,0.38672698059765326,1.0042201196159057,1.10162734066337,0,2
141056,4.0,0.43034047523241226,0.5501468388782602,0.41786895065693996,1.0049571318736141,1.1266252047305345,0,2
141184,4.0,0.5015187538376505,0.5562576251612296,0.4278634461021359,1.0053247866650505,1.1542006763850383,0,-1
141312,4.0,0.522318058596121,0.5819417747628322,0.4906815718412875,1.0059362912021022,1.1827124639304054,0,-1
141440,4.0,0.5149078783896347,0.6096352224851029,0.5336821881033335,1.0069114623836124,1.186612365586986,0,-1
141568,4.0,0.4310911258719426,0.6014876138638552,0.5336216996842539,1.0066680411793234,1.1638553902377704,0,-1
141696,4.0,0.4068345088913562,0.5864827917924071,0.5258135773377223,1.006058404837703,1.1464247402441514,0,2
141824,4.0,0.3916692128866186,0.6145226417836639,0.5269652433034333,1.0070330804540046,1.1512349140912652,0,-1
141952,4.0,0.41113393134803083,0.6027062641499455,0.5019824327638901,1.0065462378831733,1.1474156491285767,0,-1
142080,4.0,0.39882300454648967,0.586326828051086,0.45436073526018733,1.006058404837703,1.1390168220472465,0,2
142208,4.0,0.3878525209218335,0.5868268595588336,0.3924411954175809,1.0061804562416374,1.1448956728085107,0,-1
142336,4.0,0.308225806666852,0.5527882480607756,0.3428764777602442,1.0052022979066102,1.1028540923028642,2,-1
142464,4.0,0.33201662538612786,0.5119553018865837,0.29455246649876654,1.0042201196159057,1.0896374642782085,2,-1
142592,4.0,0.3713473052110634,0.5126108259325589,0.2817188521046667,1.0042201196159057,1.0915396856830242,2,2
142720,4.0,0.3597985757734167,0.49220229151895517,0.2546643635096398,1.0038507576010838,1.084115615121117,2,2
142848,4.0,0.3456465759970881,0.4662161029332539,0.24723343062200945,1.0032338783315098,1.083866294829065,2,2
142976,4.0,0.37929281509298307,0.5176755032147322,0.322414642014601,1.0042201196159057,1.104252073760346,2,2
143104,4.0,0.39031024978786316,0.5098652219972206,0.3268889304880209,1.0039739418975728,1.10666036344158,2,2
143232,4.0,0.39940965663085304,0.5431945645857759,0.3386971719250977,1.0048344544320031,1.1140836105365641,0,2
143360,4.0,0.3957592927811914,0.5613865840522901,0.24964734575596412,1.005079746337278,1.0836711030831343,2,-1
143488,4.0,0.4076538871223825,0.5509259166246797,0.2610264077052788,1.0048344544320031,1.0889846178045646,2,-1
143616,4.0,0.4233898889732146,0.5490300071349911,0.309632793506612,1.0047117139286545,1.0989883125800093,0,2
143744,4.0,0.48694712464344164,0.5591482382227928,0.37977793644174956,1.0049571318736141,1.097905256229464,0,2
143872,4.0,0.43491384821334356,0.577960859562945,0.4515090466095711,1.0055695760821457,1.1169612199544325,0,2
144000,4.0,0.473914388052218,0.5734152739843553,0.4264952135296186,1.0054472126958651,1.1043261550189627,0,2
144128,4.0,0.44477048451260276,0.5766418323645072,0.42242113948783416,1.0054472126958651,1.1052546597882493,0,2
144256,4.0,0.4248745426202296,0.5516641994526434,0.38343333525172396,1.0048344544320031,1.0953549789326211,0,2
144384,4.0,0.4288739356355972,0.5526792033772179,0.425114297630732,1.0049571318736141,1.1103043940201058,0,2
144512,4.0,0.42649632712242036,0.5492275424867568,0.431538831163599,1.0048344544320031,1.0970232282861432,0,2
144640,4.0,0.4427330589691118,0.5733001475430293,0.4536040518983199,1.0055695760821457,1.1305228291533345,0,2
144768,4.0,0.4090712037362741,0.5743257779625345,0.4536469519405968,1.0055695760821457,1.1136828160676715,0,2
144896,4.0,0.40503773139331245,0.5699923639419785,0.4566357929312941,1.0053247866650505,1.1117709354707999,0,2
145024,4.0,0.40009210115808386,0.568193176300766,0.4638674289087878,1.0053247866650505,1.1108776762023682,0,2
145152,4.0,0.39238789802682106,0.545286167129714,0.4391816410171288,1.0048344544320031,1.0946425841247922,0,2
145280,4.0,0.4005557330048433,0.561872179216653,0.4334965116433809,1.0052022979066102,1.1110819477863394,0,2
145408,4.0,0.4078004137207052,0.5421087560460157,0.43816537858947396,1.0047117139286545,1.110185112200572,0,2
145536,4.0,0.41655856061601976,0.5542521251025962,0.4554487787704301,1.0049571318736141,1.129490885693037,0,2
145664,4.0,0.42910573165890237,0.5598336268911701,0.45262925835156687,1.0049571318736141,1.12640440915295,0,2
145792,4.0,0.43777028964366904,0.5495744734727246,0.4871779196140574,1.004588910279602,1.1226591922276112,0,2
145920,4.0,0.4212756372244829,0.5544752820259526,0.4916836157645974,1.0048344544320031,1.1165762571122764,0,2
146048,4.0,0.3818118173215943,0.5392107975485607,0.47427308544648894,1.0043431132076361,1.1221264493470602,0,2
146176,4.0,0.38898073400720784,0.5533597817108223,0.4556060074312848,1.0048344544320031,1.1303229894722202,0,2
146304,4.0,0.40541581680459005,0.5601152046537855,0.4520253660014582,1.005079746337278,1.1259240027772046,0,2
146432,4.0,0.4113182518906053,0.5491817457494487,0.4270954677145176,1.0048344544320031,1.1244741594720988,0,2
146560,4.0,0.41648512941631494,0.5483503025326975,0.4382357789184378,1.0047117139286545,1.1053582903318533,0,2
146688,4.0,0.4123917756235437,0.5432245583680887,0.4306127049356476,1.0044660434007024,1.1081013918706693,0,2
146816,4.0,0.41896294656637395,0.544787235568118,0.4488725801376814,1.0044660434007024,1.100214051278609,0,2
146944,4.0,0.41710796180406473,0.5521568883450731,0.43231963294384074,1.0047117139286545,1.1046354700600984,0,2
147072,4.0,0.42651891994029806,0.5484589962697893,0.4672289762602326,1.0047117139286545,1.117870008987139,0,2
147200,4.0,0.4179147404778146,0.5391851084823578,0.4689370208223365,1.0044660434007024,1.118039461149853,0,2
147328,4.0,0.4076172999189613,0.5413700282639935,0.47486339413703205,1.004588910279602,1.116539818783188,0,2
147456,4.0,0.40648127835441106,0.5521696441004811,0.4905013205489092,1.0048344544320031,1.1331895296253476,0,2
147584,4.0,0.4230836000581341,0.5553042348236328,0.4959916172898367,1.0048344544320031,1.1292359121724602,0,2
147712,4.0,0.42707855050331023,0.5658421621616937,0.49299518835131934,1.005079746337278,1.1335024769772342,0,2
147840,4.0,0.4211336681362231,0.5600550935016199,0.4799680405735098,1.0049571318736141,1.1321937264899238,0,2
147968,4.0,0.40453341895577477,0.5452087569603513,0.4510071285550805,1.004588910279602,1.1183876424294459,0,2
148096,4.0,0.40021456718286963,0.54925577887803,0.4631166505997963,1.0048344544320031,1.1204113044894373,0,2
148224,4.0,0.4022140808796302,0.5465365882830153,0.4440025525500347,1.0048344544320031,1.1269853782499941,0,2
148352,4.0,0.38161131376415414,0.5500305810119681,0.470890194779723,1.0047117139286545,1.1354903362617959,0,2
148480,4.0,0.39271005818520116,0.5525812956907371,0.477941527087303,1.0047117139286545,1.1266091582436861,0,2
148608,4.0,0.3614312828541125,0.5513282014963103,0.4584714007792679,1.0047117139286545,1.1134717694042002,0,2
148736,4.0,0.3715880583949533,0.554121125692457,0.4788407477502109,1.0048344544320031,1.1128863387533041,0,2
148864,4.0,0.3578887687319534,0.5416725879420489,0.4558501689474124,1.004588910279602,1.113677282135061,0,2
148992,4.0,0.385635890317435,0.5572186398719174,0.4619274218208104,1.005079746337278,1.1183469559641812,0,2
149120,4.0,0.38141273065962245,0.5678926368848346,0.4916921273904855,1.0053247866650505,1.1247926637775538,0,2
149248,4.0,0.38809457112895185,0.558715908298733,0.5168366274595024,1.0049571318736141,1.117383868164909,0,2
149376,4.0,0.3782612598055072,0.5601628768691984,0.5256429495916313,1.0049571318736141,1.124629095330159,0,2
149504,4.0,0.3650273074790195,0.5500465435608062,0.5193788498590087,1.004588910279602,1.1208831515290447,0,2
149632,4.0,0.35288197959941386,0.5371139155442699,0.4915802419017534,1.0042201196159057,1.104506415834122,0,-1
149760,4.0,0.3733193034377428,0.5608270501785365,0.49220747987747077,1.005079746337278,1.1085974205216313,0,2
149888,4.0,0.41189671630454744,0.5678718573447356,0.4851053792057607,1.0053247866650505,1.1150490457455864,0,2
150016,4.0,0.4258162097719501,0.5665238697277946,0.4707192952034264,1.0054472126958651,1.1283040981177692,0,2
150144,4.0,0.4446023034367374,0.5691613887763665,0.45133144098661776,1.0055695760821457,1.1132829582740544,0,2
150272,4.0,0.42317311326244605,0.5606514869920458,0.4540011362117797,1.005079746337278,1.1224008862433088,0,2
150400,4.0,0.4311698849538542,0.553260159264014,0.46142129324271564,1.0048344544320031,1.1184975921234517,0,2
150528,4.0,0.44149240250466126,0.5745719807305171,0.48253480537699345,1.0054472126958651,1.119597258941845,0,2
150656,4.0,0.4533670040468375,0.568548503120146,0.4845830790088929,1.0053247866650505,1.115534715506719,0,2
150784,4.0,0.4466081686465526,0.565031026502035,0.4885921312087138,1.0053247866650505,1.1063068377155834,0,2
150912,4.0,0.4166048642331593,0.5705413987856875,0.47490438517916483,1.0055695760821457,1.112694159531214,0,2
151040,4.0,0.4267280961195462,0.5536441750679572,0.47681543463666437,1.0049571318736141,1.1085707179532882,0,2
151168,4.0,0.42354469208690626,0.5591708685679636,0.4505834157992247,1.005079746337278,1.1092895327182866,0,2
151296,4.0,0.4319881760140571,0.5814219463680801,0.4376961120963485,1.0056918769068104,1.1046518328110873,0,2
151424,4.0,0.4379163779170912,0.582281401283597,0.4492908980867365,1.0058141152526048,1.107753960543882,0,2
151552,4.0,0.4386434261063614,0.581633282584356,0.46810994546598295,1.0058141152526048,1.1015462679794934,0,2
151680,4.0,0.4746897235677335,0.5863934581759945,0.47170269762951045,1.0058141152526048,1.1164830506372587,0,2
151808,4.0,0.4769106726513502,0.5701049637397043,0.45455233358501773,1.0054472126958651,1.122226773338358,0,2
151936,4.0,0.47065309514637527,0.5675032463081441,0.4467752609253753,1.0053247866650505,1.1175702168737922,0,2
152064,4.0,0.4531119691310447,0.5600325249580036,0.47533478806865026,1.0049571318736141,1.1062638720057483,0,2
152192,4.0,0.4278292225137074,0.545325939184277,0.434576371133128,1.0047117139286545,1.1241379629470785,0,2
152320,4.0,0.40724469781837663,0.534910826120017,0.4549207041127708,1.0044660434007024,1.0955464230097465,0,2
152448,4.0,0.3935909487214094,0.5376908367591396,0.47019758073076506,1.0043431132076361,1.0959851077396023,0,2
152576,4.0,0.39292736540975,0.5385854115497858,0.41846847296014916,1.004588910279602,1.0980504121366017,0,2
152704,4.0,0.38388757359828957,0.5455364381103444,0.43111693602541556,1.0048344544320031,1.1023002893174394,0,2
152832,4.0,0.385052823154604,0.5482222235288005,0.43399181111649215,1.0047117139286545,1.105760388395786,0,2
152960,4.0,0.41076881285308836,0.5688704678141245,0.4246324456369136,1.0054472126958651,1.1167247646500995,0,2
153088,4.0,0.4206234500275088,0.5640539359996771,0.3940732883407344,1.0053247866650505,1.1187218232954879,0,2
153216,4.0,0.4199367583352728,0.5612405566115025,0.38298333606385476,1.0052022979066102,1.12368016394393,0,2
153344,4.0,0.4062692888597205,0.565846308062347,0.39498751884698835,1.0054472126958651,1.135664196993391,0,2
153472,4.0,0.4277641379843516,0.5546549796623247,0.41504984602115186,1.0052022979066102,1.1289960866812059,0,2
153600,4.0,0.4286087280022921,0.5568727271127487,0.43626281545991175,1.0052022979066102,1.10938219241709,0,2
153728,4.0,0.4234947585327608,0.5580111335222369,0.45340457039728344,1.0053247866650505,1.119067543904458,0,2
153856,4.0,0.43799799440468795,0.5599858722031534,0.4500821735969711,1.0052022979066102,1.1119641087911987,0,2
153984,4.0,0.468004704827511,0.5637257407893405,0.4256030068450051,1.0054472126958651,1.1138850728153789,0,2
154112,4.0,0.4776611454003146,0.5711291793517171,0.4359670345095277,1.0055695760821457,1.1264575067650597,0,2
154240,4.0,0.4637046558434367,0.5807529159732875,0.43993923351835484,1.0056918769068104,1.1223430400672711,0,2
154368,4.0,0.4606863740122743,0.5773621701581776,0.4513620458781096,1.0054472126958651,1.1192606949026385,0,2
154496,4.0,0.4702335841204212,0.5725775710326853,0.4907422553113135,1.0052022979066102,1.135464165581368,0,2
154624,4.0,0.45508519292614946,0.5567341378460589,0.4480554496851615,1.0047117139286545,1.109142619957899,0,2
154752,4.0,0.4358318388141718,0.5587188995513402,0.4721607043050992,1.0047117139286545,1.1131029583496994,0,2
154880,4.0,0.42262724858978507,0.5658977190606567,0.47605450062018084,1.005079746337278,1.112841460984527,0,2
155008,4.0,0.4090538269123704,0.543524853789904,0.42661412861060377,1.0047117139286545,1.0987891581797256,0,2
155136,4.0,0.4144650578542223,0.5596979343737942,0.4352022702039266,1.0052022979066102,1.1028260904623217,0,2
155264,4.0,0.3873874749656566,0.5412916557636935,0.4176316494083428,1.0048344544320031,1.1138256612574002,0,2
155392,4.0,0.3755461010681656,0.525348474535667,0.3926109160052409,1.0043431132076361,1.1159067086431405,0,2
155520,4.0,0.3966255978169539,0.5389308563774116,0.40390276699629335,1.0047117139286545,1.1251032543755572,0,2
155648,4.0,0.3942343155676862,0.5353096713851366,0.3994265681558073,1.0044660434007024,1.1276647253384717,0,2
155776,4.0,0.38729449378728065,0.5520360254924579,0.42412794766513845,1.005079746337278,1.1223189661201471,0,2
155904,4.0,0.3880760283434821,0.5668904859876299,0.43913165399155,1.0054472126958651,1.1425674912234862,0,2
156032,4.0,0.4169629209873793,0.5698353728239496,0.39409802783692044,1.0056918769068104,1.125858503422871,0,2
156160,4.0,0.42022458718564515,0.5693911220518418,0.40398767087137366,1.0056918769068104,1.1294374554791091,0,2
156288,4.0,0.4179500444800307,0.571650758922106,0.4100435212946809,1.0056918769068104,1.1420545236965463,0,2
156416,4.0,0.4486136590608675,0.5651456067836758,0.4550955461574497,1.0054472126958651,1.1421108002472764,0,2
156544,4.0,0.4389215678836883,0.5563792943573334,0.42994637850278855,1.0049571318736141,1.1469050140207409,0,2
156672,4.0,0.48914473677398185,0.5577895971747399,0.40879955601261614,1.0049571318736141,1.1210227293524453,0,2
156800,4.0,0.4448622630524998,0.5375812201803704,0.37294097522657665,1.0043431132076361,1.110497916699545,0,2
156928,4.0,0.44248077782255857,0.5326551184951465,0.3567543562873944,1.0044660434007024,1.0863137607337312,0,2
157056,4.0,0.4404459088361692,0.5494338213822395,0.3819855704170054,1.0049571318736141,1.1063570302375296,0,2
157184,4.0,0.4683959351541075,0.5609496466869487,0.43058416820349626,1.005079746337278,1.0985607524614405,0,2
157312,4.0,0.4749009951159282,0.5693183763955039,0.4003466508412271,1.0052022979066102,1.0898967149239425,0,2
157440,4.0,0.479821541133968,0.5757396511092895,0.4098290273758978,1.0052022979066102,1.0827554960563408,0,-1
157568,4.0,0.4513065062886976,0.569790850906301,0.3759534622082397,1.005079746337278,1.0907518957867026,0,2
157696,4.0,0.4589179489240023,0.576241469879062,0.35336084456808375,1.0053247866650505,1.078671678846299,0,-1
157824,4.0,0.4469234109184463,0.5785944400006736,0.3847849028706256,1.0054472126958651,1.1039078115915368,0,2
157952,4.0,0.446670656614262,0.5732377558217094,0.3998467598198756,1.0053247866650505,1.1148890580840667,0,2
158080,4.0,0.4524447740691085,0.5734752936285875,0.4653236001193358,1.0053247866650505,1.1172353248532216,0,2
158208,4.0,0.4642550766689352,0.5582638530950873,0.46772485879514797,1.0048344544320031,1.127067459066877,0,2
158336,4.0,0.4324458879395504,0.5507462377866168,0.4726132636761964,1.004588910279602,1.1268099789688262,0,2
158464,4.0,0.40048104754683633,0.5462359423733734,0.4310442455792928,1.004588910279602,1.1254716701866478,0,2
158592,4.0,0.4076783666627858,0.5428733536800813,0.40930329505696167,1.0044660434007024,1.1276348640370812,0,2
158720,4.0,0.41649742306219406,0.5470464362016486,0.4440382332016413,1.0047117139286545,1.1237122802549537,0,2
158848,4.0,0.4031576915032003,0.5437514416132055,0.43053208664376214,1.0047117139286545,1.1222590280626201,0,2
158976,4.0,0.45195740719129124,0.5514282950305703,0.45623511420269786,1.0048344544320031,1.1411881815154197,0,2
159104,4.0,0.47000308839312527,0.5661938408388543,0.4798097946670631,1.0052022979066102,1.1381231726890182,0,2
159232,4.0,0.4745283019933954,0.5657530477633527,0.4459821358258507,1.0052022979066102,1.1399348933147833,0,2
159360,4.0,0.4342261687128079,0.568895992815931,0.47519844612283957,1.0052022979066102,1.1402332798585129,0,2
159488,4.0,0.37686721493015757,0.5588171550335737,0.45062167512494844,1.0049571318736141,1.1344018117853851,0,2
159616,4.0,0.37191394139400824,0.5612952836619362,0.4578121027512622,1.005079746337278,1.1376538700037289,0,2
159744,4.0,0.44716677814694133,0.5598336268911701,0.4750520989417366,1.0049571318736141,1.140557034553466,0,2
159872,4.0,0.44744431970158544,0.5632238018115938,0.49630539099274346,1.005079746337278,1.1446761190320116,0,2
160000,4.0,0.4512260704325009,0.5671640574474793,0.5303194184469918,1.0052022979066102,1.1567735202910558,0,2
160128,4.0,0.4070365671647889,0.5618709437004541,0.5162667565060721,1.005079746337278,1.147795195644958,0,2
160256,4.0,0.41912888669046455,0.5658458337724571,0.5146263389088608,1.0052022979066102,1.1508241397529189,0,2
160384,4.0,0.41026251261571356,0.574554538420408,0.4993594866783465,1.0054472126958651,1.152162703643893,0,2
160512,4.0,0.4234940777955366,0.5721865821773429,0.5040039902688614,1.0054472126958651,1.1410981415454153,0,2
160640,4.0,0.42143003843401194,0.5742483982220689,0.5274156724683534,1.0054472126958651,1.135187624423259,0,2
160768,4.0,0.45988850827840766,0.5803082179664472,0.5311691884425414,1.0056918769068104,1.1381307968584857,0,2
160896,4.0,0.4623338891593535,0.583024549528707,0.5273180858417159,1.0056918769068104,1.1421351122535341,0,2
161024,4.0,0.46906840214424944,0.5885727882231154,0.5145166614458461,1.0058141152526048,1.1275414379621025,0,2
161152,4.0,0.43592008289859724,0.5801596127012468,0.4981991370576405,1.0054472126958651,1.135959293132257,0,2
161280,4.0,0.4325784251724496,0.583304328832388,0.4943181508714383,1.0055695760821457,1.124693059530734,0,2
161408,4.0,0.4276397326984753,0.5762829991343253,0.47870156077624626,1.0054472126958651,1.1331624278611192,0,2
161536,4.0,0.45198908240745855,0.5769423717804388,0.47140217939824436,1.0054472126958651,1.158260475676308,0,2
161664,4.0,0.4691295941892586,0.5736732384491822,0.4880277667162141,1.0054472126958651,1.1409623037736012,0,2
161792,4.0,0.43130815265064665,0.5629746328681057,0.48919106119799716,1.005079746337278,1.1331802817774415,0,2
161920,4.0,0.43469999860286707,0.5568945461124162,0.5071890171336924,1.0048344544320031,1.1275361680585845,0,2
162048,4.0,0.45025744768571513,0.5607016754105266,0.4979284667628659,1.0049571318736141,1.130678196906399,0,2
162176,4.0,0.4513630052054016,0.5655110789724747,0.482403537854935,1.005079746337278,1.1246994081124162,0,2
162304,4.0,0.4524533105823013,0.5825232270318657,0.4996743758296226,1.0055695760821457,1.131442294059925,0,2
162432,4.0,0.42691536834336624,0.5798410230889046,0.4727075515781364,1.0055695760821457,1.144087338724404,0,2
162560,4.0,0.4358122074980434,0.5756897237221239,0.49490887332881345,1.0054472126958651,1.133644706956092,0,2
162688,4.0,0.44526881997291734,0.5832099317361923,0.49597595554717777,1.0056918769068104,1.1472354839713852,0,2
162816,4.0,0.43799422615802985,0.5741159752630265,0.4916734490604943,1.0054472126958651,1.1366548882089584,0,2
162944,4.0,0.4343217189008684,0.5859019191199305,0.5090902857604496,1.0058141152526048,1.137919164643998,0,2
163072,4.0,0.45449383146119704,0.5736732384491822,0.48064435350551177,1.0054472126958651,1.1431720301970343,0,2
163200,4.0,0.4549788103963446,0.5726587487996097,0.5022532981414065,1.0054472126958651,1.1487377201246827,0,2
163328,4.0,0.41247284447870863,0.5722862046241511,0.49019131963166435,1.0054472126958651,1.1432862624951332,0,2
163456,4.0,0.41302754532442004,0.558986670506725,0.47696578759888997,1.005079746337278,1.1512166630169176,0,2
163584,4.0,0.40848855716195503,0.5668192280128161,0.4887996492056372,1.0052022979066102,1.1424961638337636,0,2
163712,4.0,0.40908311683286674,0.5583491310484936,0.4715820205081006,1.0049571318736141,1.1382263126786336,0,2
163840,4.0,0.4266617679221896,0.56495841177116,0.5011632437196734,1.0052022979066102,1.1345242271857292,0,2
163968,4.0,0.43640555770832845,0.5726993108317834,0.522601675416705,1.0053247866650505,1.1364166318379392,0,2
164096,4.0,0.4491428288049698,0.5758889686157403,0.5190771999637557,1.0054472126958651,1.1314895889159653,0,2
164224,4.0,0.4305444926672866,0.5731692779725175,0.5119597321948918,1.0053247866650505,1.1452187460021188,0,2
164352,4.0,0.41231202372644593,0.5668376375087446,0.49709968999763526,1.0052022979066102,1.13273652044508,0,2
164480,4.0,0.39024093684591266,0.5598336268911701,0.45985731719425743,1.0049571318736141,1.1320743392955432,0,2
164608,4.0,0.4371425231318686,0.5693207563798814,0.4751523413550664,1.0053247866650505,1.155408473695716,0,2
164736,4.0,0.47599782486263376,0.5632505153858761,0.4910134270460338,1.0052022979066102,1.1586175836866397,0,2
164864,4.0,0.4576336043048659,0.5604093244721521,0.46813621507094016,1.005079746337278,1.1566024822781227,0,2
164992,4.0,0.4464440411938757,0.5771566401260342,0.5072452057742688,1.0055695760821457,1.1589300570315617,0,2
165120,4.0,0.48111714845289993,0.5707846856830638,0.511190330571815,1.0054472126958651,1.156802369800928,0,2
165248,4.0,0.5130324121552846,0.5804211460824934,0.5100706218426216,1.0056918769068104,1.1608594379900692,0,-1
165376,4.0,0.5118402800344894,0.5893661514554659,0.5359076625140314,1.0059362912021022,1.1715554694984744,0,-1
165504,4.0,0.45832883423811827,0.5904024294810817,0.5396034810244636,1.006058404837703,1.1647144688557212,0,2
165632,4.0,0.4550668405515216,0.593944343888654,0.5517841277397374,1.006058404837703,1.1647103310830786,0,2
165760,4.0,0.44297632321571767,0.5853791259964941,0.5231558289710366,1.0056918769068104,1.1542244986364818,0,2
165888,4.0,0.42620719061120926,0.5869566479137255,0.502564570824545,1.0058141152526048,1.1601699766395293,0,2
166016,4.0,0.43082021934430415,0.5775373153180021,0.5204344828726274,1.0054472126958651,1.15502226444056,0,2
166144,4.0,0.4364528342450804,0.5781806652053723,0.5191891284667683,1.0054472126958651,1.1404396326506139,0,2
166272,4.0,0.44040841682650117,0.5946870179578029,0.5253537243289005,1.006058404837703,1.1451450353097075,0,2
166400,4.0,0.43528079987929796,0.5900217793852615,0.516379065844064,1.0059362912021022,1.1507365203497584,0,2
166528,4.0,0.43083210216170914,0.5845316745782375,0.5025356303763737,1.0058141152526048,1.137169080427684,0,2
166656,4.0,0.44236337394149466,0.5806826321737752,0.4836878350617299,1.0058141152526048,1.1428887358309514,0,2
166784,4.0,0.44700073550737324,0.5733433043261477,0.5194150028317542,1.0054472126958651,1.1553882790500605,0,2
166912,4.0,0.4681362639589749,0.5742596210104368,0.5313112899908962,1.0054472126958651,1.1542588599595467,0,2
167040,4.0,0.4324805731402092,0.5724828334913248,0.5043262239475808,1.0054472126958651,1.1516774572670285,0,2
167168,4.0,0.42177601758268046,0.5612682924895501,0.4891131555841501,1.005079746337278,1.1378448740303773,0,2
167296,4.0,0.4202826490815266,0.5810777072209019,0.47321308426362374,1.0058141152526048,1.1465307408586223,0,2
167424,4.0,0.4244816507353615,0.576383655064755,0.44745893757853367,1.0056918769068104,1.1407904196422256,0,2
167552,4.0,0.41009552597266113,0.5729416682801819,0.4620146260462084,1.0055695760821457,1.1401620269210961,0,2
167680,4.0,0.4130969920144344,0.5686045922950416,0.44028310064047443,1.0054472126958651,1.1445678419915464,0,2
167808,4.0,0.38844098945184347,0.5452053549211252,0.38491949929927305,1.0048344544320031,1.13687465355815,0,2
167936,4.0,0.3798447861394001,0.5269463298206668,0.330290485211443,1.0044660434007024,1.1265899946810658,0,-1
168064,4.0,0.35498955160129864,0.5232614981612055,0.2725667039405651,1.0044660434007024,1.1302232406808381,2,-1
168192,4.0,0.40242131744341403,0.5077806933310441,0.2797935441926056,1.0039739418975728,1.1209562187709747,2,-1
168320,4.0,0.4065985630359359,0.49943120792246903,0.30471587056520416,1.0038507576010838,1.1195849307946462,2,2
168448,4.0,0.3982037611819861,0.4995383107321422,0.3296137505341032,1.0037275095661569,1.108931704955552,2,2
168576,4.0,0.37035186147773913,0.5019222797220074,0.3186362295221802,1.0037275095661569,1.1071426505098072,2,2
168704,4.0,0.3591783011837735,0.4930135735562613,0.24385342232968002,1.0037275095661569,1.1151999928656198,2,-1
168832,4.0,0.3354758812509307,0.4997156521171113,0.257556712985864,1.0039739418975728,1.1136504078655531,2,-1
168960,4.0,0.3866887258225344,0.5010978555464563,0.26222221075803614,1.0039739418975728,1.1131042341787245,2,2
169088,4.0,0.4353663868308944,0.505668203599342,0.33381830725033973,1.0042201196159057,1.1058382176422654,1,2
169216,0.0,0.4682956013991193,0.5030674407772449,0.3576078907461183,1.0042201196159057,1.1074103442810164,0,1
169344,0.0,0.47995507282646344,0.5187249897016211,0.3988487678867458,1.0043431132076361,1.1232178556599945,0,1
169472,0.0,0.46991623373729385,0.5277054424983842,0.3994908256328126,1.0044660434007024,1.1223902238788335,0,1
169600,0.0,0.42714316762784105,0.5270678806774297,0.4062213037926369,1.0042201196159057,1.123577891325007,0,1
169728,0.0,0.4180008769424769,0.5334069200677278,0.42391614654980436,1.0042201196159057,1.125597112755352,0,-1
169856,0.0,0.47679681557138726,0.5559469801680338,0.43871717781477493,1.0047117139286545,1.119566960592118,0,1
169984,0.0,0.49928047290380184,0.5599838408305995,0.4643410370871874,1.0048344544320031,1.1123698586423951,0,1
170112,0.0,0.509912895319631,0.5686777135354267,0.4449425298447889,1.005079746337278,1.1117600401425936,0,1
170240,0.0,0.4750493064530958,0.5583491310484936,0.41691986270922243,1.0049571318736141,1.1204794696299578,0,1
170368,0.0,0.47006862349079287,0.5346683894946272,0.4083345505361172,1.0044660434007024,1.1081197467413275,0,1
170496,0.0,0.4555810732144028,0.5286224800099252,0.38651350303134446,1.0043431132076361,1.1162413200156844,0,1
170624,0.0,0.4460699797793607,0.5375916973854704,0.42563226653022534,1.004588910279602,1.1361786380961827,0,1
170752,0.0,0.4176891886413777,0.5428947779216216,0.43042235295448955,1.004588910279602,1.1286857127153764,0,1
170880,0.0,0.4644639524460382,0.5428376407627165,0.41395172198548313,1.004588910279602,1.1302311051044411,0,1
171008,0.0,0.465542796322985,0.5484335877404974,0.4165212273001623,1.0049571318736141,1.1245661102134548,0,1
171136,0.0,0.44494335490940257,0.5306410307332351,0.37624656210902435,1.0044660434007024,1.1147000320995089,0,1
171264,0.0,0.4089245063914464,0.5270803393706605,0.35847512444288027,1.0044660434007024,1.1010122054557536,2,1
171392,0.0,0.3945040734608474,0.5223108173244454,0.33742912362208743,1.0044660434007024,1.1067547082577844,2,-1
171520,0.0,0.3783328061064661,0.5335976948970769,0.35181239461584424,1.004588910279602,1.1142475927882765,2,-1
171648,0.0,0.406032190332342,0.5481600272988569,0.3950423933064631,1.0049571318736141,1.1306991473675838,0,1
171776,0.0,0.43805241460701433,0.5533161234287861,0.4267948749144987,1.005079746337278,1.121442558774362,0,1
171904,0.0,0.4513689099843667,0.5559383770485421,0.42719145548503823,1.0052022979066102,1.1222759630534813,0,1
172032,0.0,0.44842823664223214,0.545358691659678,0.40476976372665985,1.005079746337278,1.1073136162252912,0,1
172160,0.0,0.4803709788669341,0.5557881185916528,0.37395013656805,1.0054472126958651,1.1036314111256709,0,1
172288,0.0,0.4643544507951565,0.5483438795401442,0.3760145144732446,1.0053247866650505,1.1055332615557747,0,1
172416,0.0,0.4630754985888419,0.5484457834381389,0.37519442438840694,1.005079746337278,1.0999810799904814,0,1
172544,0.0,0.45919522582380606,0.5385691370318483,0.38605224347701705,1.0047117139286545,1.1055037813486759,0,1
172672,0.0,0.44587994622816673,0.5219969261908,0.39254600480835083,1.0042201196159057,1.0953955070284624,0,1
172800,0.0,0.43077748528973814,0.5290238807315358,0.42300561173887424,1.004097062540836,1.1007452120799561,0,1
172928,0.0,0.40969183635553263,0.5198343275934053,0.3992848525787329,1.0038507576010838,1.0965903400829329,2,-1
173056,0.0,0.45723247612901746,0.5156591845129281,0.39250490714195096,1.0038507576010838,1.0881308078636702,2,1
173184,0.0,0.4420216210699534,0.5261624725690754,0.3911081525054532,1.004097062540836,1.086364431081137,2,1
173312,0.0,0.4802447215150348,0.5331205309363163,0.3787320459110955,1.004588910279602,1.1081346387938107,0,1
173440,0.0,0.4840110186901647,0.5247456675257538,0.3787740035472799,1.0044660434007024,1.1101838100476165,0,1
173568,0.0,0.4787140688182454,0.5153108305109038,0.3700129728500788,1.0042201196159057,1.1008932526594353,0,1
173696,0.0,0.4517117294549278,0.4930064802017722,0.3238987956749082,1.0037275095661569,1.1105649756919331,2,-1
173824,0.0,0.3845967899232669,0.46699822947167546,0.2504822531574103,1.0032338783315098,1.0995062814404069,2,3
173952,0.0,0.38281963668419017,0.47570209781651696,0.2332044691223041,1.0036041977073993,1.09310970182543,2,3
174080,0.0,0.4817862679911055,0.5008540953861002,0.29526764467754174,1.004097062540836,1.0947674657581135,2,-1
174208,0.0,0.4887916611454348,0.5154655533578058,0.3382772515293892,1.004588910279602,1.1104945612151838,0,1
174336,0.0,0.49179217011827425,0.5469406045614171,0.34217673548962485,1.0052022979066102,1.1151138541526497,0,1
174464,0.0,0.4652621914847951,0.5437447057072545,0.39438987213470544,1.0048344544320031,1.1201442046653658,0,1
174592,0.0,0.4589054152674213,0.5534616764010777,0.4401872293216099,1.0048344544320031,1.1059747818962444,0,1
174720,0.0,0.4112255079671895,0.5495780402465178,0.478978491006434,1.0044660434007024,1.0915987302402346,0,-1
174848,0.0,0.4397976819332493,0.5463646603043831,0.5041051395972903,1.0042201196159057,1.0875741123801475,0,1
174976,0.0,0.44245166712856077,0.5688431461450447,0.5241706345549244,1.0049571318736141,1.0949428249774764,0,1
175104,0.0,0.49611241449828236,0.5666670002306448,0.4913321349313497,1.0048344544320031,1.1248517989857987,0,1
175232,0.0,0.5096370248603381,0.5839507113821194,0.4897017356395062,1.0054472126958651,1.1208157879152112,0,1
175360,0.0,0.5055897992357739,0.5819593539748454,0.4745636006674304,1.0055695760821457,1.1466128928885817,0,1
175488,0.0,0.49176277181926525,0.5500954103921235,0.4158927312704235,1.0048344544320031,1.1101765284567964,0,1
175616,0.0,0.45989692274108335,0.5531549255827435,0.4234423069731862,1.005079746337278,1.127260122869619,0,1
175744,0.0,0.4682842999698346,0.5508102979691816,0.4261373628153485,1.0049571318736141,1.094672598678502,0,1
175872,0.0,0.5008808019485871,0.5561089804527009,0.39818236092340914,1.0048344544320031,1.1514176332934005,0,-1
176000,0.0,0.46979120514848977,0.5649993195418371,0.35130838135561804,1.005079746337278,1.1043750586053984,0,1
176128,0.0,0.47327775647398945,0.5426549301216601,0.34815824608166196,1.0043431132076361,1.0983832705130443,0,1
176256,0.0,0.4679255084728279,0.5477155777378911,0.3576694295536179,1.0043431132076361,1.0880907601601095,0,1
176384,0.0,0.4714294675742612,0.5628104739630773,0.3661344739362572,1.0047117139286545,1.0983632090326847,0,1
176512,0.0,0.4510673682238311,0.5667201520935227,0.46673519870615426,1.0048344544320031,1.1042526511844117,0,1
176640,0.0,0.45405900209309613,0.577429779388914,0.5021319062325522,1.0052022979066102,1.1149524184816018,0,1
176768,0.0,0.46171492871918507,0.5733935500551862,0.5036894579739676,1.005079746337278,1.0999339578253544,0,1
176896,0.0,0.4683780265243888,0.5704068812924786,0.5423242908253616,1.0049571318736141,1.1132643140686802,0,1
177024,0.0,0.4943742614186926,0.589847638977545,0.4943277876507513,1.0056918769068104,1.1301400881367372,0,1
177152,0.0,0.5333189079221909,0.5968068469635431,0.5062727703730764,1.0059362912021022,1.1194255064569383,0,1
177280,0.0,0.5178900286017383,0.6089549537589064,0.5024380719725031,1.0065462378831733,1.1428604168544507,0,1
177408,0.0,0.5351157506076859,0.6048768465768258,0.4667203952244626,1.0066680411793234,1.139695742708321,0,1
177536,0.0,0.42624618577393064,0.5780763013387247,0.49025131861674626,1.0055695760821457,1.1219060834922923,0,1
177664,0.0,0.409729378082979,0.5952170563131649,0.512827717532082,1.006058404837703,1.1272321571211414,0,1
177792,0.0,0.4170698896545805,0.599315100206773,0.5594346186684815,1.0061804562416374,1.1376196123280555,0,1
177920,0.0,0.41466525216113465,0.5938413600222713,0.5658204138480194,1.0059362912021022,1.1165626779374804,0,1
178048,0.0,0.4495573830964671,0.6194068819321317,0.5538134953792396,1.0069114623836124,1.1392821021425443,0,-1
178176,0.0,0.4359354256903888,0.5957684171703382,0.5417104314841102,1.0061804562416374,1.1235119265691245,0,1
178304,0.0,0.43243188096237334,0.5679168805149953,0.5373280261652656,1.0053247866650505,1.1069891042517213,0,1
178432,0.0,0.39821210211664754,0.5850704935927397,0.5610606660946089,1.0056918769068104,1.119961102790545,0,1
178560,0.0,0.4224779446867013,0.5766714450692616,0.5503587526050804,1.0053247866650505,1.114763433864238,0,1
178688,0.0,0.48234778312337023,0.5961712883248376,0.5539971260561217,1.0059362912021022,1.1449145366516797,0,1
178816,0.0,0.5174029235638975,0.6092297704339102,0.577649233416737,1.0064243726825695,1.158698387000859,0,-1
178944,0.0,0.4774808690253075,0.5968349824855611,0.5673934448868111,1.0059362912021022,1.1325335410531494,0,1
179072,0.0,0.4248482583618184,0.5833016836452409,0.5527805356150239,1.0054472126958651,1.1298906219938731,0,1
179200,0.0,0.4015535900062161,0.5864619165333014,0.5644669241056831,1.0055695760821457,1.1153949696984873,0,1
179328,0.0,0.4385923876212799,0.5868623738521319,0.5502436481065595,1.0055695760821457,1.1310293862749885,0,1
179456,0.0,0.4760933911917595,0.5978361944613845,0.507347640723543,1.006058404837703,1.1363345085682939,0,1
179584,0.0,0.4894506872236831,0.6029893813096349,0.5630121762360548,1.0061804562416374,1.1566634281229593,0,-1
179712,0.0,0.4873657819112519,0.5841020073707204,0.5758182568953809,1.0054472126958651,1.1398499191605327,0,1
179840,0.0,0.4203549865963585,0.5839027624771039,0.5647693615674588,1.0054472126958651,1.1322660636152981,0,1
179968,0.0,0.40383544988087433,0.5687334799307112,0.5265861876908746,1.0049571318736141,1.1189323592412614,0,1
180096,0.0,0.3926029150050682,0.5711280338624227,0.5334957946616055,1.005079746337278,1.1213680714580838,0,1
180224,0.0,0.4252902932196716,0.587608726310392,0.5394604302237266,1.0056918769068104,1.1233186604124223,0,1
180352,0.0,0.4470527900934844,0.6008903972771406,0.5326555191745318,1.0061804562416374,1.1307202558157299,0,1
180480,0.0,0.44451813531809853,0.6016167272950185,0.5161582925738503,1.0061804562416374,1.133888834387911,0,1
180608,0.0,0.4385940166193383,0.60502904294158,0.5141934402761061,1.0063024454959635,1.1412210158931522,0,1
180736,0.0,0.4481676209632465,0.5909149458901517,0.5450225462774927,1.0058141152526048,1.1280026063256225,0,1
180864,0.0,0.46922960220228943,0.5839697424481834,0.527074858566741,1.0055695760821457,1.132977174730736,0,1
180992,0.0,0.46206505061781517,0.6212616239513614,0.49574043470653634,1.0070330804540046,1.1667137982817124,0,-1
181120,0.0,0.42961856877093596,0.6253821887005341,0.49069597403005416,1.007276131935661,1.201098210120209,0,-1
181248,0.0,0.44520839700435183,0.6245332232114741,0.47009055175437386,1.0071546369444515,1.1774328292641436,0,-1
181376,0.0,0.43565709375450384,0.6135547874483436,0.45404360966700613,1.0067897826523997,1.1340524735148323,0,-1
181504,0.0,0.44791365162017066,0.5960538620429446,0.507885526094994,1.006058404837703,1.1220065609378174,0,1
181632,0.0,0.46906310167032833,0.5924140210627472,0.5094806920029226,1.0059362912021022,1.1266756478364959,0,1
181760,0.0,0.4821466511412819,0.6164345958643553,0.5058725855388407,1.0067897826523997,1.1391095808995255,0,1
181888,0.0,0.5033519224220658,0.6035816785154784,0.47160793289752645,1.0063024454959635,1.1579960139480454,0,1
182016,0.0,0.48428267712593365,0.5850000552873719,0.5135246807351557,1.0056918769068104,1.1266772923766755,0,1
182144,0.0,0.4437382458584694,0.5841243540442037,0.5266278246301821,1.0056918769068104,1.137932579897937,0,1
182272,0.0,0.46318454053239777,0.573181257421313,0.5113810250576907,1.0053247866650505,1.1263719201038198,0,1
182400,0.0,0.4644199702014631,0.5829290359213927,0.4927768651964054,1.0055695760821457,1.1148778547483746,0,1
182528,0.0,0.45245689491225444,0.5914312103011837,0.5084019143058527,1.0058141152526048,1.1200968783188048,0,1
182656,0.0,0.4196905465410547,0.5901376858312779,0.5126552947229894,1.0056918769068104,1.107256560093503,0,1
182784,0.0,0.4397103189221428,0.5868923938423612,0.513133760970741,1.0055695760821457,1.1115653895818147,0,1
182912,0.0,0.45131624429128897,0.5998465450526197,0.5027002163220736,1.006058404837703,1.1167817560166566,0,1
183040,0.0,0.4611144789989267,0.6100324897858119,0.5204194094232786,1.0064243726825695,1.146961936948358,0,1
183168,0.0,0.49279167675524926,0.6024385153135843,0.49055188783574855,1.0063024454959635,1.1410076639545879,0,1
183296,0.0,0.48253707338945445,0.5959579250451986,0.4824358970680912,1.006058404837703,1.1186796928758005,0,1
183424,0.0,0.47698830399783104,0.5886852195029205,0.5100994848707052,1.0058141152526048,1.1174902162102782,0,1
183552,0.0,0.4665215635448562,0.5785307744341377,0.496085248263031,1.0054472126958651,1.10181850275951,0,1
183680,0.0,0.45731311175287476,0.5654983366135055,0.47563348225780605,1.0048344544320031,1.0979831061066172,0,1
183808,0.0,0.43704329476629455,0.5561133386934265,0.4499218119397609,1.004588910279602,1.0895741920465198,0,1
183936,0.0,0.4216409895336125,0.5515606454258193,0.4068553917954536,1.004588910279602,1.0868490940228712,0,1
184064,0.0,0.4479980876665647,0.5588232410169757,0.43990038452798524,1.0048344544320031,1.0924529682068864,0,1
184192,0.0,0.4553000257034174,0.5666994351344214,0.5119606260947848,1.005079746337278,1.086013451415742,0,1
184320,0.0,0.434735988391085,0.5936305524433453,0.5064777908298874,1.0058141152526048,1.0935600458995443,0,1
184448,0.0,0.4473259234781474,0.5894010272949237,0.49210234425957844,1.0056918769068104,1.1194154657835644,0,1
184576,0.0,0.46115663310716354,0.5847243988058676,0.4686281859775243,1.0055695760821457,1.1072545385909571,0,1
184704,0.0,0.4833713261398365,0.5872769441238285,0.44052440998939096,1.0058141152526048,1.1057396950324672,0,1
184832,0.0,0.48156876240915547,0.5843857499641518,0.4276799096493812,1.0058141152526048,1.1169966573769352,0,1
184960,0.0,0.4714681279342286,0.5861182725426956,0.4262088059158205,1.0058141152526048,1.1259766182444149,0,1
185088,0.0,0.46771319145146184,0.5824188464285174,0.42481201029951443,1.0054472126958651,1.1097866255321274,0,1
185216,0.0,0.4747589354621549,0.57600739698183,0.3232982149921575,1.0052022979066102,1.1134368795278125,0,1
185344,0.0,0.45674592237134554,0.5537613050308603,0.3441242283620542,1.0048344544320031,1.083441619256427,0,1
185472,0.0,0.4623675859523012,0.5353343883811522,0.34309758412181207,1.004588910279602,1.0784284064823315,0,1
185600,0.0,0.4634637549483965,0.5422671733359193,0.33107649556076746,1.0047117139286545,1.089599888212247,0,1
185728,0.0,0.4845050556224829,0.5647107396592287,0.44035133732149795,1.0053247866650505,1.1259830277882281,0,1
185856,0.0,0.49016863286918483,0.584954784045402,0.4356647117373694,1.0055695760821457,1.1243661472992588,0,1
185984,0.0,0.4739478956457536,0.6000043181443541,0.46779409050847515,1.006058404837703,1.1279474916499037,0,1
186112,0.0,0.464951510056468,0.5963230575744853,0.458696558331044,1.0059362912021022,1.1232390652622901,0,1
186240,0.0,0.48402442949549934,0.606399400033893,0.4322703403190919,1.0064243726825695,1.1180655498624918,0,1
186368,0.0,0.49978212645956616,0.6032225581565451,0.4938439683574676,1.0061804562416374,1.1271681952011028,0,1
186496,0.0,0.5034655398110137,0.5911596255882599,0.47625816009926364,1.0058141152526048,1.1296183859535278,0,1
186624,0.0,0.46856436231579657,0.5946499185033267,0.4777505184183406,1.0059362912021022,1.113277409647242,0,1
186752,0.0,0.45628136077031384,0.5882266273165364,0.5268281048112264,1.0056918769068104,1.1184742589860468,0,1
186880,0.0,0.45681406496222615,0.5801585222094237,0.5012189031227183,1.0055695760821457,1.11244254040301,0,1
187008,0.0,0.4536360958516786,0.5876180591344651,0.49859029293895907,1.0058141152526048,1.1174393691847155,0,1
187136,0.0,0.4820127944949987,0.5856176529410984,0.5057981324556939,1.0056918769068104,1.1195761644425242,0,1
187264,0.0,0.4852772830391485,0.5690453158504157,0.5088982757859526,1.0052022979066102,1.111902022402861,0,1
187392,0.0,0.4895268617955365,0.5751640393122043,0.5136618861669394,1.0053247866650505,1.1371689664674813,0,1
187520,0.0,0.4790794185119024,0.5735853321612648,0.5236715206903163,1.0052022979066102,1.1263073379320432,0,1
187648,0.0,0.4730424775954079,0.5791085293842213,0.48319304924239664,1.0053247866650505,1.1233320749507378,0,1
187776,0.0,0.47248029327129604,0.5666781808374132,0.46324611972560187,1.0049571318736141,1.121357034736417,0,1
187904,0.0,0.4768533277528079,0.5551397335459726,0.4786707628857434,1.0044660434007024,1.1013297633369867,0,1
188032,0.0,0.45702813777940116,0.5596297267909109,0.4488912803726438,1.004588910279602,1.0921197595238863,0,1
188160,0.0,0.45705656586123306,0.548473845444446,0.4466231806016719,1.0043431132076361,1.0903013280119571,0,1
188288,0.0,0.39578865024516097,0.5382170833842455,0.41813841894966075,1.0043431132076361,1.098264178253058,0,-1
188416,0.0,0.4205590473625327,0.5404499777324671,0.396231432161219,1.0048344544320031,1.1131763510219224,0,1
188544,0.0,0.4037547219566956,0.5251616703557502,0.36573292795024237,1.0044660434007024,1.0930202250119356,2,-1
188672,0.0,0.42873790132056083,0.5586046624812003,0.4269115218306071,1.0052022979066102,1.1246489645358841,0,1
188800,0.0,0.4766432436505804,0.5872059176462846,0.45284070826639145,1.0058141152526048,1.1255728002616545,0,1
188928,0.0,0.5135924109658224,0.5979546250575535,0.47199304256779856,1.0061804562416374,1.14321965152073,0,1
189056,0.0,0.5097790064337447,0.6158810197235383,0.4884480472377696,1.0067897826523997,1.1475644445541755,0,1
189184,0.0,0.4909688732031889,0.5909548545280126,0.4700036292457356,1.0059362912021022,1.1456414743692178,0,1
189312,0.0,0.45722883707727197,0.5618570296659761,0.4356038898919904,1.0053247866650505,1.122075480503576,0,1
189440,0.0,0.40861824291279164,0.5501819793911908,0.42399119095093574,1.0048344544320031,1.1027981987726119,0,1
189568,0.0,0.4211345933359527,0.5448209859103164,0.44401082967321226,1.0043431132076361,1.1069009466650346,0,1
189696,0.0,0.4136757714927913,0.5730447941820153,0.47634919423601774,1.0052022979066102,1.11034689314439,0,1
189824,0.0,0.3862426597396135,0.5893309900357959,0.49765744059699374,1.0056918769068104,1.109677223808401,0,1
189952,0.0,0.40381100778779744,0.5920648075331066,0.4799086887822363,1.0058141152526048,1.1263335635960554,0,1
190080,0.0,0.4313541738505115,0.6059741212892834,0.47158709308204044,1.0063024454959635,1.1336445604186336,0,1
190208,0.0,0.46200529586045413,0.580209277754827,0.4826370004129018,1.0053247866650505,1.1076393572921295,0,1
190336,0.0,0.4452899298653274,0.5573386635969761,0.4725410576561522,1.0047117139286545,1.1064394884691078,0,1
190464,0.0,0.40110485558622533,0.5478407664696674,0.46760458771126934,1.004588910279602,1.1010664392876608,0,1
190592,0.0,0.40533064467903435,0.539252770926501,0.4726187294904563,1.0043431132076361,1.098358491786752,0,-1
190720,0.0,0.4444803144868374,0.5578372314549764,0.5117554239259572,1.0047117139286545,1.11081929896988,0,1
190848,0.0,0.5009746380319728,0.5743220759067186,0.5332923717966785,1.0052022979066102,1.117854077593327,0,1
190976,0.0,0.4906379473182591,0.5841611979147295,0.4849921489995693,1.0055695760821457,1.1117687316091838,0,1
191104,0.0,0.48813922427244333,0.5764023579616412,0.45909812444426074,1.0053247866650505,1.1113333895058757,0,1
191232,0.0,0.4777623021317258,0.5657067962234945,0.43286408229627876,1.005079746337278,1.103863827951215,0,1
191360,0.0,0.468556750684304,0.5580740041959652,0.4407591146452739,1.0047117139286545,1.0960926356645886,0,1
191488,0.0,0.4449690597827208,0.5494302519253936,0.5155919508087016,1.0043431132076361,1.0946167568769907,0,1
191616,0.0,0.43096289161329104,0.5486039941995717,0.5525558916499039,1.0043431132076361,1.1127999578404117,0,-1
191744,0.0,0.4340248650850569,0.5603365646791615,0.5486421268863979,1.0047117139286545,1.1114903853295484,0,1
191872,0.0,0.4135905672693765,0.581158535531578,0.510506083900674,1.0054472126958651,1.1092482640918726,0,1
192000,0.0,0.435454952462479,0.6066655996227481,0.5062958444141232,1.0063024454959635,1.137452047992864,0,1
192128,0.0,0.49766502107471,0.6065851981160364,0.5085653835301471,1.0063024454959635,1.1551627337477102,0,1
192256,0.0,0.49240606374511675,0.6071289249388487,0.4761700993725297,1.0064243726825695,1.1643101700951821,0,-1
192384,0.0,0.48452517315390803,0.5677970792761747,0.43318682857649554,1.0053247866650505,1.1269184678505058,0,1
192512,0.0,0.46894444011125913,0.5567103775465525,0.4843639313526993,1.0049571318736141,1.1300674608972003,0,1
192640,0.0,0.435774543752086,0.5775373153180021,0.4663189918869765,1.0054472126958651,1.1255666921271297,0,1
192768,0.0,0.4259209531252479,0.5791863298228141,0.4933916236643542,1.0053247866650505,1.1139440714059705,0,1
192896,0.0,0.42193691323697075,0.601099159829694,0.5021941942085822,1.0061804562416374,1.1372912027271207,0,1
193024,0.0,0.406058990626474,0.6026442522885735,0.48997073078235315,1.0063024454959635,1.1394072029342859,0,-1
193152,0.0,0.43081556627349477,0.6061312873043446,0.5216511692709133,1.0063024454959635,1.1480312471351442,0,1
193280,0.0,0.45095776381006625,0.6096800939559565,0.5524866309654145,1.0064243726825695,1.1525412301142166,0,-1
193408,0.0,0.40081745632899957,0.6001999640446878,0.5056666875974946,1.006058404837703,1.1131720270819434,0,1
193536,0.0,0.3749454420348525,0.5865918544264297,0.47382563772031083,1.0055695760821457,1.1075017181730695,0,-1
193664,0.0,0.3935865347145795,0.5791204651031925,0.5244899859600486,1.0053247866650505,1.0917038053876733,0,-1
193792,0.0,0.43858529260255075,0.5870781794877805,0.553544745626147,1.0055695760821457,1.103629074280622,0,1
193920,0.0,0.443211257813438,0.5860617347544389,0.5556375503749198,1.0055695760821457,1.116430913360912,0,1
194048,0.0,0.4542337672710312,0.5823890797295711,0.5683897994293193,1.0055695760821457,1.1287787676694596,0,1
194176,0.0,0.43057148588092115,0.5802003494552512,0.5461210855846856,1.0055695760821457,1.1212649800982066,0,1
194304,0.0,0.47925059553931143,0.578081042758564,0.4706108962257011,1.0054472126958651,1.1185295842418872,0,1
194432,0.0,0.4613470030613931,0.5654382986067261,0.3594825589853417,1.0052022979066102,1.1232491212289972,0,1
194560,0.0,0.48303965050437164,0.5707130886386244,0.3737136248406846,1.0052022979066102,1.1148834496259588,0,1
194688,0.0,0.4967650564420865,0.570015084590946,0.4065896965470336,1.0052022979066102,1.121653668204516,0,1
194816,0.0,0.4888179396438274,0.5555867107939796,0.44296742883692997,1.0047117139286545,1.100954255009669,0,1
194944,0.0,0.4745100039585567,0.5810095379358043,0.46522490952682927,1.0054472126958651,1.1308479142325163,0,1
195072,0.0,0.4883675991794221,0.5722183184429177,0.46021706444049487,1.0053247866650505,1.1169623039753362,0,1
195200,0.0,0.4947888068159213,0.5724702938366846,0.4620628115200845,1.0053247866650505,1.1287223423698765,0,1
195328,0.0,0.4858300019116708,0.5653512932151141,0.44011843454458593,1.0053247866650505,1.1351422102488868,0,1
195456,0.0,0.4413835237847587,0.533786655339296,0.4082438749613013,1.0043431132076361,1.1119257344647364,0,1
195584,0.0,0.3807371833352895,0.5223019036267158,0.33810123311257645,1.0039739418975728,1.1092249200007667,2,-1
195712,0.0,0.3534641916503637,0.4844726090741553,0.26043843806980405,1.0032338783315098,1.0936660670599798,2,3
195840,0.0,0.38410224438934315,0.49953831073214233,0.28700649073037565,1.0037275095661569,1.0867516554699108,2,3
195968,0.0,0.399637379902877,0.5054170842660306,0.3186552143457376,1.0039739418975728,1.0855536654426372,2,-1
196096,0.0,0.4086788954188907,0.5292474824885585,0.36844224623472005,1.0044660434007024,1.095105254755382,2,-1
196224,0.0,0.41707790066134026,0.5604746526185824,0.4484473626996382,1.005079746337278,1.1110370328404098,0,1
196352,0.0,0.4496458856411703,0.5773334253724606,0.5095801274081948,1.0053247866650505,1.1249215571764843,0,1
196480,0.0,0.4970435914038008,0.5856375262369866,0.500964378679881,1.0055695760821457,1.132652702058899,0,1
196608,0.0,0.4977831597135628,0.6065336457814398,0.4712869690104746,1.0063024454959635,1.1330327625238092,0,1
196736,0.0,0.485816425295249,0.6117994637259679,0.449053554893079,1.0065462378831733,1.1307927104051647,0,1
196864,0.0,0.44553990669277727,0.5839016708275234,0.39284013846826393,1.0055695760821457,1.118148005536428,0,1
196992,0.0,0.4659484473579246,0.5582942278127327,0.3492950267452212,1.0047117139286545,1.0880170708612227,0,1
197120,0.0,0.4612387424948556,0.5456664053827804,0.38540146371388284,1.0043431132076361,1.0894482421229819,0,1
197248,0.0,0.45483353089121714,0.5022846556864768,0.3715464489145839,1.0033573821759203,1.0879281162652916,2,-1
197376,0.0,0.4461182484711404,0.507750414204072,0.3874130252768952,1.0033573821759203,1.087057986013142,2,-1
197504,0.0,0.42386099153442985,0.51795747921264,0.40925832158876413,1.0036041977073993,1.0871528480396089,2,-1
197632,0.0,0.42851176483717535,0.5104563630434449,0.3746934494414107,1.0034808219392384,1.0845185387240641,2,-1
197760,0.0,0.44588110196327085,0.5051093943408973,0.36294814839647416,1.0033573821759203,1.097733900827909,2,-1
197888,0.0,0.43653210696808736,0.48140999452742456,0.30139464593880694,1.0032338783315098,1.0771494380764668,2,-1
198016,0.0,0.397508562403459,0.48301919982856484,0.2727900118830044,1.0033573821759203,1.0755707253635431,2,3
198144,0.0,0.41185126438462155,0.4798724298162196,0.2595921809728816,1.0033573821759203,1.0977921728252085,2,3
198272,0.0,0.42489652920563414,0.47384707894068173,0.2496202305016732,1.0032338783315098,1.0757018286533069,2,3
198400,0.0,0.4159107853720281,0.49740548533355305,0.2560714556331188,1.0034808219392384,1.0756155550843474,2,-1
198528,0.0,0.42062360719593683,0.49144653442843406,0.25562812478037045,1.0033573821759203,1.0925988659712447,2,3
198656,0.0,0.3893677010677396,0.47031144123828766,0.2468844536094756,1.0028629814496335,1.067360430247991,2,3
198784,0.0,0.38123424430987707,0.49418065451332416,0.26921749139272877,1.0034808219392384,1.0652907286867466,2,-1
198912,0.0,0.3679141045374682,0.4722038715782049,0.2412265791900434,1.0032338783315098,1.0546997740868318,2,-1
199040,0.0,0.4022307555655311,0.4844145621243845,0.21242789286714447,1.0037275095661569,1.0760950021559024,2,3
199168,0.0,0.43133175564383963,0.4968970808739816,0.23658543351748773,1.0044660434007024,1.088348031898237,2,-1
199296,0.0,0.4571828518861306,0.4794274861544156,0.22032412102156496,1.0039739418975728,1.0793055736935104,2,-1
199424,0.0,0.45379702222936313,0.5019790080896825,0.24660260971542733,1.0043431132076361,1.103430736036568,2,-1
199552,0.0,0.43011612582614317,0.46159276199285126,0.23624535748313127,1.0036041977073993,1.0809179636811106,2,3
199680,0.0,0.4022253758155952,0.4568880479448548,0.2265922879861638,1.0034808219392384,1.072525900911115,2,3
199808,0.0,0.37332266312782714,0.48588261500696656,0.2547351841821514,1.004097062540836,1.0938307891300918,2,3
199936,0.0,0.43861806589567454,0.5185343278651006,0.3122171776676179,1.0048344544320031,1.1163176244427737,0,-1
200064,0.0,0.45362585720746457,0.5601625592041114,0.3344605228844902,1.0054472126958651,1.1089574124003345,0,1
200192,0.0,0.44850923322466785,0.5385714087278729,0.3231288214475286,1.0048344544320031,1.1193432186881995,0,1
200320,0.0,0.4484568046210198,0.5029445395731479,0.2927253108067098,1.004097062540836,1.0905678983457094,2,-1
200448,0.0,0.43577839725126244,0.4757810225400293,0.24130065847230553,1.0033573821759203,1.0816428160087423,2,3
200576,0.0,0.36191882829425404,0.48149036243784105,0.22553735787513024,1.0037275095661569,1.0776897708117805,2,3
200704,0.0,0.42187784151153196,0.5196945805336081,0.24793147512225422,1.0044660434007024,1.0780108653327685,2,-1
200832,0.0,0.47782201379691913,0.5619889018265283,0.29387838619173934,1.0052022979066102,1.0908521509770381,0,1
200960,0.0,0.46960685376323125,0.5622713564788456,0.3495581810899639,1.0052022979066102,1.0972223721824632,0,1
201088,0.0,0.4613960454777138,0.524857067097814,0.34809991180263194,1.0042201196159057,1.0794278482108393,2,1
201216,0.0,0.4301634040023637,0.4942795032252065,0.3283783293862117,1.0036041977073993,1.077428181774771,2,-1
201344,0.0,0.44550559049130206,0.44080897801977253,0.26196606604103234,1.0027392204178478,1.0751154364713515,2,-1
201472,0.0,0.42935174941330845,0.4802941746362722,0.2798825900169572,1.0034808219392384,1.0718919166429737,2,-1
201600,0.0,0.45621200549395957,0.5306705267332706,0.3012571833842983,1.004588910279602,1.0982767217021705,0,1
201728,0.0,0.3980972826756781,0.5541595938441629,0.3470476446842051,1.0052022979066102,1.0910161237858835,0,-1
201856,0.0,0.40069931940123515,0.5693771141898344,0.3754353616564684,1.0054472126958651,1.0981955519886855,0,-1
201984,0.0,0.40637919590926724,0.5309301238137004,0.32455146988222716,1.0047117139286545,1.0832449611118338,2,-1
202112,0.0,0.44721861134686985,0.4972618641627942,0.2923385491374911,1.0037275095661569,1.077828480950094,2,-1
202240,0.0,0.4339171810765927,0.49152804564179525,0.25241486319790213,1.0036041977073993,1.0757539316296203,2,-1
202368,0.0,0.3937186924610488,0.48111363163423915,0.22541395500497782,1.0034808219392384,1.0663681225023798,2,3
202496,0.0,0.3985353522052582,0.5012720191103797,0.22594347446791574,1.0039739418975728,1.0899135064902772,2,3
202624,0.0,0.40306885878064785,0.4982856388759113,0.1902485570403387,1.0042201196159057,1.081002971941319,2,-1
202752,0.0,0.4378597898861544,0.4868503331575308,0.21024635397633873,1.004097062540836,1.089276317308465,2,-1
202880,0.0,0.411804430707907,0.4987509594332394,0.2296641889440178,1.0043431132076361,1.1080735169824194,2,-1
203008,0.0,0.4586686876104408,0.49363360327466876,0.22987897670608282,1.0042201196159057,1.0859492656657237,2,-1
203136,0.0,0.4548126813256373,0.4975675401567464,0.23556902835726004,1.0042201196159057,1.090008365393841,2,-1
203264,0.0,0.44191493433132983,0.4841151145944886,0.24832712210117075,1.0039739418975728,1.089536082022415,2,-1
203392,0.0,0.4317315935065898,0.4693920939013654,0.22801886567738394,1.0034808219392384,1.0948416127251663,2,3
203520,0.0,0.3954508141883485,0.45281644149588324,0.20514974533496907,1.0032338783315098,1.0713236555734753,2,3
203648,0.0,0.40686240311653343,0.44822593762211915,0.20606593121537575,1.0032338783315098,1.0722069146438624,2,3
203776,0.0,0.38135921685684376,0.4498551702259721,0.20874972926716173,1.003110310319889,1.085851187459371,2,3
203904,0.0,0.35452123506787486,0.4464520675545093,0.19620572791010615,1.0033573821759203,1.0831210356141054,2,-1
204032,0.0,0.40881375708856166,0.4801639140076666,0.19344415597331363,1.0037275095661569,1.0840762665072887,2,3
204160,0.0,0.5007197720701871,0.48945800995851574,0.26725748325027754,1.0039739418975728,1.1238574005188684,0,-1
204288,0.0,0.48349004594019335,0.5086207215355103,0.28444133660846765,1.0042201196159057,1.0990890000665008,0,-1
204416,0.0,0.47263532844795636,0.50828716747579,0.2718726165583528,1.0044660434007024,1.096610291250143,2,-1
204544,0.0,0.4431601267778425,0.4972772693329698,0.29288044257120077,1.0042201196159057,1.1128292374705318,2,-1
204672,0.0,0.42270305783943946,0.5044694344410094,0.2703086425781275,1.0042201196159057,1.101180515725816,2,-1
204800,0.0,0.45846919860442914,0.4925565547394485,0.2593437473936016,1.0042201196159057,1.0848804727162609,2,-1
204928,0.0,0.4446160233465325,0.47572389433330975,0.2543660487695683,1.0037275095661569,1.0899125342992413,2,-1
205056,0.0,0.4067395899913333,0.46309294316492006,0.24385348881274047,1.0034808219392384,1.0882303679415097,2,3
205184,0.0,0.3787151889044021,0.4062363997502722,0.18756403275880465,1.0026153948725502,1.0701083551023756,2,-1
205312,0.0,0.39103031615155404,0.41175751033508323,0.19047685845505108,1.0024915047267045,1.066080620585865,2,-1
205440,0.0,0.42328662487173707,0.43674568656827445,0.2014929110979048,1.0029866780547583,1.073270806035257,2,3
205568,0.0,0.4238521408070948,0.4359397718674442,0.1931994860623401,1.003110310319889,1.0755452626124091,2,3
205696,0.0,0.41222061458346476,0.4456023470316629,0.20120491918103345,1.0032338783315098,1.0719734619053738,2,3
205824,0.0,0.3732571585223179,0.4420625375130009,0.17941494172173852,1.0032338783315098,1.0894258158458008,2,-1
205952,0.0,0.37417950127030236,0.4489192787391529,0.15894692605752708,1.0034808219392384,1.0774163871557179,2,-1
206080,0.0,0.40285578421431395,0.4551783574344428,0.1718737424067622,1.0037275095661569,1.0856538170410128,2,3
206208,0.0,0.39148222566092206,0.47628564385258093,0.18576019779016814,1.0039739418975728,1.0833018188005479,2,3
206336,0.0,0.37337181088750404,0.4754439087501188,0.1817036782782861,1.0042201196159057,1.0863755156922845,2,-1
206464,0.0,0.38253842473998434,0.46716939956762216,0.18991082599634324,1.0037275095661569,1.0812494714343481,2,3
206592,0.0,0.3981182335493471,0.4577322539187662,0.19221046678193418,1.0033573821759203,1.0864226372228136,2,3
206720,0.0,0.373120026534124,0.43313940979824084,0.1639141059764053,1.0029866780547583,1.0764960706613445,2,-1
206848,0.0,0.40490513239893666,0.430598650053572,0.16368875511766448,1.0026153948725502,1.080346064677372,2,-1
206976,0.0,0.36646509667765215,0.43001496308485637,0.17459699250530036,1.0028629814496335,1.0802680546252144,2,-1
207104,0.0,0.376578616906339,0.42522168602109095,0.16757976125728602,1.0029866780547583,1.0729918418502518,2,-1
207232,0.0,0.37767174453361396,0.42791182601982525,0.17879608520282755,1.0029866780547583,1.0902541914177033,2,-1
207360,0.0,0.37887354347644964,0.42311353826431514,0.17566774815461417,1.0029866780547583,1.0776348626012102,2,-1
207488,0.0,0.36106978714715016,0.4367104588718115,0.17218762125572834,1.003110310319889,1.0932082722797336,2,-1
207616,0.0,0.3870927114810708,0.4190657086953273,0.17900680311851172,1.0027392204178478,1.0724903022728602,2,-1
207744,0.0,0.4019520412952488,0.4332058736437922,0.18323633045128132,1.0029866780547583,1.097209189155605,2,-1
207872,0.0,0.4053440939252682,0.4298870016411471,0.1743681254296838,1.0029866780547583,1.0744128837052165,2,-1
208000,0.0,0.38841298816289593,0.45184319602703993,0.21244505403075264,1.0032338783315098,1.0624139342777328,2,3
208128,0.0,0.38742034512400786,0.4845201790603122,0.2630762616495808,1.0037275095661569,1.0763567463250496,2,3
208256,0.0,0.41843146328709874,0.52197250137877,0.31314947716998254,1.0043431132076361,1.104857233632142,2,-1
208384,0.0,0.46129539078269827,0.559651372578138,0.3359393769283204,1.0049571318736141,1.1046280892508302,0,1
208512,0.0,0.44304681657656525,0.5650512771476615,0.32596302020647033,1.005079746337278,1.1091973337600738,0,1
208640,0.0,0.4574349325085036,0.5842948994201194,0.36361839758417097,1.0056918769068104,1.1358504597165378,0,1
208768,0.0,0.46518146927710424,0.5609028574384528,0.3837349184617967,1.005079746337278,1.1324495756846837,0,1
208896,0.0,0.47911427539266216,0.5528049758629485,0.4177233779233996,1.0049571318736141,1.1421803629143417,0,1
209024,5.0,0.4928579180645281,0.519244110353042,0.3437799487891012,1.0042201196159057,1.1290933655691768,0,-1
209152,5.0,0.37778814150972717,0.48880297620148744,0.28447856613353373,1.0034808219392384,1.0928578575289873,2,2
209280,5.0,0.4046326249951684,0.4618850510628875,0.24536668809891996,1.0029866780547583,1.0945633500280691,2,2
209408,5.0,0.3634445972323353,0.46425736429609454,0.26146376913424096,1.003110310319889,1.0979480418553806,2,2
209536,5.0,0.4383050768173788,0.47384707894068173,0.2735204892918699,1.0032338783315098,1.0955399257263057,1,2
209664,5.0,0.43313793507041365,0.47220189073216323,0.26247098109344985,1.0033573821759203,1.0857139554102824,1,2
209792,5.0,0.4734274215457005,0.5139596884362804,0.3344717041670833,1.0039739418975728,1.1187475140269638,0,2
209920,5.0,0.4649175759344597,0.5411514954116367,0.3694915650372032,1.0048344544320031,1.1174139712658224,0,2
210048,5.0,0.47062363216963693,0.5436627980691756,0.3810248507075396,1.0048344544320031,1.121189760916615,0,2
210176,5.0,0.4501956031605522,0.5447423924319572,0.3740199314457941,1.0047117139286545,1.1278563221946694,0,2
210304,5.0,0.43850041943293155,0.5189851158952199,0.2952161102299032,1.0042201196159057,1.1027200895479694,1,2
210432,5.0,0.3484923014334198,0.4706088157863846,0.22265602388113576,1.003110310319889,1.0815386660068396,2,2
210560,5.0,0.38966396684210847,0.4549171248382876,0.20811139688519176,1.0028629814496335,1.0811082700902959,2,2
210688,5.0,0.37738112014482905,0.4518210778170903,0.22281291814869159,1.0028629814496335,1.0720432125044417,2,2
210816,5.0,0.46100552804528006,0.4693501502608434,0.26073622439869737,1.0032338783315098,1.1090473983305553,1,2
210944,5.0,0.49808191375018035,0.5117245387449347,0.34443787862745473,1.0037275095661569,1.0953782438626154,1,-1
211072,5.0,0.4928251107873237,0.5367426653071619,0.3916692571567745,1.0042201196159057,1.0775696996599133,0,2
211200,5.0,0.4840042210201292,0.5483371489952609,0.4314227827839288,1.0043431132076361,1.0882747063566922,0,2
211328,5.0,0.45643516620252333,0.5344798570734588,0.44707309676125123,1.0039739418975728,1.092703469391552,0,2
211456,5.0,0.4928837291954391,0.5250596197470238,0.4254705509684541,1.0038507576010838,1.0776266323042931,1,-1
211584,5.0,0.49163405061412835,0.5013113360255548,0.4330971649525568,1.0032338783315098,1.0905660055067798,1,-1
211712,5.0,0.44481304203120603,0.48681961688955966,0.37877049284711983,1.003110310319889,1.0902642469089685,1,2
211840,5.0,0.4349457755049834,0.5173233466179847,0.38691136105467083,1.0036041977073993,1.122570243784315,0,-1
211968,5.0,0.46764911819599403,0.5122696771388359,0.3782460304800134,1.0036041977073993,1.107623716955868,1,2
212096,5.0,0.4865561636631526,0.5103792726951508,0.3577379325922537,1.0036041977073993,1.1100277404148442,1,-1
212224,5.0,0.47501271526112904,0.523007665374043,0.3642537596324385,1.004097062540836,1.1200401577959425,0,-1
212352,5.0,0.4147867007235125,0.5020611878618708,0.3706329744152537,1.0037275095661569,1.0914235112418023,1,2
212480,5.0,0.39725566502575826,0.49840309138808603,0.3478684341538273,1.0037275095661569,1.086920392973487,1,2
212608,5.0,0.42042415842618747,0.5203956716108722,0.3878081485799945,1.0042201196159057,1.1016967256034602,1,2
212736,5.0,0.4276496394582141,0.5209875119514621,0.37929314610233134,1.0039739418975728,1.1106882142456187,1,2
212864,5.0,0.423347808627716,0.5177794133244246,0.3451873014912605,1.0038507576010838,1.1065298933624053,1,2
212992,5.0,0.3862577431334023,0.5378957283382345,0.36279519267779636,1.0044660434007024,1.1079257237045481,1,2
213120,5.0,0.3436543579125406,0.5297641968031992,0.33819297631023587,1.0042201196159057,1.1267132353017897,1,-1
213248,5.0,0.4139698386379545,0.5358212795222043,0.36697080996566595,1.0043431132076361,1.0907338270516052,1,2
213376,5.0,0.4636354632309129,0.5419800052882627,0.36625728799696894,1.0044660434007024,1.081287428636609,0,2
213504,5.0,0.46136533057563683,0.5575402687451605,0.4152592011670923,1.0049571318736141,1.0967566742524668,0,2
213632,5.0,0.45092639038585275,0.5633011789324197,0.41288769766665456,1.0049571318736141,1.1104706020840998,0,2
213760,5.0,0.4444563321046763,0.5607106973413117,0.3871383887025992,1.005079746337278,1.1025783973973378,0,2
213888,5.0,0.4604278940693745,0.5664114773356296,0.4291999415292046,1.005079746337278,1.1023395120838935,0,2
214016,5.0,0.4643895330824765,0.5477135129985942,0.3982107000125174,1.0044660434007024,1.0935471638992378,0,2
214144,5.0,0.46094638300082663,0.578570801726426,0.41629945027387455,1.0055695760821457,1.1091190431370714,0,2
214272,5.0,0.4535400991021288,0.5844715766028155,0.4035765334202962,1.0056918769068104,1.1141783920227666,0,2
214400,5.0,0.48481637973454084,0.5779367927489819,0.4009390757401878,1.0056918769068104,1.1083531096791757,0,2
214528,5.0,0.4703959550468268,0.5634597544114537,0.39749941140801637,1.0052022979066102,1.1235264919272767,0,2
214656,5.0,0.46833706573201456,0.5422482505523574,0.3864579981938135,1.0044660434007024,1.0935866436617316,0,2
214784,5.0,0.4814973319780804,0.5205689961116652,0.370304686959756,1.0038507576010838,1.0720473214363442,1,2
214912,5.0,0.4851518750380031,0.5090825527468528,0.3538344209024446,1.0036041977073993,1.0827846602361344,1,2
215040,5.0,0.4708158874873436,0.5157742093709327,0.350362738766347,1.0037275095661569,1.0767162677665796,1,2
215168,5.0,0.42943030758656126,0.5000231338262373,0.3564422754991564,1.0033573821759203,1.0899727259106884,1,2
215296,5.0,0.42129312502766,0.5154880381741875,0.3916936394716744,1.0036041977073993,1.0934622091073574,1,2
215424,5.0,0.43396296652374744,0.5429849977352398,0.4401368416253586,1.0042201196159057,1.0986228102125246,0,2
215552,5.0,0.39470479267341824,0.5346531561446962,0.3902743770402773,1.004097062540836,1.1163217568407917,0,2
215680,5.0,0.3739154915368794,0.5161512416307147,0.3442034112753759,1.0038507576010838,1.1015310950940462,1,2
215808,5.0,0.3094968649588862,0.49960889109974305,0.2930168721994178,1.0036041977073993,1.0899536029570605,2,-1
215936,5.0,0.3187341436931912,0.5020311202220319,0.29955201877789894,1.0037275095661569,1.1160755376629732,2,-1
216064,5.0,0.4407744551064197,0.5025337571994485,0.34389632073513016,1.0039739418975728,1.1109890675188043,1,2
216192,5.0,0.48141773147402234,0.5114373129709394,0.3412353855261053,1.0042201196159057,1.1163967071535512,0,2
216320,5.0,0.4494695330059772,0.5349008633331546,0.39882056538949584,1.0047117139286545,1.1175825591055988,0,2
216448,5.0,0.3929174074770939,0.510642700842219,0.3417077918523916,1.0039739418975728,1.0916399229442975,1,2
216576,5.0,0.38245434829999625,0.5153681699878354,0.34647727749112606,1.0039739418975728,1.092866909617156,1,2
216704,5.0,0.3659609559568315,0.50488413100594,0.3427058526071305,1.0037275095661569,1.093634137536315,1,2
216832,5.0,0.3562522786468379,0.48153548712638267,0.3152443386062935,1.0032338783315098,1.0860852657630886,2,2
216960,5.0,0.34649352956670726,0.4721124376813057,0.28104720710564124,1.003110310319889,1.0802960737905098,2,2
217088,5.0,0.4448264165493108,0.5109457048966106,0.32122970919022725,1.0038507576010838,1.0918332266548318,1,2
217216,5.0,0.4364387448502578,0.5195776807991803,0.353028075561671,1.0038507576010838,1.088849050542028,1,2
217344,5.0,0.4507372552367733,0.5238184861161718,0.3621108762037504,1.0037275095661569,1.0966384566193594,1,2
217472,5.0,0.4574207332791339,0.5355468698607455,0.38673095210943204,1.0039739418975728,1.088900671162892,1,2
217600,5.0,0.4559109794663065,0.49698002070304953,0.3472127219460067,1.0029866780547583,1.0912706507750718,1,2
217728,5.0,0.45071240001340024,0.5034250457048408,0.3303355968110131,1.0033573821759203,1.0815598381015494,1,2
217856,5.0,0.4200005636759661,0.5011473603114098,0.3295637462774012,1.0036041977073993,1.0767384046782715,1,2
217984,5.0,0.44229172566272573,0.5123959143208027,0.3301390037608314,1.004097062540836,1.0899917659966272,1,2
218112,5.0,0.4457141908538321,0.5394567213987241,0.3732341277668856,1.0048344544320031,1.085966267375716,0,2
218240,5.0,0.4448795099702769,0.5523554949008165,0.41497921774385493,1.005079746337278,1.0969778217103707,0,2
218368,5.0,0.4393236234824694,0.5532920758769241,0.4138909575181077,1.005079746337278,1.0948485296460695,0,2
218496,5.0,0.41020572726396454,0.5278818804511919,0.3698367934559951,1.0043431132076361,1.0914360067689435,1,2
218624,5.0,0.3700226996861404,0.50392531534395,0.32834553393077603,1.0036041977073993,1.080619982765895,2,2
218752,5.0,0.3530505201220462,0.48437931648053895,0.2636643548181565,1.003110310319889,1.087101479371957,2,2
218880,5.0,0.3508770579617679,0.47597864809162627,0.23849934316243246,1.0028629814496335,1.0856280159058653,2,2
219008,5.0,0.35725769732145674,0.48141583893485423,0.24394322288873643,1.0029866780547583,1.077844437730161,2,2
219136,5.0,0.3531362191948209,0.47113801866119304,0.2334601149634653,1.0029866780547583,1.0955061256862455,2,2
219264,5.0,0.3923626183223297,0.4634196336355212,0.23200843406261162,1.0029866780547583,1.073940186959672,2,2
219392,5.0,0.39545935201285215,0.45666858264990445,0.22117090119300784,1.0029866780547583,1.0810083489913769,2,2
219520,5.0,0.3838081910854196,0.42339176929118416,0.19104996729532062,1.0024915047267045,1.075938722163424,2,2
219648,5.0,0.38754168484670176,0.4270007745014142,0.1845601874410177,1.0026153948725502,1.0768636381157868,2,2
219776,5.0,0.38819499582657285,0.4453238316563515,0.2046358963581328,1.0027392204178478,1.078449046288942,2,2
219904,5.0,0.37806838534101056,0.45566179119973105,0.25677612742526756,1.0027392204178478,1.074061011743738,2,2
220032,5.0,0.4139241991525855,0.4937761532488135,0.30319592871810586,1.0033573821759203,1.1070726789153387,1,2
220160,5.0,0.4150037667279869,0.49757079698417245,0.31087108368972655,1.0036041977073993,1.0861377973075887,1,2
220288,5.0,0.4175656186971106,0.5003433482480255,0.3149409363646379,1.0037275095661569,1.0828869007321957,1,2
220416,5.0,0.355631480118036,0.4979197902764554,0.2672617966865751,1.0038507576010838,1.081801858676354,2,2
220544,5.0,0.35149066910183535,0.4864009202579796,0.25734932615487466,1.0037275095661569,1.082273729886299,2,2
220672,5.0,0.38082822233884756,0.47944864883681104,0.2794036356966409,1.0033573821759203,1.0875028436607839,2,2
220800,5.0,0.3812934706414243,0.4775216999468931,0.26787044074150873,1.0032338783315098,1.0742500948503653,2,2
220928,5.0,0.3821390428166452,0.4549171248382876,0.2604912729558541,1.0028629814496335,1.0745728870248303,2,2
221056,5.0,0.37623723335346776,0.45510700886342287,0.2645691735976845,1.0027392204178478,1.0692761230783698,2,2
221184,5.0,0.3689455084271645,0.46069878851514984,0.23064303503296052,1.0028629814496335,1.0906972225658798,2,2
221312,5.0,0.3551992589347305,0.4508938408179501,0.22600306112632385,1.0028629814496335,1.0820945742873882,2,2
221440,5.0,0.345665966493645,0.45630394675699276,0.23143631724960928,1.0028629814496335,1.0826986760902775,2,2
221568,5.0,0.3756999117452583,0.44829087383675253,0.20197820934350627,1.0027392204178478,1.0746457446981703,2,2
221696,5.0,0.37622187497884274,0.4363594424515083,0.18742324572174163,1.0026153948725502,1.0859368657064914,2,2
221824,5.0,0.3695405228654385,0.43433011496197893,0.18218732474489255,1.0026153948725502,1.0763781923895146,2,2
221952,5.0,0.3397721688725907,0.4514667281104916,0.18291146130755745,1.0029866780547583,1.0882863277506873,2,2
222080,5.0,0.3567351850405368,0.45135559264861475,0.1874530626020968,1.0029866780547583,1.0918281853068963,2,2
222208,5.0,0.38404956749203584,0.4434353963635978,0.18993159162818127,1.0029866780547583,1.0838589510355126,2,2
222336,5.0,0.439975226070773,0.4840953749095402,0.24930935595732928,1.0036041977073993,1.1039448440661588,1,2
222464,5.0,0.44537477868782926,0.4884825828954804,0.2658783719872865,1.0034808219392384,1.0996365957100596,1,2
222592,5.0,0.43255397036487947,0.4996159728081972,0.2939524563086905,1.0037275095661569,1.0944177188219788,1,2
222720,5.0,0.38524245050914235,0.5209874668313689,0.36138661915122045,1.004097062540836,1.10346766456957,1,2
222848,5.0,0.41052569557277546,0.5124820639646585,0.3660737790912791,1.004097062540836,1.098250818690899,1,2
222976,5.0,0.40943168020954746,0.5153665340821347,0.34132006459711717,1.0043431132076361,1.100400070560479,1,2
223104,5.0,0.40535171838305617,0.5092379719139487,0.3388957458352686,1.0042201196159057,1.1050921204807067,1,2
223232,5.0,0.3858610509445197,0.5086445925363228,0.30186332661540066,1.0042201196159057,1.0887184692089398,1,2
223360,5.0,0.3877745109220641,0.4864081588035057,0.26787405056645114,1.0036041977073993,1.093615164323832,1,2
223488,5.0,0.36354548683415044,0.4872209360355737,0.2854635677158893,1.0034808219392384,1.0919850385491157,2,2
223616,5.0,0.34675033197372424,0.4935101382040257,0.31825188276363425,1.0033573821759203,1.0807588933244388,2,2
223744,5.0,0.339905137821072,0.4824716662787216,0.2838352274707619,1.003110310319889,1.0852454404121392,2,2
223872,5.0,0.3449287928103219,0.4798850209108838,0.26832553398399045,1.003110310319889,1.0802990550875406,2,2
224000,5.0,0.3445704086059108,0.46584928777648965,0.2317092148635632,1.0029866780547583,1.0902649195472993,2,2
224128,5.0,0.33617202807046653,0.46720189830987296,0.19286417438319678,1.003110310319889,1.0992373165663538,2,2
224256,5.0,0.3459096596676149,0.4723587603764874,0.20937597881816178,1.0033573821759203,1.0897195128083415,2,2
224384,5.0,0.3446098464152121,0.47646460786470923,0.2288240762998656,1.0033573821759203,1.1012815761720434,2,2
224512,5.0,0.35344874271453325,0.4761244952085587,0.22935549340183753,1.0033573821759203,1.0863497893513008,2,2
224640,5.0,0.3784956012902273,0.5082830576207665,0.2897970980510831,1.0042201196159057,1.1081567059853303,1,2
224768,5.0,0.4152795454298269,0.5616868590790658,0.38192867129179203,1.0058141152526048,1.1357653447489162,0,-1
224896,5.0,0.38267709607579564,0.5761986619262879,0.3932913133938145,1.0061804562416374,1.1357829531160017,0,-1
225024,5.0,0.40914629150203574,0.5847666051393952,0.422020681256949,1.0065462378831733,1.1394592740959164,0,-1
225152,5.0,0.40610500285995815,0.5578169362268033,0.3710493108905947,1.0055695760821457,1.1172203243150531,0,2
225280,5.0,0.3820829432198257,0.500683459322146,0.28593997771086976,1.0038507576010838,1.0881541437172788,1,2
225408,5.0,0.35983569423680006,0.48168176933456974,0.2487406742803271,1.0033573821759203,1.097240872421788,2,2
225536,5.0,0.31881650516044385,0.4508570223811249,0.20161697075691098,1.0028629814496335,1.0777591942947145,2,2
225664,5.0,0.31371576992709965,0.4491405911304514,0.1914915815261769,1.0028629814496335,1.0831684301192055,2,2
225792,5.0,0.3295730321447386,0.4462207962381037,0.18370616271721887,1.0028629814496335,1.0831568422843478,2,2
225920,5.0,0.33779300105926496,0.4509062655703469,0.19640356716104224,1.0029866780547583,1.0831438615611808,2,2
226048,5.0,0.351905536219889,0.4651936194001311,0.21305253942498908,1.003110310319889,1.0859447936437203,2,2
226176,5.0,0.3462060876600119,0.4666684213201349,0.20609994673635504,1.003110310319889,1.0877556212022397,2,2
226304,5.0,0.3307459694710805,0.4518803856028357,0.20635714457870974,1.0029866780547583,1.0849470898292937,2,2
226432,5.0,0.3623751391688634,0.4516499711223181,0.21795210552095978,1.0029866780547583,1.0808314029765769,2,2
226560,5.0,0.37898768181201603,0.4547605102098799,0.2345928233224428,1.0029866780547583,1.0804467048809918,2,2
226688,5.0,0.364244799138345,0.4555042157618511,0.23181129745852222,1.0029866780547583,1.077617675796138,2,2
226816,5.0,0.31595162373529245,0.4687220171398698,0.2351886212530162,1.003110310319889,1.0835582724789112,2,2
226944,5.0,0.3057367043729304,0.46646243024105494,0.2171220503628123,1.0029866780547583,1.0784373232723117,2,2
227072,5.0,0.324812475779247,0.47466813069682606,0.23549881364084005,1.0032338783315098,1.0903212305408483,2,2
227200,5.0,0.34678039119819903,0.4718637589220544,0.25121787522492683,1.0032338783315098,1.0859896428745197,2,2
227328,5.0,0.40112025485695263,0.4791787078574105,0.28644079998829436,1.0036041977073993,1.0859465104136379,1,2
227456,5.0,0.4098951222775971,0.4809366190884043,0.26797412889466354,1.0036041977073993,1.0905210066394615,1,2
227584,5.0,0.43006134621187003,0.4727218134341364,0.2579471660875506,1.0033573821759203,1.1004846120300815,1,2
227712,5.0,0.37894834781256853,0.4838986058626247,0.265953453693163,1.0034808219392384,1.099925172027528,1,2
227840,5.0,0.3551285630777474,0.46659128681063916,0.2387786143337692,1.0029866780547583,1.09946372035045,2,2
227968,5.0,0.4214485549453977,0.4630900455096873,0.2517667581774856,1.0029866780547583,1.0878099525139848,1,2
228096,5.0,0.40658789687683333,0.4630783123175492,0.22118297994227212,1.0029866780547583,1.0841215864925042,2,2
228224,5.0,0.40242071555734027,0.4766200477353397,0.24331900875719045,1.0032338783315098,1.085817831437853,1,2
228352,5.0,0.3483520076402815,0.48591559675911367,0.2964471583460511,1.0033573821759203,1.0809923747434629,2,2
228480,5.0,0.45816680956570505,0.5362118892734085,0.3575293994154598,1.004588910279602,1.125534305108772,0,2
228608,5.0,0.4460061642257942,0.5516978439129202,0.3809273951294868,1.0048344544320031,1.1332015217733944,0,-1
228736,5.0,0.4512648220428255,0.5538609274776685,0.38680740985605133,1.0048344544320031,1.121937700456618,0,2
228864,5.0,0.452708133298579,0.5604093244721521,0.3753198644886959,1.005079746337278,1.1057002254168729,0,2
228992,5.0,0.4716448919901075,0.5308782211197804,0.34573994025535654,1.0042201196159057,1.084264524938965,1,2
229120,5.0,0.4455286977364891,0.5205091051581824,0.3601745353688482,1.0039739418975728,1.0833526753043337,1,2
229248,5.0,0.4168124805792464,0.5100797822272614,0.3299320822737746,1.0038507576010838,1.0875214726056432,1,2
229376,5.0,0.38693492936897445,0.4928130762266375,0.27435537598808124,1.0034808219392384,1.0873559244183122,1,2
229504,5.0,0.37024348421120196,0.4843621287633615,0.2716266373298391,1.0032338783315098,1.086453862375527,2,2
229632,5.0,0.35868929100293945,0.49212044650378395,0.24298125463768216,1.0037275095661569,1.0888757157455125,2,2
229760,5.0,0.35418039019584613,0.48145358462095067,0.23213206512603604,1.0036041977073993,1.0888935978715701,2,2
229888,5.0,0.3819066621226241,0.48251151268476006,0.23787324445919533,1.0037275095661569,1.0781011452999343,2,2
230016,5.0,0.39542399793765964,0.47952886036943504,0.24632807860744815,1.0037275095661569,1.08728601127364,1,2
230144,5.0,0.40636290242329476,0.4607351197972223,0.2305607004505935,1.0032338783315098,1.0845558398686357,1,2
230272,5.0,0.3708275405850149,0.4525406017675257,0.21321282010563541,1.0029866780547583,1.1008006067241451,2,2
230400,5.0,0.38470771885496735,0.44204954065390145,0.201672866917333,1.0027392204178478,1.0813243269129102,2,2
230528,5.0,0.37302890922910037,0.4582579175800871,0.22305973721383518,1.0029866780547583,1.0766865749667411,2,2
230656,5.0,0.36703436404171697,0.4607175255340419,0.21229466220879342,1.0029866780547583,1.0804500885886414,2,2
230784,5.0,0.3965463974284631,0.44266396579175854,0.19606620515144038,1.0028629814496335,1.068434942024433,2,2
230912,5.0,0.3938428274812047,0.4482204957730599,0.1987452836245984,1.0028629814496335,1.0683231476375423,2,2
231040,5.0,0.36294943263902585,0.4251042944255524,0.1648403317171695,1.0024915047267045,1.0676553367795243,2,2
231168,5.0,0.33399700648458136,0.4111938220982656,0.1681329125566785,1.0022435302842976,1.0687855273111946,2,2
231296,5.0,0.3509985020433275,0.43622293604985,0.1879800441044219,1.0024915047267045,1.0761067642493767,2,2
231424,5.0,0.3697300657865914,0.43057138236480186,0.19616813945878803,1.0024915047267045,1.0702901963247324,2,2
231552,5.0,0.3647896760777336,0.4359733124693934,0.21453927930422517,1.0024915047267045,1.058422679559009,2,2
231680,5.0,0.37816350347084676,0.4502589007375257,0.20942636045910246,1.0029866780547583,1.077075210878707,2,2
231808,5.0,0.41345551672891495,0.43644968609751117,0.21037742049117408,1.0029866780547583,1.0720564576369593,2,2
231936,5.0,0.4311435722444789,0.48846007891608423,0.27127114171282984,1.0038507576010838,1.1024115939106978,1,2
232064,5.0,0.43075640887907274,0.502812302124285,0.29297940180902887,1.0042201196159057,1.1114362674334006,1,2
232192,5.0,0.45908639104193877,0.4768135035265144,0.29723390294354435,1.0037275095661569,1.0880770356210998,1,2
232320,5.0,0.4722647153412232,0.4930788667707398,0.30990654414947144,1.0039739418975728,1.096820844283516,1,2
232448,5.0,0.46909792161337943,0.4432441158431877,0.2497922855715664,1.003110310319889,1.0804038293220648,1,2
232576,5.0,0.4357971533613873,0.42919091702861684,0.23037561493088438,1.0026153948725502,1.091689309856318,1,2
232704,5.0,0.44075546618050043,0.44846049103646735,0.2236141590989967,1.0028629814496335,1.0996908921431976,1,2
232832,5.0,0.4320977577723962,0.44194681555051657,0.24636291113457617,1.0028629814496335,1.0771391368031602,1,2
232960,5.0,0.38708690486568753,0.4838386568265318,0.2685637770921715,1.0033573821759203,1.0820643124315663,1,2
233088,5.0,0.3843301373640525,0.4947857365738692,0.2964717338258553,1.0033573821759203,1.0873330245110815,1,2
233216,5.0,0.3802120026604694,0.4928528709555014,0.2704710977712861,1.0033573821759203,1.070699686686622,2,2
233344,5.0,0.3865839491036622,0.47502843137484674,0.2521772813462635,1.0028629814496335,1.074167094791713,2,2
233472,5.0,0.3899964078909642,0.47016913825074436,0.2548552712549715,1.0029866780547583,1.0682095989260587,2,2
233600,5.0,0.39216905219710335,0.4710368883174203,0.23383213099074954,1.0033573821759203,1.0769081468624706,2,2
233728,5.0,0.40615420596514373,0.4594694993521486,0.2345824120981977,1.0032338783315098,1.0746602893352466,1,2
233856,5.0,0.4069039337308453,0.45111132516275054,0.22855105773160253,1.003110310319889,1.078391526120558,1,2
233984,5.0,0.37295213891540885,0.4381652413333757,0.2221856596380513,1.0027392204178478,1.0740684913288978,2,2
234112,5.0,0.3920580043237282,0.4036188282094517,0.19214106837295067,1.0022435302842976,1.0684145022824905,2,2
234240,5.0,0.3672692613233714,0.42838442023672246,0.19615146368665126,1.0024915047267045,1.069771534022558,2,2
234368,5.0,0.3299909748583978,0.4526438914142368,0.2195989446828638,1.0028629814496335,1.0923087100953748,2,2
234496,5.0,0.3502631081926252,0.4505463492866964,0.22554485199488586,1.0028629814496335,1.0824452665095379,2,2
234624,5.0,0.38452823924965196,0.46447771418008876,0.24553788942668944,1.003110310319889,1.070376000668495,2,2
234752,5.0,0.40203683510474375,0.46630061663735006,0.25721386512006966,1.0032338783315098,1.076604865954262,1,2
234880,5.0,0.40156346588611685,0.4527238447793521,0.23584359609624964,1.0029866780547583,1.0874219619279333,1,2
235008,5.0,0.4208932202237017,0.4731990763844675,0.2738497591914814,1.0033573821759203,1.0995855123530673,1,2
235136,5.0,0.38797000479834853,0.4723587603764874,0.2575883323941172,1.0033573821759203,1.0933150011133985,1,2
235264,5.0,0.4195461829904275,0.47695923662252443,0.27104351197029025,1.0032338783315098,1.0809848959119215,1,2
235392,5.0,0.40704471536648906,0.47060881578638464,0.27784424257580986,1.003110310319889,1.082432304893611,1,2
235520,5.0,0.38325179671303894,0.45257034790024664,0.23018491565290689,1.0027392204178478,1.0686692486242646,2,2
235648,5.0,0.36401047463970243,0.45172137590979067,0.2244604739580642,1.0026153948725502,1.0725810678503638,2,2
235776,5.0,0.3245534222538251,0.4487018726673593,0.2099368913135954,1.0026153948725502,1.0837106302800035,2,2
235904,5.0,0.35259585596113785,0.4437397091666057,0.19249350366734397,1.0026153948725502,1.0741520561944435,2,2
236032,5.0,0.3670573288814709,0.43220904113471575,0.18720866282017157,1.0024915047267045,1.0715916482421073,2,2
236160,5.0,0.33858279018901305,0.4334039047352438,0.18430257429969468,1.0024915047267045,1.0774086243146812,2,2
236288,5.0,0.30932481086556246,0.4349363589479751,0.18107063883788954,1.0027392204178478,1.0553261122351691,2,-1
236416,5.0,0.3474154770366206,0.47934414599220837,0.22306816211744593,1.0034808219392384,1.073522176927971,2,2
236544,5.0,0.42057991485029966,0.4893022847690976,0.22470583153618126,1.0036041977073993,1.101491784706448,1,2
236672,5.0,0.41566418359697427,0.5051064490718895,0.26883250693848787,1.0037275095661569,1.0794545154203576,1,2
236800,5.0,0.4272788035469425,0.5117245387449347,0.2880989997040159,1.0037275095661569,1.093403450250936,1,2
236928,5.0,0.43856739988286514,0.5022214719934327,0.29044008622498024,1.0034808219392384,1.08685820056829,1,2
237056,5.0,0.4007323737475941,0.49712549202414114,0.33092111598489105,1.0033573821759203,1.0898621278609062,1,2
237184,5.0,0.3923966010239031,0.500683459322146,0.34003730278570904,1.0038507576010838,1.0964288581423016,1,2
237312,5.0,0.3951728225700084,0.4864009202579796,0.30896143271236987,1.0037275095661569,1.0728648104612495,1,2
237440,5.0,0.4675745343023356,0.4663240099578452,0.3105819204630445,1.0033573821759203,1.0895737865377093,1,2
237568,5.0,0.4456689195360852,0.47321579539322145,0.26374421469156334,1.0037275095661569,1.0797718603315225,1,2
237696,5.0,0.42841948876266234,0.444179101915569,0.22919069469349157,1.0029866780547583,1.0759960808059812,1,2
237824,5.0,0.36406372315399205,0.46262914201847943,0.2624399174473088,1.0029866780547583,1.0846862949478149,2,2
237952,5.0,0.4214796749473789,0.4779950592441888,0.2852660287541755,1.0033573821759203,1.085593293013738,1,2
238080,5.0,0.4224617117032165,0.46369924569745097,0.2860380112512142,1.0029866780547583,1.0845476230667421,1,2
238208,5.0,0.4117785982389434,0.4767540653794121,0.29522286544656673,1.0032338783315098,1.0871373402092634,1,2
238336,5.0,0.368487546518597,0.46308068419326026,0.22611154162099928,1.003110310319889,1.0881705515597473,2,2
238464,5.0,0.3847836835428651,0.4601765838389107,0.2014997432705596,1.003110310319889,1.0895710582593268,2,2
238592,5.0,0.35341674316076027,0.4838986058626248,0.23659892662386958,1.0034808219392384,1.1111260958043832,2,2
238720,5.0,0.3846690853667782,0.4833113142897457,0.26156836331618977,1.0033573821759203,1.1174065936765278,1,2
238848,5.0,0.38725015897324516,0.4996159728081972,0.3089830397059323,1.0037275095661569,1.1103859028862366,1,2
238976,5.0,0.41657491662325363,0.5439938812583948,0.36107034914282404,1.0048344544320031,1.1074609948583778,0,2
239104,5.0,0.44504280063299717,0.5267298581805671,0.32976208229045845,1.004588910279602,1.0995334043832616,1,2
239232,5.0,0.4419369610929395,0.5249589014920361,0.32920273080592805,1.0044660434007024,1.1018384950441094,1,2
239360,5.0,0.4120583316850742,0.522855568113988,0.32770123695325076,1.0044660434007024,1.0852324168469563,1,2
239488,5.0,0.4022829453168886,0.4635889854761765,0.25917785709808305,1.003110310319889,1.090811708972735,1,2
239616,5.0,0.4004450387215268,0.47851161032617273,0.27623171636931726,1.0033573821759203,1.087674851854639,1,2
239744,5.0,0.3953061984901735,0.49981862702700103,0.2681397100614796,1.0038507576010838,1.0971006602626823,1,2
239872,5.0,0.4240242410442861,0.49087966166643077,0.27782464518936645,1.0037275095661569,1.101678249484412,1,2
240000,5.0,0.43877968821407604,0.5025600600900693,0.2810885567287235,1.0039739418975728,1.1123386372901418,1,2
240128,5.0,0.4461249981141146,0.4831485743957092,0.25734498259668775,1.0036041977073993,1.0924997910818046,1,2
240256,5.0,0.4331102221416624,0.4681869185996268,0.23722958431488428,1.0033573821759203,1.0878136741269226,1,2
240384,5.0,0.404340453677068,0.47033103429902506,0.22727447111859098,1.0033573821759203,1.0957424715007749,1,2
240512,5.0,0.40702653486742346,0.48715108776146065,0.2509109584348033,1.0038507576010838,1.0899309777725745,1,2
240640,5.0,0.4242809670311202,0.5098640829308619,0.29266283891802,1.0043431132076361,1.093006367045398,1,2
240768,5.0,0.4223016548381088,0.5116963074287615,0.3050196927774582,1.0042201196159057,1.0907111379848438,1,2
240896,5.0,0.40232823783076627,0.516350175520433,0.309116394698196,1.0039739418975728,1.0810339769825563,1,2
241024,5.0,0.3730267275396658,0.5020611878618708,0.29783652659612525,1.0037275095661569,1.076932574697921,1,2
241152,5.0,0.40795918859522695,0.49725277013765734,0.29666993522419466,1.0036041977073993,1.088632936833794,1,2
241280,5.0,0.4081426914391301,0.4750082433529766,0.2552510216074219,1.0032338783315098,1.0863172752143724,1,2
241408,5.0,0.39746951604104613,0.4638968286558392,0.23651282830473677,1.0032338783315098,1.088740038047444,1,2
241536,5.0,0.33773118955523435,0.4347859646271599,0.2209168634228694,1.0027392204178478,1.08792630280886,2,2
241664,5.0,0.3511603549324005,0.4251042944255524,0.1976605450058396,1.0024915047267045,1.0724448771068331,2,2
241792,5.0,0.3473557651247317,0.44408326902222267,0.21300766578755453,1.0027392204178478,1.0773588810550507,2,2
241920,5.0,0.33987708524436305,0.43356763420133515,0.18753669247306282,1.0028629814496335,1.082426518347177,2,2
242048,5.0,0.3666568434050482,0.44020329149195603,0.1802777761653692,1.0028629814496335,1.0924324084402401,2,2
242176,5.0,0.4172508230983216,0.4821616328731065,0.25329893921477625,1.0034808219392384,1.0738937214962219,1,2
242304,5.0,0.42714382976122256,0.480854477506978,0.2782369018802623,1.0036041977073993,1.0676223511356542,1,2
242432,5.0,0.420615147420867,0.49976661432819075,0.29798729794569234,1.0036041977073993,1.0677158014402195,1,2
242560,5.0,0.41472890786698763,0.5082734525783664,0.29704732375990833,1.0037275095661569,1.0670290849341824,1,2
242688,5.0,0.362114889593949,0.4784136247657954,0.2662084103097209,1.0032338783315098,1.0810875637863426,2,2
242816,5.0,0.3773474451313528,0.469933359393209,0.23262467908455134,1.0029866780547583,1.0970930619657153,2,2
242944,5.0,0.3530267180735088,0.44745004724958276,0.21802969626364882,1.0027392204178478,1.0806185757930218,2,2
243072,5.0,0.36225600601213886,0.4463925685011275,0.21164408801731005,1.0027392204178478,1.0864554083799618,2,2
243200,5.0,0.34197499749828486,0.4315538597555181,0.19550736599795646,1.0026153948725502,1.0745849688733122,2,2
243328,5.0,0.3521231008000424,0.44053164165691894,0.21401442052102376,1.0027392204178478,1.0844973481383329,2,2
243456,5.0,0.36055369042929075,0.440531641656919,0.2140014711442972,1.0027392204178478,1.0831018675381354,2,2
243584,5.0,0.4125090829010068,0.4509062655703469,0.23919324627470478,1.0029866780547583,1.09056682165424,1,2
243712,5.0,0.44263350006184515,0.45058882569657027,0.25821165014299907,1.003110310319889,1.0913471070972696,1,2
243840,5.0,0.3993417355496764,0.458852227537575,0.25453288351986336,1.0033573821759203,1.0850613958811413,1,2
243968,5.0,0.4229814859970936,0.467145028936755,0.26537524311980315,1.0033573821759203,1.0997692085614172,1,2
244096,5.0,0.3942781031948273,0.44636465592234686,0.23074815069942906,1.003110310319889,1.076997677488483,2,2
244224,5.0,0.39306825054128025,0.4769405921941468,0.2614982281405409,1.0033573821759203,1.0893038718166148,1,2
244352,5.0,0.3824047424531208,0.4983082442966055,0.2895088603051492,1.0038507576010838,1.0688306522661088,1,2
244480,5.0,0.3954758456902787,0.5065268579713537,0.31223752023842594,1.004097062540836,1.0834338384605564,1,2
244608,5.0,0.3952161453108308,0.5153148262234275,0.32314857542274233,1.0043431132076361,1.1019621067746537,1,2
244736,5.0,0.42969980736546826,0.5112694482846658,0.33142172083514443,1.0043431132076361,1.1037828733501143,1,2
244864,5.0,0.39464422777239117,0.4812947468827898,0.31412412184950816,1.0036041977073993,1.097417099985467,1,2
244992,5.0,0.5160953619581576,0.4850546218845255,0.32407214996758055,1.0038507576010838,1.099989761524358,1,-1
245120,5.0,0.5243570313966958,0.5224486103078921,0.4122630564315518,1.0042201196159057,1.097836414636629,0,-1
245248,5.0,0.5121882773292162,0.5225224068717155,0.4052861692153186,1.0042201196159057,1.0829237313579605,0,-1
245376,5.0,0.47396100202564684,0.5255798549205247,0.3783771325326813,1.004588910279602,1.0855927184043754,0,2
245504,5.0,0.45954315906444676,0.5380078177923289,0.36782595629841486,1.0048344544320031,1.085178684210266,0,2
245632,5.0,0.4692231130242549,0.5024842849038406,0.28856075677413695,1.0042201196159057,1.085328924504744,1,2
245760,5.0,0.48674880531736947,0.5102864535717878,0.3015749159288804,1.004588910279602,1.0987678866163169,1,2
245888,5.0,0.4766165681712956,0.5079217866735962,0.2681587981758272,1.0043431132076361,1.1022444036245014,1,2
246016,5.0,0.4144935446118711,0.4976758012197079,0.24320282205037386,1.0039739418975728,1.1004809012247583,1,2
246144,5.0,0.41472395708497284,0.48045793394617126,0.2236500221563147,1.0037275095661569,1.0913418429939301,1,2
246272,5.0,0.37760712829025045,0.46318062258964027,0.2056341505511066,1.0032338783315098,1.102750304509538,2,2
246400,5.0,0.3837228210473805,0.44478515481687914,0.20638743660468162,1.0029866780547583,1.0719328039511693,2,2
246528,5.0,0.3685167771263972,0.4363621106915077,0.19934840056159003,1.0027392204178478,1.070494552591047,2,2
246656,5.0,0.39366109896588125,0.4585012359946764,0.21692823760799212,1.0032338783315098,1.073317484860942,2,2
246784,5.0,0.4130173785875654,0.42940258309260043,0.20200443315607278,1.0028629814496335,1.071331119193204,2,2
246912,5.0,0.39618820715601416,0.4745253205048884,0.23744245569637762,1.0033573821759203,1.0946546749330777,1,2
247040,5.0,0.4026617137426673,0.47895814306820167,0.24594459032996327,1.0037275095661569,1.0716422140177508,1,2
247168,5.0,0.4027641173588468,0.47841092334633506,0.2382933039576737,1.0033573821759203,1.098497501480461,1,2
247296,5.0,0.4206073703626279,0.4939030631580922,0.2567367876017627,1.0037275095661569,1.0683481197595452,1,2
247424,5.0,0.4038928588464809,0.4690063755975938,0.24349742830738028,1.0033573821759203,1.0619880044923804,1,2
247552,5.0,0.39896685486629857,0.46738216383130154,0.2551385247193095,1.0029866780547583,1.0647625218913572,1,2
247680,5.0,0.3809212565979926,0.46267592808354996,0.2525946128022902,1.0029866780547583,1.0698570299422956,2,2
247808,5.0,0.4469836680820757,0.4903188679996624,0.34540038247106736,1.003110310319889,1.0854422698600565,1,2
247936,5.0,0.4651859314122285,0.5078227189635499,0.3984103055887888,1.0034808219392384,1.0821617823090453,1,2
248064,5.0,0.4330775218817847,0.505978023173338,0.37796982428761416,1.0034808219392384,1.0810183969866947,1,2
248192,5.0,0.39743462290093967,0.5221889828703227,0.43303175941760763,1.0039739418975728,1.0881499964669454,1,2
248320,5.0,0.4352048082600678,0.5280953654709161,0.3909961649882114,1.0042201196159057,1.0881105157876712,1,2
248448,5.0,0.4541977168753715,0.5227076047657143,0.36409416186076105,1.0042201196159057,1.0777091679384572,1,2
248576,5.0,0.4462272615675296,0.5224486103078921,0.3609574624447456,1.0042201196159057,1.0809716084864514,1,2
248704,5.0,0.40654800197796753,0.5143755525384266,0.31342653193937847,1.0039739418975728,1.0711457339644437,1,2
248832,5.0,0.3875329828187659,0.48585829139720466,0.265312952281299,1.0034808219392384,1.0772561484801473,1,2
248960,5.0,0.3502965222484183,0.47695923662252443,0.21698203271144112,1.0032338783315098,1.0781725820318917,2,2
249088,5.0,0.3388926186542486,0.48298108987107347,0.22450240103071667,1.0034808219392384,1.0867621767658946,2,2
249216,5.0,0.3388700692525381,0.47280935345020586,0.20991778909494851,1.0032338783315098,1.097173029099605,2,2
249344,5.0,0.3669186498634997,0.4509062655703469,0.1930358276260386,1.0029866780547583,1.0819699349733871,2,2
249472,5.0,0.350550025230875,0.455628536935266,0.2040212703790673,1.0029866780547583,1.0821510106390428,2,2
249600,5.0,0.3433408967112316,0.4463925685011275,0.18523465837096864,1.0027392204178478,1.0762112487261337,2,2
249728,5.0,0.3745276090561843,0.42095136763442464,0.16411913197003328,1.0024915047267045,1.077199062706255,2,2
249856,5.0,0.38143029147280744,0.43905321959792815,0.18030378419519016,1.0026153948725502,1.0942784192464745,2,2
249984,5.0,0.32432778785223365,0.4207310177504304,0.17342830947013238,1.0024915047267045,1.077058686521094,2,2
250112,5.0,0.3287642576893707,0.41685454953228196,0.1822454417079078,1.0023675498930893,1.08731556986911,2,2
250240,5.0,0.3329267953748589,0.4352932123754093,0.18475894964828535,1.0024915047267045,1.05899364206637,2,2
250368,5.0,0.34727740583110056,0.4246969691627055,0.20065016706110764,1.0023675498930893,1.0638095391063342,2,2
250496,5.0,0.34300809367390905,0.4381118586581279,0.21510772264795114,1.0024915047267045,1.061974694729659,2,2
250624,5.0,0.3428145768701264,0.44191180927531953,0.22171230842809303,1.0027392204178478,1.064935846974226,2,2
250752,5.0,0.33449145786698614,0.4501518547250795,0.23551332888467863,1.0027392204178478,1.0688815008704875,2,2
250880,5.0,0.36099494714950936,0.4658475812586679,0.24864788263393595,1.0029866780547583,1.0991058169076562,2,2
251008,5.0,0.3726978917738468,0.46803650772327504,0.2686703530073151,1.003110310319889,1.082880865691091,2,2
251136,5.0,0.34521488928498517,0.4649715199741473,0.2648432631203144,1.0029866780547583,1.0817617058293796,2,2
251264,5.0,0.3203266839645829,0.47060881578638464,0.2812173427280826,1.003110310319889,1.0786980847382228,2,2
251392,5.0,0.33150656926295624,0.4591614155102897,0.24638421056616527,1.0029866780547583,1.0749614511686816,2,2
251520,5.0,0.36077201159021144,0.4521353301934486,0.23472771826424244,1.0029866780547583,1.081074923038475,2,2
251648,5.0,0.36124131046984964,0.45352365121969596,0.21868468701559787,1.0028629814496335,1.0908266442700516,2,2
251776,5.0,0.34384750716930457,0.4271755977224286,0.1909707514891876,1.0024915047267045,1.0648904717666563,2,2
251904,5.0,0.35827478455901995,0.42420384444757414,0.18898195220936542,1.0024915047267045,1.0699224794474809,2,2
252032,5.0,0.3895481128015503,0.45828934526334275,0.21921326381401737,1.003110310319889,1.088257419041948,1,2
252160,5.0,0.4017967299926539,0.4638968286558392,0.2452903136775251,1.0032338783315098,1.079460180226949,1,2
252288,5.0,0.39792871243688044,0.4826018859143266,0.250366605831862,1.0034808219392384,1.0804553324393307,1,2
252416,5.0,0.3916217935828045,0.4844047018045824,0.2483806760264034,1.0034808219392384,1.0763593858454799,1,2
252544,5.0,0.3284693528540524,0.4610180936917006,0.21613596761776002,1.0029866780547583,1.0839388988158316,2,2
252672,5.0,0.4203300579795485,0.47268983998547204,0.26197787700973835,1.003110310319889,1.0966309981507263,1,2
252800,5.0,0.4469423541543692,0.47615298718155713,0.2917137835593031,1.0029866780547583,1.0988427940590038,1,2
252928,5.0,0.4304823609739551,0.4804304615683533,0.3128291557091923,1.0029866780547583,1.083744366500671,1,2
253056,5.0,0.3862568032614333,0.48233238252509864,0.31214330936097995,1.0029866780547583,1.0783924992971006,1,2
253184,5.0,0.4474927055681518,0.4819763014749989,0.30918058434124723,1.0029866780547583,1.0733785041898654,1,2
253312,5.0,0.4463650192842901,0.4804794557828243,0.3137501632376102,1.0029866780547583,1.0741666727329175,1,2
253440,5.0,0.44438672839026094,0.4773639144558868,0.2911648796292424,1.0029866780547583,1.0741511524166476,1,2
253568,5.0,0.3452312608266491,0.4797158492664515,0.2885951310787901,1.0029866780547583,1.070012238588015,2,2
253696,5.0,0.31852769102187245,0.4621293025209336,0.2337823750121618,1.0028629814496335,1.086869643199966,2,2
253824,5.0,0.31682153707339195,0.46379990137526633,0.21446566791119093,1.0029866780547583,1.0931714056142665,2,2
253952,5.0,0.32670933446665484,0.4771580895058807,0.24491771306771626,1.0033573821759203,1.1027498686318222,2,2
254080,5.0,0.34515556287420474,0.4674040233945771,0.22611582167949335,1.0033573821759203,1.0856767036814594,2,2
254208,5.0,0.3953508951850276,0.46211295794384877,0.20794740419307423,1.0032338783315098,1.0815782215206597,1,2
254336,5.0,0.3927229094584813,0.4638968286558392,0.21787576037935083,1.0032338783315098,1.090918149508798,1,2
254464,5.0,0.3735612851062674,0.4188126346681562,0.17589819984596455,1.0024915047267045,1.0708089538298937,2,2
254592,5.0,0.37367468206791754,0.43399000230582835,0.18172149676994867,1.0026153948725502,1.0836140991659917,2,2
254720,5.0,0.3616499344782576,0.41906244502614676,0.1685709770107449,1.0024915047267045,1.0746104158056329,2,2
254848,5.0,0.37332488237687433,0.4224913193132059,0.17362709606199042,1.0024915047267045,1.0782505437414598,2,2
254976,5.0,0.39649800605623464,0.4269629522861096,0.18768658211709316,1.0024915047267045,1.0692645987410427,2,2
255104,5.0,0.35884828476609637,0.42096714899663934,0.18092230283431002,1.0023675498930893,1.0819033631752455,2,2
255232,5.0,0.37201647441577923,0.42047029191448165,0.18303191363413143,1.0023675498930893,1.072918501965993,2,2
255360,5.0,0.3735881973788214,0.40099525432258093,0.1634027563586069,1.0022435302842976,1.0638415340563383,2,2
255488,5.0,0.3882081919710794,0.40953539318052457,0.1592588128482917,1.0023675498930893,1.0742384223186179,2,2
255616,5.0,0.37715185769214854,0.3985213037403038,0.16788403799246915,1.0023675498930893,1.0671054854399875,2,2
255744,5.0,0.3951912175777215,0.41906244502614676,0.1905120142567126,1.0024915047267045,1.068413867514815,2,2
255872,5.0,0.40375149116785247,0.4629137311779048,0.2508054900422981,1.003110310319889,1.077010873663308,1,2
256000,5.0,0.43784742345731026,0.48449351207459174,0.27338242582783945,1.0036041977073993,1.0851123858912612,1,2
256128,5.0,0.43978887599558164,0.49765959780181257,0.2750203561887571,1.0037275095661569,1.0840950830364537,1,2
256256,5.0,0.4119500535763002,0.5004314377846197,0.2895701377463086,1.0037275095661569,1.0830334500523389,1,2
256384,5.0,0.3562724243924407,0.49644163272734027,0.2913256055006413,1.0036041977073993,1.0929493130944201,1,2
256512,5.0,0.398024014881741,0.5163501755204332,0.32775227325496253,1.0039739418975728,1.1018950606687659,1,2
256640,5.0,0.47934982510688046,0.5350629045121867,0.37318012577175325,1.0044660434007024,1.0909654900303654,0,2
256768,5.0,0.47227937915578705,0.5455364381103444,0.4030188374491372,1.0048344544320031,1.1043710001404017,0,2
256896,5.0,0.4489745397958563,0.531023831639323,0.3629125598533954,1.004588910279602,1.1148113658959036,0,2
257024,5.0,0.4391383439210239,0.4911736816049355,0.3249232992293853,1.0037275095661569,1.0853463063936364,1,2
257152,5.0,0.3656896259644147,0.47097766500092425,0.27194090106935687,1.0032338783315098,1.0790558160310844,2,2
257280,5.0,0.34412737168025576,0.4474500472495827,0.21342467391474967,1.0027392204178478,1.078650208321936,2,2
257408,5.0,0.3426067892664588,0.4368528540624848,0.19474160814739055,1.0026153948725502,1.0687692710796186,2,2
257536,5.0,0.3318899233013383,0.4405922109341755,0.19312725186576335,1.0026153948725502,1.0860644887123279,2,2
257664,5.0,0.33753578400033296,0.4358787388606289,0.18563626860100216,1.0027392204178478,1.0756470209293791,2,2
257792,5.0,0.3656765596976602,0.47220189073216323,0.2240354415434285,1.0033573821759203,1.0847621148458573,2,2
257920,5.0,0.39815290269003223,0.4700370143605203,0.2231173489533756,1.0033573821759203,1.085575081697219,1,2
258048,5.0,0.3893250465422327,0.46424424111779333,0.2196195678852134,1.0032338783315098,1.078608054501093,1,2
258176,5.0,0.37652259438061253,0.47290148441253027,0.21095625189450903,1.0032338783315098,1.0833658499498917,2,2
258304,5.0,0.3568852280205166,0.42488394454155826,0.19900214720243917,1.0024915047267045,1.0744492964098404,2,2
258432,5.0,0.3745136358876152,0.4350553995777093,0.20325296603894183,1.0026153948725502,1.0813822342086203,2,2
258560,5.0,0.370452901360558,0.4383486991101363,0.2125030172731905,1.0027392204178478,1.0808104106693825,2,2
258688,5.0,0.4356809876542323,0.4447825210425831,0.2221010830523122,1.0029866780547583,1.0810084049054638,1,2
258816,5.0,0.47585404843214546,0.4560571498563837,0.21315406306789494,1.003110310319889,1.0987489719279786,1,2
258944,5.0,0.4396844138276183,0.44404144926490785,0.21058794957579696,1.0029866780547583,1.081443005578747,1,2
259072,5.0,0.3837458396866259,0.46177284528769824,0.2156666172785888,1.0032338783315098,1.0819795641056091,1,2
259200,5.0,0.35302090886666393,0.45945890943409373,0.21471281367512648,1.0029866780547583,1.0877864652271072,2,2
259328,5.0,0.3926533461725556,0.5168007937649359,0.27507517607326787,1.004588910279602,1.0986828213773043,1,2
259456,5.0,0.43721066007922527,0.553993297126095,0.34716940516960204,1.0052022979066102,1.104842740927806,0,2
259584,5.0,0.4595674502082167,0.560883051883856,0.3921705756876295,1.0052022979066102,1.1038869283099684,0,2
259712,5.0,0.4033538182070107,0.5636698570666335,0.3951226151335615,1.0053247866650505,1.1057354101734107,0,-1
259840,5.0,0.39769094707463004,0.5092399023947644,0.3322782337410494,1.0037275095661569,1.1013319430728714,1,2
259968,5.0,0.3383161652614582,0.47159806785880676,0.2562852183911089,1.003110310319889,1.0901745725525418,2,2
260096,5.0,0.35333569205418736,0.45244084814298047,0.2103575810869924,1.0029866780547583,1.0752444047593366,2,2
260224,5.0,0.3742222189570414,0.4683497926198602,0.23561726856041404,1.0032338783315098,1.0832032024627551,2,2
260352,5.0,0.4213047335322536,0.482064583340995,0.23668525004979954,1.0036041977073993,1.0957494712565028,1,2
260480,5.0,0.41839902357376735,0.47588279613011325,0.2317487397371676,1.0034808219392384,1.0918651813173084,1,2
260608,5.0,0.41477571815702835,0.49087966166643077,0.24068641369880028,1.0037275095661569,1.0807444169740803,1,2
260736,5.0,0.3737447437399267,0.46177284528769824,0.24463424643111578,1.0032338783315098,1.0803366786093644,2,2
260864,5.0,0.44048030604331195,0.46820577324810964,0.2650207405085595,1.0032338783315098,1.098409334917638,1,2
260992,5.0,0.4676958540884182,0.4618154272914898,0.256903881573057,1.003110310319889,1.0828298873496163,1,2
261120,5.0,0.46306177367966633,0.45198013922738084,0.2579435978247504,1.0029866780547583,1.0825268751288268,1,2
261248,5.0,0.46035654621560484,0.4707026021701783,0.27106279956112306,1.0034808219392384,1.090657474055024,1,2
261376,5.0,0.39250697805148704,0.48870941610209695,0.2931005941934727,1.0037275095661569,1.0822201488662773,1,2
261504,5.0,0.4476679981757599,0.5066937979959097,0.3006382714169939,1.004097062540836,1.1186958809494016,1,2
261632,5.0,0.4584374528941181,0.512822176620809,0.3286420505522089,1.004097062540836,1.0890544817734924,1,2
261760,5.0,0.46561135983335294,0.49549627231956894,0.311856039033362,1.0034808219392384,1.0798558914450251,1,2
261888,5.0,0.44461841530917456,0.4626897650610784,0.2694589947599782,1.0028629814496335,1.0872884823933076,1,2
262016,5.0,0.35343002178336386,0.45577241587729816,0.24479266603451882,1.0027392204178478,1.0809357434631912,2,2
262144,5.0,0.34571794501870606,0.43837311950394414,0.17154656709287303,1.0026153948725502,1.085101431171878,2,2
262272,5.0,0.32514538745936106,0.44012804876109834,0.16229563917075734,1.0027392204178478,1.0785289385874595,2,2
262400,5.0,0.32743069447084316,0.4362823317564496,0.15725796235324432,1.0027392204178478,1.0791189315155783,2,2
262528,5.0,0.33303492013065794,0.4469752879977247,0.1698172178535553,1.0028629814496335,1.0955825286558916,2,2
262656,5.0,0.33227997771307094,0.44150821637949894,0.16949408781164318,1.0027392204178478,1.0872344158092582,2,2
262784,5.0,0.33308489588534806,0.4416459477580808,0.16469196150438287,1.0027392204178478,1.080087656653747,2,2
262912,5.0,0.33656712466920996,0.43905941231547746,0.16986146696246615,1.0027392204178478,1.0775639753384743,2,2
263040,5.0,0.33908703545935687,0.4360854343334344,0.16803604129049235,1.0027392204178478,1.0798808782746123,2,2
263168,5.0,0.3334394843360354,0.4629431316074552,0.23604916182731023,1.003110310319889,1.092356901819114,2,2
263296,5.0,0.3578478036826022,0.4719450279358982,0.23659434903833296,1.0032338783315098,1.0926090562863353,2,2
263424,5.0,0.3933124867311424,0.46782144194357445,0.24604163186975236,1.003110310319889,1.1087209140843963,1,2
263552,5.0,0.3966284882492021,0.47682408711256774,0.27315256813284106,1.0032338783315098,1.0889914086428298,1,2
263680,5.0,0.38736831868672866,0.4600397531951686,0.23682142097833928,1.0028629814496335,1.094083812197139,1,2
263808,5.0,0.36645957544936825,0.45257034790024664,0.23413579693306674,1.0027392204178478,1.0642813065946162,2,2
263936,5.0,0.3450533808052965,0.46672463535954184,0.24715647372337474,1.003110310319889,1.0783529027382457,2,2
264064,5.0,0.3606693222707148,0.4396946719186108,0.21924337110924177,1.0027392204178478,1.071538889465497,2,2
264192,5.0,0.37395210126630213,0.450381472616126,0.2252151080931103,1.0029866780547583,1.070171450754898,2,2
264320,5.0,0.39334348325346014,0.44362779177256384,0.20188280370462244,1.0029866780547583,1.070750761184558,2,2
264448,5.0,0.3616579215045729,0.44050629431022487,0.185014863348371,1.0029866780547583,1.0873216353569901,2,2
264576,5.0,0.3570271648361204,0.4529391602231703,0.18836986430537614,1.0032338783315098,1.0711241514700343,2,2
264704,5.0,0.35959877163837045,0.43721955493293235,0.17580912850955457,1.0028629814496335,1.083830588713125,2,2
264832,5.0,0.3862661192306946,0.44689964523683934,0.18706231210052587,1.0029866780547583,1.081333089926178,2,2
264960,5.0,0.3884185073413074,0.42239427993091616,0.19115037066374654,1.0026153948725502,1.0725125299858247,2,2
265088,5.0,0.40370308447275827,0.42997470727375714,0.19260071930357367,1.0026153948725502,1.0903528686060673,1,2
265216,5.0,0.417003505566111,0.4462151204425098,0.23067011725985212,1.003110310319889,1.0748690082097614,1,2
265344,5.0,0.4338427755871475,0.4581611233385258,0.23655336679850314,1.0032338783315098,1.0817666824921879,1,2
265472,5.0,0.45465851064792673,0.4681869185996268,0.23733006699701917,1.0033573821759203,1.096513920208243,1,2
265600,5.0,0.4028372845314474,0.4763625565118953,0.2399582821242156,1.0034808219392384,1.0955626583425304,1,2
265728,5.0,0.3889177597958864,0.45990512106226084,0.22317081747281867,1.0029866780547583,1.0835636253423717,1,2
265856,5.0,0.4136271494033388,0.4891793187971978,0.2784396638337296,1.0034808219392384,1.079666496379811,1,2
265984,5.0,0.4270581161022391,0.5204787652028188,0.34750482146434913,1.0037275095661569,1.0785299448714332,1,2
266112,5.0,0.4261805106425459,0.5055191897791781,0.3409265869705932,1.0034808219392384,1.0762446378985306,1,2
266240,5.0,0.40794906471220677,0.5183590026678776,0.3364722366212129,1.0037275095661569,1.0761712500966827,1,2
266368,5.0,0.3389532399975909,0.4905398529508865,0.2748704220557449,1.0032338783315098,1.0841519254043563,2,2
266496,5.0,0.37856808112929413,0.4558117799470924,0.22357302319671887,1.0029866780547583,1.0759693312085215,2,2
266624,5.0,0.3994632038500195,0.47140549935401177,0.24699700256302862,1.0033573821759203,1.0913819111637295,1,2
266752,5.0,0.41630981490955155,0.45408780138142324,0.22434877409150084,1.0032338783315098,1.0785222160071888,1,2
266880,5.0,0.4060539555900038,0.453377225791815,0.21991726900258404,1.003110310319889,1.0952814633993864,1,2
267008,5.0,0.38590142336715566,0.46013825014403725,0.2054328611897878,1.0034808219392384,1.0865909442653738,1,2
267136,5.0,0.38478379582861905,0.4581406264269454,0.18529032377875332,1.0034808219392384,1.0864751035754168,1,2
267264,5.0,0.3878104602033469,0.46924895349767876,0.18387604179530495,1.0036041977073993,1.0927282156221019,1,2
267392,5.0,0.41541316299645525,0.4883334221636274,0.2477907434244789,1.0039739418975728,1.105950597745319,1,2
267520,5.0,0.4490103598025725,0.49087966166643077,0.25111945119009643,1.0037275095661569,1.095152053275569,1,2
267648,5.0,0.46072879950162365,0.5125475556418302,0.27065834679097844,1.0038507576010838,1.0977660509645584,1,2
267776,5.0,0.39944776309022634,0.5046365414323796,0.27835231752852213,1.0036041977073993,1.0643798747286015,1,2
267904,5.0,0.41219214243071567,0.5020362688127274,0.30414165605658045,1.0034808219392384,1.0490706725793268,1,2
268032,5.0,0.40218564273026974,0.5031647054187025,0.31498389229070456,1.0036041977073993,1.0623863656685049,1,2
268160,5.0,0.3902536712685737,0.49320063183104135,0.27922085614000647,1.0038507576010838,1.0827631192843763,1,2
268288,5.0,0.4024922187185443,0.4999803679868947,0.2637135781097842,1.0039739418975728,1.0776911421765623,1,2
268416,5.0,0.42382517318634977,0.481781001846657,0.24001073608595103,1.0036041977073993,1.1049435584073042,1,2
268544,5.0,0.42504343210601137,0.46875796130671,0.23437254815581743,1.0034808219392384,1.0831446085055845,1,2
268672,5.0,0.3869450134560845,0.46797231211421697,0.24690780658977382,1.0032338783315098,1.0787649194859694,1,2
268800,5.0,0.48222592733058095,0.5142337983616823,0.27006839899846347,1.0043431132076361,1.093546587189967,1,2
268928,5.0,0.439139394747525,0.5416449502611952,0.2803066812343411,1.0049571318736141,1.097327215021934,1,2
269056,5.0,0.4393600952999488,0.5748725201464484,0.2846104822240985,1.0054472126958651,1.0994933693345075,0,-1
269184,5.0,0.443569939277883,0.5661509823348913,0.2999548303491792,1.0053247866650505,1.1055294436454344,0,2
269312,5.0,0.46336319827285805,0.5160660125817015,0.3206129427286584,1.004097062540836,1.103441123038188,1,2
269440,5.0,0.4135213520950657,0.490192432137572,0.30861609655030864,1.0034808219392384,1.087905606114977,1,2
269568,5.0,0.41644283043144925,0.4584317738616727,0.24105061757901716,1.0032338783315098,1.0928161156116933,1,2
269696,5.0,0.4276202453748362,0.4575917324290174,0.2541373291292005,1.003110310319889,1.085248871873606,1,2
269824,5.0,0.4355446004533748,0.4732415970686808,0.2601337888195668,1.0032338783315098,1.0818000249021844,1,2
269952,5.0,0.4261815364282728,0.5023251401605366,0.31995969131051977,1.0037275095661569,1.1002318365793387,1,2
270080,5.0,0.4389457124597147,0.49103594908170944,0.3355904432749868,1.0033573821759203,1.1089006467050493,1,2
270208,5.0,0.4724513956885227,0.5133144572249962,0.36476603598013374,1.0036041977073993,1.0983995370893482,1,2
270336,5.0,0.4429216930437913,0.5373708630697255,0.39684337139798553,1.0039739418975728,1.093545281814098,1,2
270464,5.0,0.430734499566796,0.5175581862370047,0.28509570485448193,1.0033573821759203,1.0567052832506005,1,2
270592,5.0,0.4269705741088876,0.534208802692513,0.2291009302907515,1.0038507576010838,1.0778370432754822,1,2
270720,5.0,0.46849436186095983,0.5389098449620304,0.23350712226537568,1.0039739418975728,1.082560547993064,1,-1
270848,5.0,0.4790036404562899,0.539402813013586,0.29182534437424557,1.0039739418975728,1.1124372180308921,0,2
270976,5.0,0.47227472175838453,0.5387934913903306,0.40657437056245016,1.0042201196159057,1.1134227015341627,0,2
271104,5.0,0.4442766743150672,0.5209874668313689,0.38131098253690726,1.004097062540836,1.1071175803594024,1,2
271232,5.0,0.4639920000103679,0.5226320314699431,0.3360656602427817,1.0042201196159057,1.1148116346773391,0,2
271360,5.0,0.46640203495694943,0.5395389317696896,0.36681679346187307,1.0042201196159057,1.102306094459748,0,2
271488,5.0,0.47760260187353903,0.539011860828694,0.38478833477394203,1.004097062540836,1.0892020557842048,0,2
271616,5.0,0.4727256640577524,0.547664936122726,0.3820152741919166,1.0043431132076361,1.09189797528337,0,2
271744,5.0,0.48219846010884937,0.558311664030114,0.4084213749338275,1.0047117139286545,1.0882726799731113,0,2
271872,5.0,0.4355365970048701,0.5543417572953521,0.41871033485818493,1.0047117139286545,1.1080214472392755,0,2
272000,5.0,0.4320487797617402,0.5718058050470802,0.4183492374148379,1.0053247866650505,1.1110185473422682,0,2
272128,5.0,0.4509555615046349,0.5611299558238368,0.4351733397623495,1.0048344544320031,1.103459506311065,0,2
272256,5.0,0.44688191242368513,0.549680140980587,0.44615734797901385,1.0043431132076361,1.100298528839505,0,2
272384,5.0,0.45083476438572173,0.5451273665691351,0.4415599568057524,1.0042201196159057,1.0979476426478476,0,2
272512,5.0,0.4576126493229606,0.5349820821189345,0.44865823537678284,1.0039739418975728,1.0950762199724666,0,2
272640,5.0,0.465535110288974,0.557570124339387,0.47018173949645126,1.0047117139286545,1.130553049144964,0,-1
272768,5.0,0.45678717181850875,0.5356158724783676,0.43826098421824156,1.0043431132076361,1.1152838802419822,0,2
272896,5.0,0.41573943887997195,0.5375839440535115,0.4069486306860647,1.0044660434007024,1.1232207239472765,0,-1
273024,5.0,0.4562960620495502,0.5555018630013866,0.4579988875716179,1.0047117139286545,1.1386143372939104,0,-1
273152,5.0,0.43204207414110796,0.528944001152198,0.41420936238522715,1.0039739418975728,1.105566275526788,1,2
273280,5.0,0.4229231080011046,0.5348449318247539,0.4326330553806157,1.0039739418975728,1.1113528077731865,0,2
273408,5.0,0.38228570377037946,0.5387972952058053,0.47091848260628244,1.004097062540836,1.0929513758386673,1,-1
273536,5.0,0.38107002759626174,0.5148877228805382,0.3645597403048295,1.0037275095661569,1.1017254712497204,1,2
273664,5.0,0.37178360739276917,0.5142748671181929,0.3834231332384978,1.0037275095661569,1.0947555568210297,1,2
273792,5.0,0.3749917973673851,0.5094132019064436,0.3193918803530592,1.0037275095661569,1.0981561046046568,1,2
273920,5.0,0.3532970236139233,0.49836001123421547,0.24952216710868338,1.0034808219392384,1.094494619425629,1,2
274048,5.0,0.355101766166756,0.49851688087853957,0.2356953575939096,1.0034808219392384,1.0978250210401967,1,2
274176,5.0,0.3437860474889531,0.5157816005022121,0.28157100085746334,1.0039739418975728,1.1100595127345338,1,2
274304,5.0,0.4365754115123704,0.5513292328763287,0.38003249042083104,1.0048344544320031,1.1243081242148758,0,2
274432,5.0,0.48877851181685855,0.5701156379855449,0.45938247735703064,1.005079746337278,1.1209272916099648,0,-1
274560,5.0,0.5194865533624823,0.5872894595571247,0.4532891174078657,1.0056918769068104,1.1202881563378213,0,-1
274688,5.0,0.5282144913461359,0.5829077674251507,0.45943188238925414,1.0054472126958651,1.1181916576136317,0,-1
274816,5.0,0.5163076938516706,0.5505978595788681,0.4262816122327511,1.0044660434007024,1.1021971409539704,0,-1
274944,5.0,0.4370976259507293,0.5453961532100373,0.4255265924343461,1.004588910279602,1.1217128422022442,0,2
275072,5.0,0.382080401887816,0.5195902887389409,0.3626944528775131,1.0039739418975728,1.1098488125218167,1,2
275200,5.0,0.4048487667929109,0.5064419627041339,0.33107369253319496,1.0038507576010838,1.0909966943728608,1,2
275328,0.0,0.43273640936159846,0.5345724493119537,0.42645075111018876,1.0044660434007024,1.1007895161482102,0,-1
275456,0.0,0.45236414557672244,0.5281981299920804,0.43111693602541556,1.0042201196159057,1.09228422806543,0,1
275584,0.0,0.45801719131497515,0.5323624938000135,0.4067551775581948,1.0044660434007024,1.0810042735217165,0,1
275712,0.0,0.5001853331976053,0.5457941726676767,0.4235261948878617,1.0047117139286545,1.0986594126582632,0,1
275840,0.0,0.5237083472767894,0.5281905543297898,0.3830073558288562,1.0043431132076361,1.1025130533304401,0,-1
275968,0.0,0.5096432204816252,0.5150518360530817,0.33533244292709796,1.0042201196159057,1.0995802246838078,0,-1
276096,0.0,0.44387957187575283,0.5025600600900693,0.2593814903352269,1.0039739418975728,1.118842711748198,2,-1
276224,0.0,0.3995451641220493,0.4739862475397699,0.23486822691387962,1.0036041977073993,1.0910114757057703,2,3
276352,0.0,0.41482356923446134,0.4902532203047876,0.24251201542434495,1.0039739418975728,1.101856406007167,2,-1
276480,0.0,0.4730122245713002,0.4976677703129783,0.25083191922450015,1.004097062540836,1.1240058119177774,0,-1
276608,0.0,0.4477077602272879,0.5113280186705425,0.26446170064494073,1.0044660434007024,1.099347967090899,2,-1
276736,0.0,0.3795583833693655,0.5155035896264254,0.22579383596393246,1.0047117139286545,1.1144139746633932,2,-1
276864,0.0,0.4363861139408642,0.5379570142292183,0.25450569825045893,1.005079746337278,1.116341127838222,0,-1
276992,0.0,0.489436447708159,0.578244690010607,0.3071133091955813,1.006058404837703,1.128398856723564,0,-1
277120,0.0,0.48034117447484137,0.5907495063714339,0.31760877965297035,1.0059362912021022,1.1076676093988944,0,-1
277248,0.0,0.48436348978491495,0.5931032701303822,0.3567529541581107,1.0058141152526048,1.1272950132131667,0,1
277376,0.0,0.4820422140737392,0.5681585906973387,0.40072351553558194,1.005079746337278,1.1006810188508758,0,1
277504,0.0,0.4618881815147538,0.5563362121633013,0.4449403010780408,1.004588910279602,1.0850244117738035,0,1
277632,0.0,0.4512498035298697,0.5680106575238695,0.4568815043098635,1.0049571318736141,1.1067551000253621,0,1
277760,0.0,0.40793061972433303,0.5633235932778461,0.43668903480561627,1.0048344544320031,1.1020207944316855,0,1
277888,0.0,0.3870467195545739,0.5895619607820475,0.4261680837919903,1.0056918769068104,1.1233954590358441,0,-1
278016,0.0,0.3873719265487001,0.5813962769839264,0.42921172512095557,1.0054472126958651,1.1194458656184927,0,-1
278144,0.0,0.48524637959064343,0.5635715693965461,0.41844445110547934,1.0049571318736141,1.1187809165877562,0,1
278272,0.0,0.506520517318271,0.5544619100428198,0.44051323668837433,1.0048344544320031,1.102103741394699,0,1
278400,0.0,0.4787279858824832,0.5335944596278864,0.34194889215773233,1.0043431132076361,1.0896913976149571,0,1
278528,0.0,0.4587498519840849,0.5474747880641145,0.3074315185129468,1.0048344544320031,1.0859514660464569,0,1
278656,0.0,0.49294504412615836,0.5546249197312456,0.28489545049334847,1.0052022979066102,1.1126112503800862,0,-1
278784,0.0,0.43127085422289657,0.5603128503305108,0.33233825735987393,1.0053247866650505,1.108055392342982,0,1
278912,0.0,0.444806954118506,0.5486773447864599,0.3356948331096584,1.0049571318736141,1.098279556061514,0,1
279040,0.0,0.4556509073292213,0.5262962584386024,0.29668692962296245,1.004588910279602,1.0986815269090908,0,-1
279168,0.0,0.48608998339560744,0.5101034861504735,0.2807116605458331,1.0042201196159057,1.0952287190799486,0,-1
279296,0.0,0.4723768731190144,0.5125866489012221,0.25788049485648984,1.004588910279602,1.1126288263863193,0,-1
279424,0.0,0.45194286065441647,0.5401376031243046,0.26333075401965356,1.005079746337278,1.116022435236136,0,-1
279552,0.0,0.44035701674989514,0.5523513347441226,0.3099652611690914,1.0054472126958651,1.121111280391279,0,1
279680,0.0,0.4075561660900834,0.5792906784379042,0.35323654513569963,1.006058404837703,1.141469807405082,0,-1
279808,0.0,0.5198238223983976,0.5964950900427335,0.2845732767118125,1.0063024454959635,1.1436548162275773,0,-1
279936,0.0,0.4698021112967586,0.5990163038609898,0.30608076851054317,1.006058404837703,1.1270909921586265,0,-1
280064,0.0,0.45595833558363796,0.5904396984629258,0.35731226357609164,1.0056918769068104,1.1139246223243433,0,1
280192,0.0,0.4378653562796481,0.5723084088228807,0.3673133421437882,1.005079746337278,1.1074078607481477,0,1
280320,0.0,0.4521052575209567,0.5563392130055155,0.3649230846846142,1.004588910279602,1.1037721482949028,0,1
280448,0.0,0.428206472375583,0.548776897398876,0.3777776505086191,1.0048344544320031,1.1068562483756366,0,1
280576,0.0,0.4343044502565219,0.5439200732345703,0.34631426849719327,1.0047117139286545,1.079132866275826,0,-1
280704,0.0,0.478670120286853,0.5503394204700667,0.3437907045743117,1.0047117139286545,1.1057871035479518,0,1
280832,0.0,0.4528811258530708,0.5282611921887326,0.2712585996142583,1.004097062540836,1.0714242695064606,2,-1
280960,0.0,0.4500608072700207,0.5126586757404276,0.2841996642403909,1.0034808219392384,1.0694390925424335,2,-1
281088,0.0,0.4478126784743959,0.5072552142900505,0.274303478779523,1.0036041977073993,1.0754461313706514,2,-1
281216,0.0,0.45971695087384434,0.5319096188658754,0.32039751990505333,1.004097062540836,1.1109747308784785,0,-1
281344,0.0,0.5031301593603302,0.5799634859942584,0.5032554368450336,1.0055695760821457,1.130597963135931,0,1
281472,0.0,0.4820016647053808,0.5890166522078282,0.5017323124155223,1.0058141152526048,1.1298415458949223,0,1
281600,0.0,0.4813353694000123,0.6030512515747872,0.556343436361445,1.0061804562416374,1.134748615428302,0,1
281728,0.0,0.4822746242926683,0.5993301879674712,0.5326598103196257,1.006058404837703,1.1339584102440614,0,1
281856,0.0,0.46240145894920226,0.5818958576563676,0.520314588645835,1.0054472126958651,1.1111712966223495,0,1
281984,0.0,0.4377203309788967,0.580493035965154,0.5123008702694979,1.0054472126958651,1.1086678486585748,0,1
282112,0.0,0.4250042535858565,0.5701613848208189,0.47184525039238506,1.0053247866650505,1.1135119785699394,0,1
282240,0.0,0.4795922705637095,0.5729334264683752,0.4170519596854089,1.0055695760821457,1.104593513407053,0,1
282368,0.0,0.48594939658665387,0.5631021300943281,0.4049670587909877,1.005079746337278,1.1064144505851767,0,1
282496,0.0,0.47884099977614525,0.5832099317361923,0.43968833618016756,1.0056918769068104,1.1121914589108965,0,1
282624,0.0,0.4625007460244084,0.5840895165513733,0.45173921605556344,1.0055695760821457,1.109524925850429,0,1
282752,0.0,0.4618709108394827,0.5681739460569576,0.4826298216695063,1.0049571318736141,1.0945451575357201,0,1
282880,0.0,0.47701527477173855,0.5792771157337447,0.4586529185269973,1.0053247866650505,1.0988167459595348,0,1
283008,0.0,0.4715284401907882,0.5688917486656385,0.46893162628440005,1.0049571318736141,1.0906134022975296,0,1
283136,0.0,0.4630689162025261,0.5792303735478629,0.46236624019609457,1.0053247866650505,1.087866949983989,0,1
283264,0.0,0.4735380916704969,0.5904499412531006,0.44090467796648525,1.0058141152526048,1.1014383930362033,0,1
283392,0.0,0.48401526206979617,0.5835917774105166,0.44246582623246805,1.0056918769068104,1.1073348246609318,0,1
283520,0.0,0.5112547447412183,0.5891835506747581,0.459179163047747,1.0059362912021022,1.1236770556749096,0,1
283648,0.0,0.5037199386905068,0.574523164317793,0.45363024749834563,1.0055695760821457,1.1390310098015195,0,1
283776,0.0,0.49894053324055027,0.5737158134002869,0.4500307412538261,1.0054472126958651,1.115323040376597,0,1
283904,0.0,0.49653264132573866,0.5779702736910057,0.39359689290790584,1.0054472126958651,1.1142911759689098,0,1
284032,0.0,0.4857898960859224,0.5819940006814205,0.431995366854525,1.0055695760821457,1.119359931365126,0,1
284160,0.0,0.48798842632865463,0.5974083809845631,0.4109551913310768,1.006058404837703,1.1223733596992598,0,1
284288,0.0,0.503533819785801,0.601099159829694,0.4337131559891815,1.0061804562416374,1.1250330325680196,0,1
284416,0.0,0.5050862841019952,0.590341437946541,0.4464133195423179,1.0059362912021022,1.1260042009720646,0,1
284544,0.0,0.49514771945750025,0.5827068548526355,0.43534968498031124,1.0056918769068104,1.118709658105779,0,1
284672,0.0,0.48619396170869317,0.569840117858525,0.46372115457851715,1.005079746337278,1.1255219453539083,0,1
284800,0.0,0.47549236929035377,0.5733986526927501,0.5331125887354616,1.005079746337278,1.1176226951099069,0,1
284928,0.0,0.5021785306729518,0.577050877821532,0.509063720455117,1.0052022979066102,1.1219066665584358,0,1
285056,0.0,0.49446612741122337,0.5772205403633364,0.5374424988659527,1.0052022979066102,1.1233135220170636,0,1
285184,0.0,0.4735739323797552,0.5794553081797205,0.5282834677486627,1.0053247866650505,1.0968841523190307,0,1
285312,0.0,0.4229997237350794,0.5667224728572741,0.4723749844001354,1.0049571318736141,1.0919709095228254,0,-1
285440,0.0,0.4321881216905026,0.5758131459798196,0.46815833706352,1.0052022979066102,1.0949506808327958,0,1
285568,0.0,0.45194698299340047,0.5666727306446295,0.4533431043754666,1.0048344544320031,1.0850311842243512,0,1
285696,0.0,0.4514849271280941,0.5559246357761692,0.46914694762627385,1.004588910279602,1.1012269321983406,0,1
285824,0.0,0.41529528875218463,0.5511463769052931,0.4502372463090314,1.0047117139286545,1.095270593929574,0,-1
285952,0.0,0.3544683748563374,0.5287657598220928,0.39452779372279706,1.0042201196159057,1.0836781211141373,2,-1
286080,0.0,0.3413779459830648,0.5297555113105543,0.4049115514928666,1.0039739418975728,1.0743091603604102,2,-1
286208,0.0,0.37588286846889707,0.5316634649499878,0.3944568376284103,1.0039739418975728,1.086550825728969,2,-1
286336,0.0,0.42916739097200707,0.5577787619728392,0.42371562866259893,1.004588910279602,1.0851326684306153,0,-1
286464,0.0,0.4266228322982253,0.5738926581360592,0.4883439348890184,1.005079746337278,1.0900567429737864,0,1
286592,0.0,0.41650421316729397,0.588723914717611,0.4564056983790082,1.0056918769068104,1.1044287360967153,0,1
286720,0.0,0.429194492246432,0.6128794259522041,0.4251243030683026,1.0065462378831733,1.1201737770966704,0,1
286848,0.0,0.486457785904123,0.6021512532896564,0.4991656377479644,1.0061804562416374,1.1502729085513606,0,1
286976,0.0,0.4933586151585093,0.6081326850439404,0.5084501597830372,1.0064243726825695,1.1535246072015,0,1
287104,0.0,0.4761843441275103,0.6022579621623251,0.4760912483795701,1.0063024454959635,1.1384227309716766,0,1
287232,0.0,0.46102000885381245,0.5981179831834582,0.47287202650461657,1.006058404837703,1.1358262914788164,0,1
287360,0.0,0.44072214392577275,0.6065484400328547,0.4526742442802776,1.0065462378831733,1.1176485528528626,0,1
287488,0.0,0.4702909173203613,0.5945749617532204,0.4743334213247879,1.006058404837703,1.1101282095534315,0,1
287616,0.0,0.4941084898394874,0.6087290282013119,0.447848383195372,1.0065462378831733,1.1303060361771813,0,1
287744,0.0,0.42402697056651745,0.6061080428327563,0.4452813813181858,1.0063024454959635,1.130903913264481,0,1
287872,0.0,0.4342693054943865,0.5870781794877805,0.4589573482291677,1.0055695760821457,1.1236442076254647,0,1
288000,0.0,0.45131982785497005,0.573538295237641,0.4342191227930412,1.0053247866650505,1.1168225604056374,0,1
288128,0.0,0.4500265414486832,0.5301027327625567,0.44012808534163045,1.004097062540836,1.09976529760546,0,-1
288256,0.0,0.4860116165649189,0.5429982275315931,0.41420355803382247,1.004588910279602,1.0996561252924468,0,1
288384,0.0,0.49533271601286855,0.5617692229977789,0.4012346879988642,1.005079746337278,1.0984680658906352,0,1
288512,0.0,0.50059175129017,0.5668192280128161,0.38548087312948065,1.0052022979066102,1.1009614901841738,0,1
288640,0.0,0.4614102320222899,0.5751260969859076,0.3800744240703929,1.0056918769068104,1.1165337791006364,0,1
288768,0.0,0.4610973317230463,0.5659417433093137,0.40634134036576086,1.0053247866650505,1.12700275650401,0,1
288896,0.0,0.4325600881494129,0.5568199941253218,0.4334463917519692,1.0049571318736141,1.1033780299231852,0,1
289024,0.0,0.44041958445566076,0.582825129524124,0.5026344516873388,1.0056918769068104,1.1239600551778028,0,1
289152,0.0,0.4866194052522348,0.5837984021350202,0.5305474462461593,1.0055695760821457,1.1291953896740945,0,1
289280,0.0,0.5269532763312101,0.5921388354294483,0.4986037343989815,1.0059362912021022,1.1487567931936697,0,1
289408,0.0,0.5087393210728228,0.5998363228531204,0.4705598543458276,1.0063024454959635,1.1396008630922607,0,1
289536,0.0,0.4744962763376217,0.6014753773676075,0.4792978466938863,1.0064243726825695,1.1401411079753232,0,1
289664,0.0,0.4707223748614368,0.6062372772007774,0.49844570078006173,1.0065462378831733,1.151281146223024,0,1
289792,0.0,0.5007728675917278,0.5986879677235405,0.49331173757156843,1.0061804562416374,1.1513438778550746,0,1
289920,0.0,0.47293824480511953,0.5931995910074871,0.5271297356667441,1.0058141152526048,1.1450114778175378,0,1
290048,0.0,0.47737893782079827,0.5868400752064065,0.5077220392238374,1.0055695760821457,1.1358647842896388,0,1
290176,0.0,0.48826389222910693,0.5763597280402851,0.49696079754512273,1.0052022979066102,1.1251546387600202,0,1
290304,0.0,0.5064391476198058,0.593709469854958,0.5041842331306128,1.0058141152526048,1.1512809277922122,0,1
290432,0.0,0.4975467616267935,0.6094262974106966,0.5468974120087985,1.0064243726825695,1.1817700935815505,0,-1
290560,0.0,0.5239427809895679,0.5975269392389653,0.5488647267734684,1.006058404837703,1.1658992968445083,0,-1
290688,0.0,0.5043411851910697,0.597150556870982,0.4948334801151774,1.006058404837703,1.1610028997454405,0,1
290816,0.0,0.46482902973967566,0.5950973611731526,0.4674959713572743,1.0059362912021022,1.1524051570009566,0,1
290944,0.0,0.4611266373770288,0.5764553619197279,0.40251450312880177,1.0054472126958651,1.1276939236965708,0,1
291072,0.0,0.45779559978046425,0.5722135094883136,0.425701484892531,1.0053247866650505,1.111386835541703,0,1
291200,0.0,0.44615991965708485,0.5721865821773429,0.4224474001819039,1.0054472126958651,1.1220128664654547,0,1
291328,0.0,0.45867250280668864,0.5847225974153997,0.45533294301441063,1.0058141152526048,1.1132471015736314,0,1
291456,0.0,0.46162292327056026,0.600240594402633,0.46005453896345333,1.0061804562416374,1.1329441111179506,0,1
291584,0.0,0.45685467756814757,0.601941150647578,0.46176763959861744,1.0061804562416374,1.1211245680474557,0,1
291712,0.0,0.45365320005292525,0.5975388304252237,0.43148141611422297,1.006058404837703,1.1226743629839873,0,1
291840,0.0,0.4732523012833735,0.5780468984681568,0.42442045496283515,1.0053247866650505,1.1352891579196112,0,1
291968,0.0,0.46802388840563997,0.5716913734338206,0.4454225767083993,1.005079746337278,1.1238253296815346,0,1
292096,0.0,0.4491584883135423,0.5744642318342484,0.3953127366441464,1.0052022979066102,1.0961271374984032,0,1
292224,0.0,0.46712356677545425,0.5718933010945577,0.44127255743052496,1.005079746337278,1.0940360530443884,0,1
292352,0.0,0.44444894621522935,0.5705509843498472,0.3855915563110861,1.005079746337278,1.0738326007956955,0,-1
292480,0.0,0.4555905659178456,0.5656754591820078,0.37028784641445867,1.0049571318736141,1.0870301964308244,0,1
292608,0.0,0.45258986181525135,0.5493156031885117,0.38830893110843956,1.004588910279602,1.084677182973421,0,1
292736,0.0,0.4750146442399046,0.570437468170519,0.41257688508955964,1.0052022979066102,1.0942311791641888,0,1
292864,0.0,0.48845441840445597,0.5714790359763237,0.46998419497728944,1.0052022979066102,1.105010017489931,0,1
292992,0.0,0.522016051661327,0.5721106585814741,0.50574947073413,1.0052022979066102,1.1038141201229035,0,1
293120,0.0,0.46820476938077793,0.5957922008754705,0.48842430506857226,1.0059362912021022,1.108002189094523,0,1
293248,0.0,0.4739115548867708,0.5832226770857898,0.4835165680157124,1.0055695760821457,1.1016494605314715,0,1
293376,0.0,0.4732179189524754,0.5870862108541066,0.5134280975835723,1.0055695760821457,1.0982388193056223,0,1
293504,0.0,0.48595827268541963,0.589958327795051,0.4986241711916319,1.0056918769068104,1.1073811068170645,0,1
293632,0.0,0.4769628871920631,0.5964998741322334,0.4872865754128413,1.0059362912021022,1.121916625408961,0,1
293760,0.0,0.4853792204369744,0.5988698080626853,0.4616234429111583,1.006058404837703,1.1315339107496305,0,1
293888,0.0,0.5155891306509786,0.6097313660883823,0.46954217858240865,1.0064243726825695,1.1346407460155072,0,1
294016,0.0,0.5014511121449126,0.6093412890650093,0.46315275249706733,1.0065462378831733,1.1448909073956077,0,1
294144,0.0,0.48348504897808875,0.5901375772881177,0.5029142782514596,1.0058141152526048,1.1537677721420583,0,1
294272,0.0,0.5117016632529611,0.5780468984681568,0.5249539310015409,1.0053247866650505,1.1168907405428716,0,1
294400,0.0,0.5209427260633225,0.5589734748927362,0.5091993020214066,1.004588910279602,1.1219976670691243,0,1
294528,0.0,0.5022488622474308,0.5532898751031624,0.49609217164803954,1.0044660434007024,1.1010802431544366,0,1
294656,0.0,0.5001154369769221,0.5662738587485275,0.4899815533484272,1.0049571318736141,1.1117231033025736,0,1
294784,0.0,0.4949314022837801,0.5838497490209684,0.4414739829696411,1.0055695760821457,1.1212605189364966,0,1
294912,0.0,0.5151575321643674,0.5868211154342162,0.4071177600178793,1.0058141152526048,1.1256832695166261,0,1
295040,0.0,0.4955670066259824,0.6002429394306189,0.39710385538348086,1.0061804562416374,1.1081671074097366,0,1
295168,0.0,0.47911684326099996,0.5794808491503181,0.433916290767374,1.0054472126958651,1.12821626179059,0,1
295296,0.0,0.4654760285681748,0.5676910848618197,0.45445005045243236,1.0052022979066102,1.1162274862784056,0,1
295424,0.0,0.4501945276309083,0.5606366669674214,0.47160965837591945,1.0048344544320031,1.1071917396303754,0,1
295552,0.0,0.4514625131976798,0.5525138966689003,0.4880573878826554,1.0044660434007024,1.1005611020675579,0,1
295680,0.0,0.4765917610454245,0.5713727720292726,0.47319932618791966,1.0052022979066102,1.1293990625589776,0,1
295808,0.0,0.5025772863666138,0.5704514703882837,0.4693139658454703,1.0053247866650505,1.1292413420419076,0,1
295936,0.0,0.5224632889190237,0.5784308652214988,0.5020009556390145,1.0056918769068104,1.1340751704388425,0,1
296064,0.0,0.5350662645071022,0.5820281584966571,0.5177997266687131,1.0056918769068104,1.1408613717354088,0,1
296192,0.0,0.5119829834801938,0.5719581508905555,0.5430095137983,1.005079746337278,1.1363654248963293,0,1
296320,0.0,0.4818111969077683,0.5697406753587921,0.5202851537635155,1.0049571318736141,1.115467342907584,0,1
296448,0.0,0.45586515278922446,0.5597625308248458,0.4954884284166188,1.0047117139286545,1.128215559241931,0,1
296576,0.0,0.46023712749677437,0.555069015577867,0.47514013820861073,1.0047117139286545,1.1311865221195325,0,1
296704,0.0,0.5142607396340467,0.5563320021807863,0.41327185757434975,1.0048344544320031,1.125226588763729,0,1
296832,0.0,0.4610056786981937,0.5626612865035622,0.3684481239850207,1.0049571318736141,1.1168836512980438,0,1
296960,0.0,0.4583001862481111,0.5502176374325684,0.3541579777734392,1.0044660434007024,1.112579412621164,0,-1
297088,0.0,0.4491421494707692,0.5537160238422908,0.34490390989801706,1.0044660434007024,1.1128070231608191,0,-1
297216,0.0,0.48951474508264403,0.5769211768510156,0.32264188749861183,1.0052022979066102,1.1092365836593405,0,-1
297344,0.0,0.4481575945626773,0.5801367421761254,0.47804309752345747,1.0053247866650505,1.1102978942012292,0,1
297472,0.0,0.4720318102706684,0.5961333881085805,0.5034976663471314,1.0059362912021022,1.1242402002909468,0,1
297600,0.0,0.48402329273701905,0.6000528575210138,0.5044502037090743,1.006058404837703,1.12957834242393,0,1
297728,0.0,0.4859656969105093,0.5861103239421365,0.5161352437596035,1.0055695760821457,1.1154408958249638,0,1
297856,0.0,0.4880797879493218,0.5764535322157854,0.47912436265641917,1.0053247866650505,1.1129838459819468,0,1
297984,0.0,0.48072527027791867,0.5821963970722991,0.5076699326654569,1.0054472126958651,1.1207792346763426,0,1
298112,0.0,0.4568393806761129,0.5800314022116613,0.4764306989781058,1.0054472126958651,1.115512266724978,0,1
298240,0.0,0.46554568386246464,0.5807914567775642,0.4505937595053686,1.0056918769068104,1.1215167082909627,0,1
298368,0.0,0.4718270735849655,0.6013714410642023,0.4746939399548703,1.0063024454959635,1.111752799136667,0,1
298496,0.0,0.4656779655138776,0.6052430372268549,0.47838984265465023,1.0064243726825695,1.1250455849686958,0,1
298624,0.0,0.4615004852687163,0.615941875509654,0.47512110959289106,1.0067897826523997,1.120540171741092,0,1
298752,0.0,0.46842714847708355,0.6121828443684346,0.5014606419246492,1.0065462378831733,1.1246453178671056,0,1
298880,0.0,0.5269865072492748,0.5935693786008434,0.5436863409210094,1.0058141152526048,1.1235470826807592,0,1
299008,0.0,0.5099415765767161,0.5904985055186258,0.5272921136195706,1.0056918769068104,1.1280133678888693,0,1
299136,0.0,0.47829831654804505,0.5733019287774725,0.5387906758889017,1.005079746337278,1.1116065258010106,0,1
299264,0.0,0.46625997290360105,0.5864956285201708,0.5086126506304001,1.0055695760821457,1.1282765406279844,0,1
299392,0.0,0.4685138296137755,0.5868230922389125,0.5164356838494538,1.0056918769068104,1.126211996491948,0,1
299520,0.0,0.4818950683425452,0.5858037426563041,0.5121636723265153,1.0055695760821457,1.1294049080022903,0,1
299648,0.0,0.4546402221817278,0.6061404787336143,0.5300928076725148,1.0063024454959635,1.1318602133345443,0,1
299776,0.0,0.49839937317685645,0.5907249756814436,0.45598779753271484,1.0056918769068104,1.1229323089303738,0,1
299904,0.0,0.4914661514778325,0.5844534557664381,0.44036272863620257,1.0055695760821457,1.1434237042326174,0,1
300032,0.0,0.4828296824374874,0.5761042448281787,0.41932560346217895,1.0055695760821457,1.1374827335337099,0,1
300160,0.0,0.46608947449600807,0.5555867107939796,0.4376643427418595,1.0047117139286545,1.1186967993404995,0,1
300288,0.0,0.4815000016443104,0.568193176300766,0.4772611560476307,1.0053247866650505,1.1227551294533387,0,1
300416,0.0,0.4668984907885319,0.5624112854061012,0.4742771400231176,1.0052022979066102,1.1241886663836749,0,1
300544,0.0,0.46551804142280645,0.5753891843061923,0.47404293740056086,1.0054472126958651,1.1299962520775781,0,1
300672,0.0,0.41980902696127564,0.5857846807935014,0.43315031475183163,1.0061804562416374,1.1317570710622709,0,-1
300800,0.0,0.45177783521590775,0.596439752634707,0.5113616730953638,1.0061804562416374,1.1477267666335946,0,1
300928,0.0,0.48714094252797585,0.6041044147535227,0.5125118135568676,1.0063024454959635,1.1558555290208539,0,1
301056,0.0,0.5048989332755701,0.6141089979015216,0.5570282757863901,1.0066680411793234,1.1622714581686608,0,-1
301184,0.0,0.46078597080997297,0.6038945058854666,0.5444161162827363,1.0063024454959635,1.1437312399607116,0,1
301312,0.0,0.41372692873404765,0.5842319888767862,0.5384326220100005,1.0055695760821457,1.106668555915487,0,1
301440,0.0,0.38350217481561816,0.5777172172446591,0.4891527661886466,1.0053247866650505,1.0838682498506975,0,-1
301568,0.0,0.3805049674116981,0.5728179398230421,0.4972221238885931,1.005079746337278,1.0813609937480677,0,-1
301696,0.0,0.4012773216624001,0.5680537896882352,0.5095667147893943,1.0049571318736141,1.1073392629749808,0,-1
301824,0.0,0.43198729805285024,0.5887956194283128,0.5063712734166105,1.0058141152526048,1.1446576381549347,0,-1
301952,0.0,0.45304156071662205,0.6083252536189978,0.5598539871504915,1.0066680411793234,1.1960056514547919,0,-1
302080,0.0,0.533050853025124,0.60646179535981,0.5771659008155563,1.0064243726825695,1.1975583288389609,0,-1
302208,6.0,0.5548184001903791,0.6144988687324153,0.5470616518625667,1.0067897826523997,1.1862365437136895,0,-1
302336,6.0,0.494799506047247,0.5911586358381048,0.49966032025692503,1.006058404837703,1.1624032370132966,0,-1
302464,6.0,0.41427277700043313,0.5914550329654057,0.5004774599272214,1.0059362912021022,1.1167832644631552,0,-1
302592,6.0,0.4264688094215621,0.6012292292424762,0.4619048097320706,1.0063024454959635,1.121901882842346,0,-1
302720,6.0,0.45919235897911254,0.5879351150630088,0.44463238247556225,1.0056918769068104,1.1112447912779357,0,2
302848,6.0,0.505199453400474,0.5894628367654766,0.44623709244776527,1.0056918769068104,1.1368827740862206,0,2
302976,6.0,0.43606515724818096,0.5753646022828103,0.35510278037511356,1.0052022979066102,1.0915325335381596,0,2
303104,6.0,0.45434300015991613,0.5457526732067303,0.34280548866706834,1.0044660434007024,1.0822128920710252,1,2
303232,6.0,0.46371593883262796,0.5429707005190781,0.356778828649882,1.0047117139286545,1.096387191346004,0,2
303360,6.0,0.4597057705305048,0.5533187322134347,0.3539741337638191,1.0052022979066102,1.1157822230380794,0,2
303488,6.0,0.4622883676467644,0.5660848546661503,0.42172353904808696,1.0058141152526048,1.133516187847669,0,-1
303616,6.0,0.5401464858238255,0.6086904185325702,0.4234690332695167,1.0067897826523997,1.1675979715558074,0,-1
303744,6.0,0.5504981757013746,0.6183656352814968,0.40005741006407997,1.0070330804540046,1.1433101644402437,0,-1
303872,6.0,0.541743509499837,0.6121813958198101,0.38871329549406647,1.0069114623836124,1.1340547648537265,0,-1
304000,6.0,0.5344944467134812,0.6059076294084773,0.3723893329386623,1.0069114623836124,1.1217962959256762,0,-1
304128,6.0,0.4802856730657841,0.5789847118116495,0.3662757670117946,1.0064243726825695,1.1253487396148538,0,-1
304256,6.0,0.5002288800135885,0.5647038737889111,0.37879848105867914,1.006058404837703,1.1435206908019726,0,-1
304384,6.0,0.49905382599907455,0.5618691412141861,0.37285970134401875,1.0059362912021022,1.1389869897446474,0,-1
304512,6.0,0.5284023032239343,0.5565584155479177,0.3728982651181583,1.0056918769068104,1.1462876731820013,0,-1
304640,6.0,0.5687011222149743,0.5853045024355206,0.34865746889911436,1.0061804562416374,1.1734655121448085,0,-1
304768,6.0,0.3850123181986569,0.591790271892254,0.2820664731434638,1.0058141152526048,1.1279630224451171,0,-1
304896,6.0,0.4263769872235036,0.6005617868359685,0.30624991855988454,1.006058404837703,1.1133439082082068,0,-1
305024,6.0,0.429491404738224,0.5944040161900935,0.3606709657663477,1.0059362912021022,1.1001742820744314,0,-1
305152,6.0,0.46139118551299263,0.5791957685551563,0.3483888362319776,1.0053247866650505,1.096651819577692,0,2
305280,6.0,0.4883883779202199,0.563982005788063,0.35204514116038493,1.0053247866650505,1.0936021213625662,0,2
305408,6.0,0.49539442366372494,0.5470059452329512,0.35298835453173666,1.0044660434007024,1.1296060845768057,0,2
305536,6.0,0.4840985173866153,0.524576434055297,0.3456466128972542,1.0037275095661569,1.092183956803609,1,2
305664,6.0,0.4731177994876105,0.5301932249231965,0.33031712915098127,1.0037275095661569,1.0946588634158934,1,2
305792,6.0,0.4740220857271378,0.5474133547447646,0.28569734556305343,1.0042201196159057,1.1073152907586798,1,2
305920,6.0,0.448918721668424,0.547758512017972,0.2780650621973474,1.0044660434007024,1.1055705317837592,1,2
306048,6.0,0.4396938190055206,0.5506392679322712,0.34667116703295675,1.0048344544320031,1.0944289945114143,1,2
306176,6.0,0.46426440371467254,0.5541068872735141,0.3161854809312943,1.0052022979066102,1.0907573239800052,0,2
306304,6.0,0.4772630228805965,0.5378717145020623,0.3224837029895936,1.0048344544320031,1.1170522321680774,0,2
306432,6.0,0.4463357384522837,0.5431663799026232,0.3003156074331848,1.005079746337278,1.0805464795882402,1,2
306560,6.0,0.4361796237563309,0.5261239720240467,0.22937489340795894,1.005079746337278,1.1008363822055163,1,2
306688,6.0,0.4076264419552328,0.5104787284839586,0.2239437475340351,1.004588910279602,1.103628394306464,1,2
306816,6.0,0.3763475272683544,0.49364753594634414,0.2311516021175525,1.0043431132076361,1.0809088257460369,1,2
306944,6.0,0.3852353581569572,0.48603277278171664,0.23745413135724777,1.0039739418975728,1.0922540712542377,1,2
307072,6.0,0.382387976669858,0.46782476456372946,0.23440256291975445,1.0036041977073993,1.0818384058153665,1,2
307200,6.0,0.3829319617943115,0.46437088129948834,0.22848299954506773,1.0036041977073993,1.08053428521838,1,2
307328,6.0,0.3712061794307032,0.472742719573201,0.2501409487799228,1.0036041977073993,1.0925652072691416,1,2
307456,6.0,0.40163825756328353,0.4723852295898005,0.24454632158794207,1.0037275095661569,1.0831347166442904,1,2
307584,6.0,0.4441808849353695,0.49500347251762117,0.2663470381626712,1.004097062540836,1.1157209137646085,1,2
307712,6.0,0.4345740386967061,0.4719816346410172,0.2541217641028498,1.0037275095661569,1.096200064862224,1,2
307840,6.0,0.42718617834244405,0.4589600834249123,0.2430415120391284,1.0034808219392384,1.0936691640039709,1,2
307968,6.0,0.3754787815976792,0.47899060573330027,0.2192132081100782,1.0038507576010838,1.0887351161503858,1,2
308096,6.0,0.38971942013404626,0.4677685066815948,0.21260029752156323,1.0037275095661569,1.1008732973015052,1,2
308224,6.0,0.37866692237800015,0.5096494926766968,0.26315189865214983,1.0044660434007024,1.092100027467071,1,2
308352,6.0,0.40003673481233826,0.5237286010276003,0.2688100032691317,1.0048344544320031,1.0845496156222747,1,2
308480,6.0,0.4057347711073002,0.4884708820111192,0.2633744794937967,1.0042201196159057,1.0833902473303056,1,2
308608,6.0,0.42678112364650805,0.5120933795625752,0.2739089252359721,1.0044660434007024,1.0834637428466227,1,2
308736,6.0,0.4235486758581335,0.5025533076664629,0.2540305911096837,1.0042201196159057,1.1096665195564077,1,2
308864,6.0,0.4356621656459887,0.4900682211497581,0.28036311414369036,1.0039739418975728,1.1201635432035169,1,2
308992,6.0,0.406762431368077,0.48311061979873277,0.2545482985106347,1.0037275095661569,1.107248794303651,1,2
309120,6.0,0.3947430399600738,0.44434424995909894,0.2246102233900097,1.0032338783315098,1.097470458204686,1,2
309248,6.0,0.3808579712727983,0.4094071844159321,0.2058984892951553,1.0027392204178478,1.0930849585884779,1,2
309376,6.0,0.3620267701401162,0.4038880814385057,0.17486706671549054,1.0026153948725502,1.085477188139527,1,2
309504,6.0,0.36776597584595727,0.4088313319431841,0.1939920641324382,1.0026153948725502,1.0890356593074075,1,2
309632,6.0,0.38777550791929516,0.4064846472389161,0.19190549982862634,1.0027392204178478,1.0773168262492947,1,2
309760,6.0,0.39871670804305276,0.46853166755920456,0.2540086237714695,1.0034808219392384,1.0810536550564454,1,2
309888,6.0,0.44843783182608765,0.48045793394617126,0.25614777593556654,1.0037275095661569,1.0931995501161864,1,2
310016,6.0,0.46646428657980904,0.5004058168076188,0.2741914822692817,1.0039739418975728,1.0873896587682617,1,2
310144,6.0,0.46433543749756545,0.5353690968165542,0.3174736569133509,1.0047117139286545,1.1029065421497037,1,2
310272,6.0,0.4365326339596821,0.5076030269445272,0.28975175239030704,1.0043431132076361,1.1135830464542933,1,2
310400,6.0,0.4151833875458098,0.5150556863295714,0.30990476107117915,1.004588910279602,1.1213488663768068,1,2
310528,6.0,0.4294352228135094,0.523663070361557,0.3107910846472319,1.0053247866650505,1.1029196834801887,1,2
310656,6.0,0.46184916539706594,0.5335014729015086,0.2867295169666756,1.0055695760821457,1.1001185619623635,0,2
310784,6.0,0.49608594807074724,0.5356729274331038,0.32120823762313816,1.0054472126958651,1.1209397505388004,0,2
310912,6.0,0.4687696573899817,0.5336633018687417,0.3086307701060219,1.0054472126958651,1.1061540587669059,0,2
311040,6.0,0.4800731949462028,0.5409246294634751,0.3124709154820533,1.0053247866650505,1.1115726648741522,0,2
311168,6.0,0.46107096576286055,0.5244019080483776,0.3175638138221067,1.0049571318736141,1.1035114191192374,1,2
311296,6.0,0.4935657890488035,0.5419439028466408,0.3301051152727045,1.0054472126958651,1.1012098184705954,0,2
311424,6.0,0.471275937903952,0.5528894387852604,0.38936242336722665,1.0053247866650505,1.1179937977936336,0,2
311552,6.0,0.48819765512998897,0.562432488395997,0.4067046997406593,1.0053247866650505,1.1070094204541936,0,2
311680,6.0,0.5114458572133825,0.5495451625253096,0.41754072654359203,1.0047117139286545,1.1298169071463424,0,2
311808,6.0,0.5153653280152624,0.5485651759355198,0.3846911354223528,1.004588910279602,1.1053087491095315,0,2
311936,6.0,0.4576174622629828,0.5306783609702297,0.30144132991477185,1.0043431132076361,1.1078985227176577,1,2
312064,6.0,0.4441096162496259,0.5235897474690878,0.26996922232132525,1.0042201196159057,1.1177039244006164,1,2
312192,6.0,0.44832193755355665,0.5372801945358106,0.24524948651929382,1.004588910279602,1.099587753808918,1,2
312320,6.0,0.4905117492062736,0.558715908298733,0.3045157156153142,1.0049571318736141,1.1223921812974156,0,2
312448,6.0,0.4301445092117204,0.5722548892242646,0.2220749757009334,1.005079746337278,1.0939484945346452,1,-1
312576,6.0,0.4394937890837903,0.5667224728572741,0.24793609385173218,1.0049571318736141,1.0965693247861277,1,2
312704,6.0,0.45212833525040835,0.5590299007351835,0.3322925022185049,1.0048344544320031,1.0905917523478847,1,2
312832,6.0,0.484162345781568,0.5362409756060915,0.3551860844379094,1.0043431132076361,1.1051668257090184,0,2
312960,6.0,0.46310342738312094,0.5481582660094507,0.32854406045881646,1.005079746337278,1.100338319665405,0,2
313088,6.0,0.4706100049547894,0.5621051688203469,0.301096969274078,1.0056918769068104,1.1076849327537486,0,2
313216,6.0,0.4730581118368011,0.5538182975013387,0.3107568498407074,1.0054472126958651,1.1013345301287674,0,2
313344,6.0,0.4674889159845229,0.5385960171980009,0.2786757262685582,1.0052022979066102,1.0941099083975088,1,2
313472,6.0,0.407485674767595,0.5014880129715847,0.2953222624193708,1.0043431132076361,1.1063076309890432,1,2
313600,6.0,0.4095671036980867,0.4861413580374078,0.26372883142928805,1.0038507576010838,1.0972230177440503,1,2
313728,6.0,0.41433522420458613,0.48045793394617137,0.26131590300586854,1.0037275095661569,1.1081499328048305,1,2
313856,6.0,0.39909693291217907,0.460351784629526,0.2461700345040468,1.0033573821759203,1.1022375732689302,1,2
313984,6.0,0.4115299346961199,0.44226999581069887,0.21416100811584585,1.003110310319889,1.0880869068126646,1,2
314112,6.0,0.3889104367507151,0.45176241840243403,0.2151510892074786,1.0033573821759203,1.101488992979625,1,2
314240,6.0,0.3994010729286399,0.45030852325134085,0.22716602708956288,1.0033573821759203,1.1024715950202262,1,2
314368,6.0,0.416674357548112,0.4928768544688863,0.2663843487782925,1.0039739418975728,1.1170018646378375,1,2
314496,6.0,0.44955622766990366,0.5187249897016211,0.315868938034583,1.0043431132076361,1.1117006105828398,1,2
314624,6.0,0.4282251101108918,0.5079345188993709,0.30026678529798906,1.004097062540836,1.0961657106805531,1,2
314752,6.0,0.41945702898312043,0.49065736461548975,0.26382228049885964,1.0038507576010838,1.0892852113493874,1,2
314880,6.0,0.408778770620356,0.45969521387907364,0.24060401571903706,1.0033573821759203,1.0853872985970876,1,2
315008,6.0,0.38486865203159404,0.449263663112595,0.22373822768559318,1.0032338783315098,1.0859795221641013,1,2
315136,6.0,0.38069923956437307,0.44118869440458636,0.20389617027182147,1.003110310319889,1.0882424830177249,1,2
315264,6.0,0.37902466741416774,0.4626250029148724,0.20208800053424075,1.0034808219392384,1.0964309647601815,1,2
315392,6.0,0.368608401774221,0.468572486747121,0.1984609511893579,1.0037275095661569,1.1021979360248004,1,2
315520,6.0,0.3428924892075229,0.47525687186615145,0.17014705086052506,1.0039739418975728,1.1061194974426847,1,2
315648,6.0,0.4374066040506578,0.5167609092202821,0.28563917082198065,1.0047117139286545,1.129886641215763,1,2
315776,6.0,0.48046338844649167,0.5126426131161325,0.3148709477425706,1.0044660434007024,1.1268393025919887,0,2
315904,6.0,0.5026918655459741,0.5093265272173264,0.3206126443025012,1.0042201196159057,1.1250113089273597,0,-1
316032,6.0,0.4601109517304383,0.49028315839527203,0.27085599517207526,1.0038507576010838,1.1079676298220065,1,2
316160,6.0,0.37776829709247867,0.4683020275140606,0.19397391690446153,1.0036041977073993,1.1018098151426896,1,2
316288,6.0,0.3814237163272065,0.4854878233065752,0.186182717573799,1.004097062540836,1.075771524564117,1,2
316416,6.0,0.3990149458659495,0.5048833168240123,0.20089672196246025,1.0044660434007024,1.079753139960939,1,2
316544,6.0,0.3914424146657419,0.510123077388684,0.21073593909506466,1.0043431132076361,1.097753290998825,1,2
316672,6.0,0.40492044874324806,0.5126426131161325,0.21505588454375119,1.0044660434007024,1.0757830308488876,1,2
316800,6.0,0.41211952451794487,0.5179804567086034,0.2838480438852842,1.0043431132076361,1.081885883085583,1,2
316928,6.0,0.4592255121256586,0.5309048520052949,0.2788592272184518,1.0047117139286545,1.1047543703804337,1,2
317056,6.0,0.4667393702981809,0.5293360512968932,0.27907064282480265,1.0047117139286545,1.0851220122873113,1,2
317184,6.0,0.4759696547664504,0.5146233260632104,0.2724458857852133,1.0044660434007024,1.1030460304907854,1,2
317312,6.0,0.4090097027077059,0.5027462678025097,0.20821053692057287,1.0044660434007024,1.0797373422784713,1,2
317440,6.0,0.3835928095170928,0.47219935914019545,0.202604850713395,1.0038507576010838,1.0935778874903006,1,2
317568,6.0,0.4128897162266592,0.4731670772907597,0.212691565601293,1.0038507576010838,1.1037806209487657,1,2
317696,6.0,0.40820736303672944,0.4715244471456733,0.21910080829725118,1.0036041977073993,1.0840649054696074,1,2
317824,6.0,0.4121301727606338,0.46861405509275705,0.21776790709391597,1.0037275095661569,1.0831441902062908,1,2
317952,6.0,0.39634687112065276,0.4731787854743853,0.22215258427805085,1.0038507576010838,1.0904406131514222,1,2
318080,6.0,0.4006787820785738,0.5049991414558659,0.2502273091750771,1.0043431132076361,1.0800173063834213,1,2
318208,6.0,0.4727833715707448,0.5318494351943284,0.3060312111199775,1.0048344544320031,1.105708936623832,1,2
318336,6.0,0.4856405068265351,0.5410825363344419,0.3391532562254172,1.0047117139286545,1.1119706175287676,0,2
318464,6.0,0.4793714678874615,0.5625147554291943,0.3236309112560479,1.0049571318736141,1.0962154712803929,0,2
318592,6.0,0.4632498085480091,0.5423706277060087,0.3185327695594861,1.0044660434007024,1.1008867414630013,1,2
318720,6.0,0.45568355205036715,0.5351204821597618,0.29210398107460966,1.0043431132076361,1.0923466537749211,1,2
318848,6.0,0.4554922241416219,0.5109457048966106,0.26937005770753036,1.0038507576010838,1.0944420684058658,1,2
318976,6.0,0.44147846718879624,0.4966748170612124,0.2963189824633844,1.004097062540836,1.0955867601138174,1,2
319104,6.0,0.4307397970269301,0.5021441959879229,0.27053085380055153,1.0039739418975728,1.0888155476864287,1,2
319232,6.0,0.4006062325188363,0.5336079334938975,0.3211272777941677,1.004588910279602,1.090623814565439,1,2
319360,6.0,0.44824039764603213,0.5481163914367184,0.3624056186477175,1.0048344544320031,1.1029119157548952,0,2
319488,6.0,0.45715333862630864,0.5424045061767782,0.36149638628819025,1.0043431132076361,1.0894672470486528,1,2
319616,6.0,0.45762713484921036,0.5575195840502087,0.39558347685742434,1.0048344544320031,1.0947869177434026,0,2
319744,6.0,0.4488857919408932,0.5421970493610981,0.38792302868599826,1.0043431132076361,1.097790411566207,1,2
319872,6.0,0.44895692626484573,0.5405911705681818,0.3740210827763691,1.0043431132076361,1.1228677721012381,0,2
320000,6.0,0.4609277474940502,0.5445548832323379,0.3542037961253736,1.0048344544320031,1.1031504543401254,0,2
320128,6.0,0.4538496720955139,0.5368920031596599,0.3461458556348871,1.004588910279602,1.0901554265014148,1,2
320256,6.0,0.4636437801144726,0.5145553897318306,0.31510819741786383,1.0044660434007024,1.0941723255826992,1,2
320384,6.0,0.46023571062774776,0.5478237383233093,0.32075045789346984,1.0055695760821457,1.1116326274677908,0,2
320512,6.0,0.4694114278814086,0.5510453865737174,0.3220539541510263,1.0054472126958651,1.0963897568521581,0,2
320640,6.0,0.48831041325403685,0.5554888522618984,0.3069739484216728,1.0053247866650505,1.1151058749560963,0,2
320768,6.0,0.4552022585892158,0.5716676142050529,0.29321145954323147,1.0056918769068104,1.1022219485335072,0,2
320896,6.0,0.45817819882880306,0.5415378934829227,0.27685801843507857,1.0047117139286545,1.105028528963937,1,2
321024,6.0,0.447552395174893,0.519009330035198,0.24315191405818973,1.0042201196159057,1.0973182128672494,1,2
321152,6.0,0.5021964538265277,0.4997156521171113,0.22390560464165224,1.0039739418975728,1.097982899365301,1,2
321280,6.0,0.48041778213557645,0.5259034781112534,0.27281479868552044,1.004097062540836,1.097109313237537,1,2
321408,6.0,0.435968231180124,0.5308700230852699,0.26626397988569184,1.0043431132076361,1.0969967238696996,1,2
321536,6.0,0.4398360343813008,0.5427056076462031,0.2926416765147643,1.004588910279602,1.1068542405157686,1,2
321664,6.0,0.4373222095022515,0.5254777366376034,0.28135814614825333,1.0043431132076361,1.0978619248947163,1,2
321792,6.0,0.3533984938128874,0.4873047261400829,0.22505604156876705,1.0039739418975728,1.0898980963040226,1,2
321920,6.0,0.34916268142913703,0.4894205131530845,0.22458083619927524,1.0036041977073993,1.09017950012158,1,2
322048,6.0,0.435174796192965,0.49554575921130584,0.24817226697935382,1.0036041977073993,1.0867955890068937,1,2
322176,6.0,0.438149725249351,0.522472874594906,0.327162059010319,1.0039739418975728,1.1106302184129324,1,2
322304,6.0,0.4218154578602465,0.5302189048242971,0.3360893914108407,1.0039739418975728,1.086955693543329,1,2
322432,6.0,0.4755457979142072,0.5583412415808162,0.36257452164280835,1.0049571318736141,1.123785375277336,0,2
322560,6.0,0.4921559222825688,0.5769100314530178,0.41728804296019795,1.0053247866650505,1.1097398568422645,0,2
322688,6.0,0.5143251705652261,0.5650327209218052,0.37852945529059623,1.0049571318736141,1.114496045526535,0,2
322816,6.0,0.5002791651500104,0.5626557772637588,0.3895942568300159,1.005079746337278,1.1140873197377033,0,2
322944,6.0,0.4799589619782012,0.5289228954480782,0.3363342199209732,1.0043431132076361,1.097233595121564,1,2
323072,6.0,0.45041831568868135,0.5531549255827435,0.3791293911534578,1.005079746337278,1.1197953775615581,0,2
323200,6.0,0.4605247595598474,0.5696680351520763,0.36196424545952743,1.0055695760821457,1.13757660419319,0,-1
323328,6.0,0.4968386692295825,0.5880807336486842,0.3461893479598268,1.0058141152526048,1.1370640267985181,0,-1
323456,6.0,0.4887243596126786,0.5989319324407241,0.4181650817370237,1.006058404837703,1.1344841577060056,0,2
323584,6.0,0.4770465360024579,0.572986411859193,0.37874489889895885,1.0052022979066102,1.0978734490249022,0,2
323712,6.0,0.44607855434440363,0.5611265802224679,0.33651816541627905,1.0048344544320031,1.1074174031209592,0,2
323840,6.0,0.43417612314964693,0.543263388958213,0.3445554215100358,1.004588910279602,1.1031436259015015,1,2
323968,6.0,0.4651353798964373,0.5112798340189194,0.3117211359477716,1.004097062540836,1.1183686442434964,1,2
324096,6.0,0.44642560424848676,0.5143756250586522,0.32636559231662626,1.004588910279602,1.1189335891747711,1,2
324224,6.0,0.44433808744692455,0.5387278022253085,0.3278869734627897,1.0052022979066102,1.1110839764148512,0,2
324352,6.0,0.47026393060958355,0.5493471815196216,0.29652099654292213,1.005079746337278,1.0986820915781415,0,2
324480,6.0,0.4620741197780138,0.5551725726232324,0.31908316440728474,1.005079746337278,1.1126569295637716,0,2
324608,6.0,0.4476508687113827,0.5432933930474931,0.29024088896602507,1.0047117139286545,1.1079963422538865,1,2
324736,6.0,0.4247589384011606,0.5308114564552987,0.31338578006117374,1.004097062540836,1.0972422476032029,1,2
324864,6.0,0.4355213308682203,0.5273582012609991,0.32982243377614356,1.0043431132076361,1.1195472412696794,1,2
324992,6.0,0.46135143119888644,0.5399249548821239,0.33902353894865284,1.0048344544320031,1.1212049896228622,0,2
325120,6.0,0.47632823874548985,0.5565678160415732,0.35732761447207173,1.0052022979066102,1.1202257124382373,0,2
325248,6.0,0.474339187425147,0.5438364519915545,0.36186337720554296,1.005079746337278,1.1214436639191587,0,2
325376,6.0,0.4085378100650802,0.5260134546624893,0.33748123152648823,1.004588910279602,1.128587609792544,1,2
325504,6.0,0.366928033750078,0.4976758012197079,0.2811160606808904,1.0039739418975728,1.1064610613162806,1,2
325632,6.0,0.35745147813553213,0.488404328926629,0.26352033396040975,1.0037275095661569,1.1089175277042318,1,2
325760,6.0,0.36208364034205937,0.49974972631256354,0.25018918904886644,1.004097062540836,1.0985030613139428,1,2
325888,6.0,0.4000365399000476,0.5135775489271234,0.27003361182126545,1.0044660434007024,1.096031884159853,1,2
326016,6.0,0.4033222536842461,0.5145553897318306,0.2715880893785179,1.0044660434007024,1.1042646768596993,1,2
326144,6.0,0.37367704349193054,0.5036314838414764,0.27613354720259686,1.0043431132076361,1.0976346748373262,1,2
326272,6.0,0.3636617301895748,0.49864572849536737,0.3114796133139229,1.004097062540836,1.1065195438441557,1,2
326400,6.0,0.37446962790964,0.4897323105468769,0.2898673349457785,1.0039739418975728,1.1004492906604182,1,2
326528,6.0,0.39235965265205963,0.5018187563087653,0.3032699916370581,1.0044660434007024,1.1036899439422452,1,2
326656,6.0,0.3951372979783068,0.4988462196104453,0.2936537045785683,1.0042201196159057,1.115656545015409,1,2
326784,6.0,0.3596309821431648,0.5092808816401053,0.27899730539359874,1.0044660434007024,1.105356242631441,1,2
326912,6.0,0.3558536050075206,0.5126786976058776,0.26374015078510366,1.004588910279602,1.0970692101829416,1,2
327040,6.0,0.38024120748088214,0.5209322141139822,0.29493845359769216,1.004588910279602,1.1199510818874985,1,-1
327168,6.0,0.465821653385299,0.5450973627855306,0.33250330471667516,1.0049571318736141,1.1179048939901615,0,2
327296,6.0,0.4477948540373414,0.5802116579809181,0.3886721022255431,1.0055695760821457,1.1002540554000195,0,2
327424,6.0,0.43854396769395293,0.5734865918973758,0.4158538482349418,1.0052022979066102,1.1031252802718232,0,2
327552,6.0,0.47095400120163816,0.5803876630277512,0.4374382710245993,1.0054472126958651,1.115287357913689,0,2
327680,6.0,0.48972802074070076,0.5703669966502882,0.4522695198771866,1.0053247866650505,1.0946726726382094,0,2
327808,6.0,0.44921764932611,0.5302868449256486,0.4396858818669022,1.0043431132076361,1.1060429381847448,0,2
327936,6.0,0.43550187267507545,0.5280911194767695,0.41672919175138035,1.0043431132076361,1.1035003024663441,1,2
328064,6.0,0.42982172368947236,0.5025308379013274,0.3660164072846329,1.0037275095661569,1.0889586993586766,1,2
328192,6.0,0.3792342929175865,0.4924889494856886,0.282938230538424,1.0034808219392384,1.0826828130456885,1,2
328320,6.0,0.34181452905377124,0.46797231211421697,0.2456293646462979,1.0032338783315098,1.0852248324402975,1,2
328448,6.0,0.3881403411298805,0.48262679043856016,0.30677811155193946,1.0032338783315098,1.080985813834602,1,2
328576,6.0,0.4301532422719509,0.513621483757752,0.34542852703049454,1.0038507576010838,1.1196717877925366,1,2
328704,6.0,0.44976225142463705,0.5388102623357024,0.34357399535727046,1.004097062540836,1.0886061802468499,1,2
328832,6.0,0.45055112766983263,0.5613241266310652,0.3574417020641215,1.0047117139286545,1.090684817220714,0,2
328960,6.0,0.45391755873639655,0.5485215864604657,0.3474812272333659,1.0044660434007024,1.0833774169903811,1,2
329088,6.0,0.45694759298712,0.5323827269089403,0.3535254268854209,1.004097062540836,1.10130806841028,1,2
329216,6.0,0.3988197027518752,0.4860822027311899,0.27591574008076003,1.0036041977073993,1.0796782547391177,1,2
329344,6.0,0.41031479320227393,0.47682408711256774,0.2756978631426708,1.0032338783315098,1.071905305944936,1,2
329472,6.0,0.42485301641170337,0.4627997021758933,0.25034964287080713,1.003110310319889,1.0752264864479533,1,2
329600,6.0,0.43225597722988907,0.4709776650009242,0.2474214385229562,1.0032338783315098,1.0842651708807867,1,2
329728,6.0,0.4620254203578938,0.47003701436052026,0.24407120082769718,1.0033573821759203,1.0899031818400067,1,2
329856,6.0,0.48411963387806595,0.48001328299577906,0.28732578214267107,1.0037275095661569,1.087014705766143,1,2
329984,6.0,0.4748237094954573,0.5082639486332646,0.301218252265772,1.004097062540836,1.0935770639064861,1,2
330112,6.0,0.4522856556071522,0.49399189377781644,0.26683270002150705,1.004097062540836,1.0760783759287396,1,2
330240,6.0,0.43470428828532687,0.4931426070635123,0.2686338774810865,1.0038507576010838,1.0919319011379873,1,2
330368,6.0,0.37525170485070924,0.4729356680017318,0.25111072080413727,1.0034808219392384,1.0763910300231807,1,2
330496,6.0,0.3864135642646715,0.4392106727332913,0.2115115351117107,1.0029866780547583,1.0729578167899847,1,2
330624,6.0,0.381636665006667,0.42323816622037647,0.20025837354139986,1.0026153948725502,1.0773116402192628,1,2
330752,6.0,0.3951117697309196,0.4497111793478629,0.2015129583915466,1.0029866780547583,1.0720407895546287,1,2
330880,6.0,0.3944556939062463,0.4258395653632973,0.19917694549105702,1.0027392204178478,1.0679597685579711,1,2
331008,6.0,0.4029792589313021,0.46966134964865847,0.2257161580269693,1.003110310319889,1.0664440131456958,1,2
331136,6.0,0.382243707167324,0.4630522547468851,0.21818427795485948,1.0028629814496335,1.0744917370055251,1,2
331264,6.0,0.3915932310956255,0.4566730129479202,0.22299913655477044,1.0028629814496335,1.074098631703721,1,2
331392,6.0,0.3980558565916147,0.46099494721769535,0.20716287932585972,1.0028629814496335,1.087149826248986,1,2
331520,6.0,0.4322399895607744,0.41646893558330705,0.19489917395521197,1.0026153948725502,1.067308269692723,1,2
331648,6.0,0.4192741763326702,0.4162587348081559,0.194248065805684,1.0027392204178478,1.0706159119780982,1,2
331776,6.0,0.4209995465244038,0.3943901084493316,0.18329207038595952,1.0024915047267045,1.0899205759887756,1,2
331904,6.0,0.41879647717628954,0.41614603932625177,0.18460988731196687,1.003110310319889,1.0756944800161925,1,2
332032,6.0,0.44465287495082145,0.4576953762738598,0.21745669457443323,1.0037275095661569,1.0893102300918351,1,2
332160,6.0,0.4524356583843448,0.48016391400766656,0.24591038350782524,1.0037275095661569,1.095719282868743,1,2
332288,6.0,0.44522905670310603,0.4913495035622949,0.2771281111745582,1.0036041977073993,1.0798325292246882,1,2
332416,6.0,0.4681232323247245,0.5020775971747677,0.29621820231039275,1.0038507576010838,1.0808605282900223,1,2
332544,6.0,0.4584678650324839,0.48933618844152194,0.2760187725215103,1.0034808219392384,1.0727361348446567,1,2
332672,6.0,0.4470176122794936,0.48377209211005284,0.2585536473004276,1.0034808219392384,1.078537817486132,1,2
332800,6.0,0.3802876851011667,0.4498561400255536,0.20618267794594491,1.0033573821759203,1.076390401339969,1,2
332928,6.0,0.37991204457952266,0.4508193632776704,0.21104829574262854,1.0029866780547583,1.077581432225714,1,2
333056,6.0,0.3529943294194547,0.4473154006538752,0.1894494172107314,1.0028629814496335,1.0941759536044915,1,2
333184,6.0,0.38905390935759343,0.4480636261287358,0.21899994747847057,1.0028629814496335,1.0716601905239327,1,2
333312,6.0,0.4151218761939246,0.49296621243601974,0.2911039405471085,1.0034808219392384,1.081572094272316,1,2
333440,6.0,0.42182404744668883,0.491011889135539,0.30694224410583404,1.0034808219392384,1.090558165041564,1,2
333568,6.0,0.44280187974544216,0.47886485723509303,0.3033289632334396,1.0034808219392384,1.0855448451030951,1,2
333696,6.0,0.4408448545219795,0.4690063755975938,0.28296204652511997,1.0033573821759203,1.0873829450317454,1,2
333824,6.0,0.42072437478553765,0.42497410184796247,0.21415116064724876,1.0027392204178478,1.0757480537387323,1,2
333952,6.0,0.4217554199496974,0.39901839464288685,0.19013409653074834,1.0023675498930893,1.0705799467645152,1,2
334080,6.0,0.40223175056547306,0.4262431582591179,0.19860471671997462,1.0027392204178478,1.0830094356084903,1,2
334208,6.0,0.4391275486367647,0.41264831426223164,0.18589212753550657,1.0026153948725502,1.0721074164447408,1,2
334336,6.0,0.43516098988844537,0.42461716330892735,0.18272874553155793,1.0028629814496335,1.078829385371519,1,2
334464,6.0,0.38558944175561416,0.4478570101284371,0.1993468182002354,1.0033573821759203,1.094671151268037,1,2
334592,6.0,0.3417452245080401,0.4222965306590841,0.17527119843249442,1.0029866780547583,1.0682969954863342,1,2
334720,6.0,0.4015390889461745,0.4372489866497677,0.18767285083731852,1.0032338783315098,1.088067749454717,1,2
334848,6.0,0.41847338029279,0.4464034205358149,0.20993733591586825,1.0033573821759203,1.0834557307793755,1,2
334976,6.0,0.43707472721437096,0.46177284528769824,0.24980055827362876,1.0032338783315098,1.0660347391570362,1,2
335104,6.0,0.44596468548335894,0.48821554489462543,0.26660605237585416,1.0036041977073993,1.0813483358481466,1,2
335232,6.0,0.4462435730436547,0.5083270009367749,0.2772519867539228,1.004097062540836,1.0798916922985284,1,2
335360,6.0,0.4357842656208733,0.5160826819364441,0.2844757812424469,1.0042201196159057,1.0792475404036836,1,2
335488,6.0,0.37636666351211057,0.48743785692614006,0.22928224666755317,1.0038507576010838,1.0817828595661811,1,2
335616,6.0,0.401300074863956,0.46224432541426574,0.1933600562474459,1.0033573821759203,1.0795410465331279,1,2
335744,6.0,0.3698420817046772,0.4293580874194432,0.18171180667425738,1.0026153948725502,1.0705786304919271,1,2
335872,6.0,0.3770353328918264,0.4356818414376137,0.1849179974217526,1.0027392204178478,1.0766320006808592,1,2
336000,6.0,0.3621478358599119,0.4220293437060826,0.18824114588567534,1.0026153948725502,1.0710509935974522,1,2
336128,6.0,0.3957625890438201,0.4351215480573788,0.19595436565749833,1.0027392204178478,1.0669904472862533,1,2
336256,6.0,0.4077154180764829,0.4277938501948017,0.18777834644165758,1.0027392204178478,1.0720476305311224,1,2
336384,6.0,0.4145933472816614,0.41687252847912776,0.18715927787880263,1.0026153948725502,1.077589383723543,1,2
336512,6.0,0.37185040811950354,0.4303600893479214,0.20245122946418928,1.0027392204178478,1.0767644477321554,1,2
336640,6.0,0.3989225921301721,0.43236101703270274,0.2022172908939245,1.0027392204178478,1.066692865698889,1,2
336768,6.0,0.42256273428342006,0.4443909426317169,0.20208228155896676,1.0029866780547583,1.0682972510959603,1,2
336896,6.0,0.41871497124308454,0.4338329646702493,0.19896306192714794,1.0028629814496335,1.0686413311037624,1,2
337024,6.0,0.3816792362291013,0.451984244737746,0.2140099614785387,1.0032338783315098,1.070334164342736,1,2
337152,6.0,0.4156522166206563,0.4482376095725152,0.20884955577229844,1.003110310319889,1.0642426376925622,1,2
337280,6.0,0.40067439470607846,0.4529391602231703,0.21443803123732305,1.0032338783315098,1.0723138166947497,1,2
337408,6.0,0.40466205401233407,0.46211055143118707,0.22904091460034387,1.0032338783315098,1.0750051458887555,1,2
337536,6.0,0.38722190731404366,0.4483598397870557,0.20799312918898946,1.0029866780547583,1.0689498271797855,1,2
337664,6.0,0.4220662565687172,0.4431411794879661,0.20805184570685017,1.003110310319889,1.0844222072180563,1,2
337792,6.0,0.41865459010567324,0.4434353963635978,0.21678043579000386,1.0029866780547583,1.0719906643341526,1,2
337920,6.0,0.3992350502615767,0.4189363995300244,0.18788311701202648,1.0027392204178478,1.0673882860192678,1,2
338048,6.0,0.36443796716397664,0.43986450470719685,0.20644960601707454,1.0029866780547583,1.0734210933206945,1,2
338176,6.0,0.38879989379256674,0.44136105216353033,0.20131508565230244,1.0028629814496335,1.087135253604052,1,2
338304,6.0,0.4260339232568552,0.43119705908622963,0.19014192770502342,1.0027392204178478,1.0675733910578928,1,2
338432,6.0,0.41163473253795513,0.4403869321310416,0.21857454178910335,1.0028629814496335,1.079971326134356,1,2
338560,6.0,0.40592948833381315,0.4483987496164676,0.2320388785122678,1.0026153948725502,1.0619447204742158,1,2
338688,6.0,0.4175380222664795,0.45032783943236426,0.24033957785163462,1.0027392204178478,1.0700021719253345,1,2
338816,6.0,0.408253996527426,0.48221571243868383,0.2638240165688905,1.0032338783315098,1.068176534399309,1,2
338944,6.0,0.4307854969103172,0.48103656310318155,0.27867837763056896,1.003110310319889,1.0753148992191002,1,2
339072,6.0,0.4314856494093448,0.4542778009881103,0.23136035348580117,1.003110310319889,1.0706224439145857,1,2
339200,6.0,0.43272580943647204,0.4564765202148307,0.23461493227700786,1.003110310319889,1.0813159697944061,1,2
339328,6.0,0.41900050340463574,0.435958517795687,0.21739733034130956,1.0027392204178478,1.0789345701721005,1,2
339456,6.0,0.40802771893216633,0.44771899354969596,0.23612567951351332,1.0028629814496335,1.0809852375251778,1,2
339584,6.0,0.459140033835226,0.4702687031302341,0.2671665474262285,1.003110310319889,1.0777594603754423,1,2
339712,6.0,0.427606604938511,0.4691103583247398,0.26624539438879447,1.003110310319889,1.0714316618507074,1,2
339840,6.0,0.4294006026138899,0.4755004447429552,0.29138379434494255,1.0033573821759203,1.0747545411861452,1,2
339968,6.0,0.42626872366423524,0.4666456732528813,0.27343191730294303,1.0029866780547583,1.0959233722341595,1,2
340096,6.0,0.43031054128974233,0.46524984895864596,0.26158090264484823,1.003110310319889,1.0632825864730775,1,2
340224,6.0,0.4187766978383001,0.460717525534042,0.252065273016469,1.0029866780547583,1.0670778024693457,1,2
340352,6.0,0.41528650610842566,0.46226265599482663,0.2504725287974235,1.0029866780547583,1.0695741932381744,1,2
340480,6.0,0.46161201477573344,0.48093661908840435,0.2871706942764845,1.0036041977073993,1.100072816255049,1,2
340608,6.0,0.4427729944809576,0.49058564172792607,0.27083956905728346,1.0037275095661569,1.0902099996536683,1,2
340736,6.0,0.4423775540540568,0.48541330611278954,0.2651409720848487,1.0037275095661569,1.0861345738356327,1,2
340864,6.0,0.4320632116168138,0.5020667340449293,0.27759630764218995,1.0039739418975728,1.0842089825813777,1,2
340992,6.0,0.437907351653206,0.49640503317056933,0.23923985825573116,1.0039739418975728,1.09823013110639,1,2
341120,6.0,0.4700847956584118,0.4856311463840156,0.25316432114471565,1.0038507576010838,1.0962645119973873,1,2
341248,6.0,0.4708318283101906,0.49613683013346394,0.258615729311571,1.0039739418975728,1.0972573114979427,1,2
341376,6.0,0.4313224118255703,0.5020278269855473,0.25712219111450363,1.0042201196159057,1.104338468436774,1,2
341504,6.0,0.4006259778086971,0.5161946700970341,0.3057000152764947,1.0044660434007024,1.1246052314307673,1,-1
341632,6.0,0.3801055456840133,0.5203163591628222,0.3007233786332849,1.004588910279602,1.1071541909774627,1,2
341760,6.0,0.40389259246469517,0.5159479032240841,0.310405792892035,1.0044660434007024,1.110233423004596,1,2
341888,6.0,0.4337001021082478,0.4991440787185498,0.28953711472218135,1.0039739418975728,1.1001283704285743,1,2
342016,6.0,0.4251124150444013,0.4617679473946668,0.25032899236317824,1.0033573821759203,1.0751832481747625,1,2
342144,6.0,0.4436579176941198,0.4917330934597349,0.27658682815984137,1.0036041977073993,1.0733100427604902,1,2
342272,6.0,0.4408594375399125,0.5320033559341418,0.28790104484649337,1.0044660434007024,1.0839842009956635,1,2
342400,6.0,0.4357674292128685,0.5232308974030984,0.290270884482979,1.0043431132076361,1.0839055978652061,1,2
342528,6.0,0.4597646749161475,0.5405363924348384,0.27999266174714577,1.0047117139286545,1.092247078821842,1,2
342656,6.0,0.47197449423899895,0.5302657031794925,0.31014619883446026,1.0047117139286545,1.1072213385955034,1,2
342784,6.0,0.48820670564346985,0.51949482077337,0.2745882060532052,1.004588910279602,1.1011379500019165,1,2
342912,6.0,0.48806466449486974,0.5330774550964444,0.24187253642048673,1.0048344544320031,1.103814971296533,1,2
343040,6.0,0.4796472262614495,0.5235714018235378,0.2481082841933226,1.004588910279602,1.0985677038435615,1,2
343168,6.0,0.46369022561664786,0.5079986316590873,0.23731918274525773,1.0043431132076361,1.0998038782297888,1,2
343296,6.0,0.47657928739084554,0.5130030196826564,0.28021972251482824,1.0043431132076361,1.0969519817157798,1,2
343424,6.0,0.48343582989787487,0.5017688325277251,0.2866521513805406,1.0042201196159057,1.090493581229315,1,2
343552,6.0,0.43257824397704925,0.49893771745841453,0.2891192672953098,1.004097062540836,1.104104489456186,1,2
343680,6.0,0.44899166593370843,0.5032926310433908,0.27148494707744303,1.0042201196159057,1.0992968688106795,1,2
343808,6.0,0.469040585149508,0.47895814306820167,0.2643623589048615,1.0037275095661569,1.0946519093925127,1,2
343936,6.0,0.4664663073208764,0.4965011825430623,0.266224445113317,1.0038507576010838,1.107766534887354,1,2
344064,6.0,0.4548195178991766,0.48331354000830806,0.23936226125821555,1.0038507576010838,1.093393750859138,1,2
344192,6.0,0.3937122803247203,0.48511928617428485,0.23140596301637664,1.0037275095661569,1.0801428284268297,1,2
344320,6.0,0.3683035969490694,0.48269797843109835,0.21636355163188076,1.0037275095661569,1.106578629370815,1,2
344448,6.0,0.3499732153986313,0.430957874477417,0.18267233358351295,1.0029866780547583,1.0741163298018128,1,2
344576,6.0,0.411241405514668,0.45559406571332095,0.18043070964700825,1.0032338783315098,1.078682251446707,1,2
344704,6.0,0.456964982832552,0.5060795942656077,0.24255457512416503,1.0039739418975728,1.0947121865623455,1,2
344832,6.0,0.5058832781923778,0.510993969569644,0.2729267298253875,1.0039739418975728,1.0906591161813064,1,2
344960,6.0,0.4894596893762063,0.5265055344219879,0.30865217816664653,1.004097062540836,1.1046474906867056,1,2
345088,6.0,0.45011249609041043,0.5091191819679389,0.303314303474234,1.0037275095661569,1.0879099465181263,1,2
345216,6.0,0.3541881882595203,0.47097558233729786,0.24649201329670858,1.003110310319889,1.0859034149880913,1,2
345344,6.0,0.3659669838396259,0.44953143647088145,0.21070300549313112,1.0027392204178478,1.0772699441657894,1,2
345472,6.0,0.3667724951019593,0.435958517795687,0.18213882238385404,1.0027392204178478,1.0645680319725308,1,2
345600,6.0,0.3442054723620732,0.4638920905355072,0.21788545821021857,1.0028629814496335,1.091718197312445,1,2
345728,6.0,0.38706239488472405,0.4810200458993337,0.22773638750992847,1.0027392204178478,1.0535667388169823,1,2
345856,6.0,0.41045666075287285,0.5092724885647829,0.2601950662199457,1.0033573821759203,1.0759804242875606,1,2
345984,6.0,0.45191214893693965,0.526673424886656,0.2925044486595038,1.0037275095661569,1.076759871240905,1,2
346112,6.0,0.45271797529654195,0.524576434055297,0.30396772213287254,1.0037275095661569,1.0832888104919018,1,2
346240,6.0,0.4533940533839468,0.5274813953101982,0.32903871256385275,1.004097062540836,1.089943158488286,1,2
346368,6.0,0.443728333641488,0.512746940089167,0.2752435451120607,1.0036041977073993,1.0834982354684108,1,2
346496,6.0,0.4421992890616582,0.5011336544283557,0.28478469544660606,1.0033573821759203,1.0889540078959177,1,2
346624,6.0,0.43009245989419126,0.4803282748718472,0.2870139103498935,1.0032338783315098,1.074142104703459,1,2
346752,6.0,0.3849836387416804,0.490879965607037,0.2859453304581727,1.0032338783315098,1.0717161566628657,1,2
346880,6.0,0.38606147610650665,0.48262853592304567,0.25516794691491806,1.003110310319889,1.0847175190869829,1,2
347008,6.0,0.4191298399965831,0.4615907214168232,0.2714396199155089,1.0027392204178478,1.065668270449762,1,2
347136,6.0,0.43053514314843333,0.4710405993076895,0.27165251141711183,1.0028629814496335,1.0722768413035215,1,2
347264,6.0,0.4342049127318027,0.46461423513805955,0.27584761480477815,1.0027392204178478,1.0624209219244385,1,2
347392,6.0,0.4075403156425999,0.5079012829403444,0.2987277712009705,1.0036041977073993,1.078054179424321,1,2
347520,6.0,0.42311971032456025,0.5365645638625418,0.36873040255316425,1.0042201196159057,1.0914233634134316,1,2
347648,6.0,0.45028471967972344,0.5487920273192984,0.39636191087021116,1.004588910279602,1.0909293820516746,1,2
347776,6.0,0.4349208326645294,0.533803698653464,0.38087393249604484,1.0043431132076361,1.1021119058452855,1,2
347904,6.0,0.44199866097033563,0.5023251401605366,0.3260565583433309,1.0037275095661569,1.0707991201273614,1,2
348032,6.0,0.3995384369068637,0.4793316866262184,0.2728805709732732,1.0033573821759203,1.0615171191812394,1,2
348160,6.0,0.4260038433978796,0.4757058561873021,0.24213139141999077,1.0032338783315098,1.071069376121872,1,2
348288,6.0,0.41561140089045084,0.5009424553619982,0.2531810560324029,1.0037275095661569,1.0727420440447908,1,2
348416,6.0,0.38199505983951054,0.509350248029253,0.25758714610836014,1.0038507576010838,1.0944735330813284,1,2
348544,6.0,0.41219203453522824,0.5092399023947644,0.31345796469583476,1.0037275095661569,1.078656949598081,1,2
348672,6.0,0.42045107768335016,0.5186562108696117,0.3327347363927241,1.0039739418975728,1.0762128419374133,1,2
348800,6.0,0.415769967054708,0.510501413752609,0.26420192664685693,1.004097062540836,1.0652134883804412,1,2
348928,6.0,0.43885956093987705,0.4971066546146805,0.2831399666394582,1.0037275095661569,1.067733912935821,1,2
349056,6.0,0.4481349085754323,0.5099483993562822,0.2749322184798983,1.004097062540836,1.1003045495189807,1,2
349184,6.0,0.44971291583113554,0.49744341200146047,0.28752141181489793,1.0038507576010838,1.0877315591650933,1,2
349312,6.0,0.4290825845776789,0.4947818623577917,0.2736790430810176,1.0037275095661569,1.0845376724413875,1,2
349440,6.0,0.4378250413710822,0.508983489736575,0.26316317301420866,1.0042201196159057,1.0857546798582713,1,2
349568,6.0,0.47230205663551034,0.4873012858559832,0.26884067235921894,1.0036041977073993,1.0877354859342117,1,2
349696,6.0,0.4463464197277089,0.5008979066673295,0.27983721502012093,1.0034808219392384,1.0997354255965037,1,2
349824,6.0,0.4209473646278015,0.5334069200677278,0.3098393215472352,1.0042201196159057,1.0878582302758992,1,2
349952,6.0,0.43713936484855087,0.5449090797317595,0.3209877488905157,1.0044660434007024,1.0790551941210837,1,2
350080,6.0,0.43440260888814997,0.5414275491088028,0.28923276088036975,1.0043431132076361,1.0780706883507463,1,2
350208,6.0,0.46388385173683633,0.5428052300930114,0.3148397047779782,1.004588910279602,1.0985372300119147,1,2
350336,6.0,0.4472942955983172,0.5199940365338926,0.287465152711234,1.0042201196159057,1.0886636920811337,1,2
350464,6.0,0.4081439186108999,0.5030522980657702,0.26868736477393435,1.0036041977073993,1.0599446904586451,1,2
350592,6.0,0.4223519066961626,0.5023251401605366,0.28477896456942436,1.0037275095661569,1.0648185353314854,1,2
350720,6.0,0.4228854840341211,0.49702698949485663,0.26662297886810377,1.0034808219392384,1.0592596639647978,1,2
350848,6.0,0.42524123129195074,0.4855426794702647,0.25071310535238384,1.0029866780547583,1.0809176828013067,1,2
350976,6.0,0.4175408646283166,0.48939734064567963,0.3220603043090933,1.0033573821759203,1.082667498978335,1,2
351104,6.0,0.44335116778035316,0.48719262192305335,0.3091262327977347,1.0032338783315098,1.0963691657938985,1,2
351232,6.0,0.48452532157283773,0.5074703715705341,0.335452450687862,1.0039739418975728,1.081175304156758,1,2
351360,6.0,0.47877138916260953,0.529049711546333,0.33946681909059623,1.0044660434007024,1.0835026751944887,1,2
351488,6.0,0.4790893365664577,0.5053170877521014,0.3101264216261483,1.0039739418975728,1.0872660046217215,1,2
351616,6.0,0.4361301588720454,0.5069970358288098,0.28150292488296036,1.004097062540836,1.0852789363440567,1,2
351744,6.0,0.3675032510677894,0.47737012909302184,0.24224111369901796,1.0033573821759203,1.0808652205965894,1,2
351872,6.0,0.3577285477140281,0.4527799456677247,0.22023635012347534,1.0028629814496335,1.0965803562749035,1,2
352000,6.0,0.3815797889301154,0.4686775643973117,0.2311833094288634,1.0034808219392384,1.0779680197561043,1,2
352128,6.0,0.4261785233786725,0.4753524930068693,0.29224666931066057,1.0033573821759203,1.0847683341482877,1,2
352256,6.0,0.46255380160277676,0.5187730151231514,0.38247962384132284,1.0042201196159057,1.0902566865242391,1,2
352384,6.0,0.48553934226249895,0.5378429175352568,0.43874483708210643,1.0043431132076361,1.0931505969018538,0,2
352512,6.0,0.47733688116803863,0.5297555113105543,0.46158400003454075,1.0039739418975728,1.0865475913535283,1,2
352640,6.0,0.43219317184904876,0.5410589380722113,0.41486026972360773,1.0043431132076361,1.0720279473177916,1,2
352768,6.0,0.4257225237839933,0.5120597843116771,0.38610276222712925,1.0033573821759203,1.0679456502449016,1,2
352896,6.0,0.4026534396018753,0.5102859516907072,0.3467451699034491,1.0036041977073993,1.073154640849144,1,2
353024,6.0,0.42183960196891956,0.5239166813272557,0.3065084220440336,1.0037275095661569,1.0746970708231562,1,2
353152,6.0,0.4013685538383101,0.5170439326009163,0.29215749412946757,1.0034808219392384,1.0503920452947413,1,2
353280,6.0,0.3929503861130338,0.5005146000072322,0.26862033806137353,1.0032338783315098,1.0450627751506896,1,2
353408,6.0,0.3735651530640863,0.48478290937635965,0.2574568265571517,1.003110310319889,1.049066424263517,1,2
353536,6.0,0.34732514896337485,0.43945681249374885,0.25453277562282367,1.0026153948725502,1.0734034750526755,1,2
353664,6.0,0.40292120210312926,0.4336015796668317,0.23967713688379275,1.0027392204178478,1.0673431848565287,1,2
353792,6.0,0.4033580941818733,0.4485660502782697,0.22088489735507627,1.0032338783315098,1.0748722142999518,1,2
353920,6.0,0.43514939116304785,0.46373306637859657,0.25309659339719753,1.0033573821759203,1.085296160408909,1,2
354048,6.0,0.42782974269913276,0.47134670087641056,0.2511794117411749,1.0034808219392384,1.0785045998381695,1,2
354176,6.0,0.4227613022032987,0.47840650392499834,0.27475464695810625,1.0036041977073993,1.0897909117000122,1,2
354304,6.0,0.3895868337982683,0.4925734528551119,0.32886464484116507,1.0033573821759203,1.0886991660211127,1,2
354432,6.0,0.4187191781281298,0.49876933184968497,0.31031899083793746,1.0034808219392384,1.0755314047573492,1,2
354560,6.0,0.42792616611399337,0.49980932495477454,0.3013753995837834,1.0034808219392384,1.074076092192445,1,2
354688,6.0,0.4354615516594722,0.4835436842140308,0.2774136758160584,1.0032338783315098,1.0849288359778713,1,2
354816,6.0,0.3724564654134411,0.47353918904061804,0.2369707406638846,1.0033573821759203,1.087495047540811,1,2
354944,6.0,0.38113685411242093,0.47448543427976764,0.2314952170992875,1.0032338783315098,1.0897682638704997,1,2
355072,6.0,0.42035801529482614,0.4794680669806402,0.26677649980075613,1.0032338783315098,1.0699398737599033,1,2
355200,6.0,0.44651278142045137,0.5067316652381582,0.31786769253543695,1.0038507576010838,1.0872949803857836,1,2
355328,6.0,0.44825154979562504,0.5108452323019949,0.32459426891752297,1.0038507576010838,1.0991129048891526,1,2
355456,6.0,0.4554152297363614,0.4998323306706471,0.315632926141443,1.0037275095661569,1.0929775418536762,1,2
355584,6.0,0.4339683492846646,0.5214630122082446,0.3186151466085638,1.0042201196159057,1.1048296687594206,1,2
355712,6.0,0.4053369675699176,0.48220964904077696,0.25033303015601155,1.0034808219392384,1.0876337456445861,1,2
355840,6.0,0.3723643055912559,0.4693501502608434,0.22727707186505153,1.0032338783315098,1.074561489782457,1,2
355968,6.0,0.3639802549411885,0.4699993502785655,0.22950525300163788,1.0032338783315098,1.0967873870850626,1,2
356096,6.0,0.3751949301174213,0.41756220579045755,0.20543453531047673,1.0024915047267045,1.0685647724872744,1,2
356224,6.0,0.40422256460760453,0.45389624036269965,0.247664072644799,1.0028629814496335,1.0937862280536255,1,2
356352,6.0,0.47216839459986043,0.5117245387449347,0.2952193848842888,1.0037275095661569,1.0758859294681695,1,2
356480,6.0,0.499271123706129,0.5330256752785273,0.3406399308126894,1.004097062540836,1.1034318039673414,1,2
356608,6.0,0.46932618675486865,0.5549330653227756,0.3542506397384956,1.004588910279602,1.1096938294457905,0,2
356736,6.0,0.4380511134569655,0.5616959816594648,0.36100563186870965,1.0047117139286545,1.0878319170596829,1,2
356864,6.0,0.4810233611225712,0.5398186771157323,0.4292004815690649,1.0039739418975728,1.0777709192894243,1,2
356992,6.0,0.48632515380760133,0.5219154054100438,0.41982206371087544,1.0034808219392384,1.075103184574189,1,2
357120,6.0,0.47766313458897486,0.5244255263173195,0.3995252137875646,1.0034808219392384,1.0734024325027516,1,2
357248,6.0,0.43165762234835015,0.5125078923579457,0.34230911548943127,1.003110310319889,1.0683169349315658,1,2
357376,6.0,0.4072394066148729,0.5148477596485307,0.3634321848090452,1.0033573821759203,1.0739275511001134,1,2
357504,6.0,0.40890771515525703,0.5030206072967454,0.31527535405991614,1.0032338783315098,1.0642741534460916,1,2
357632,6.0,0.3989137976481405,0.47114325828323317,0.2981683458533547,1.0029866780547583,1.0525130181987747,1,2
357760,6.0,0.36080072380899797,0.45627326687751774,0.280064177353764,1.0029866780547583,1.0578259901607077,1,2
357888,6.0,0.365394270948345,0.4182249840729561,0.2538547885752075,1.0023675498930893,1.05747780000276,1,2
358016,6.0,0.36482634369586997,0.44040538512395194,0.259250521459775,1.0027392204178478,1.0668854680973454,1,2
358144,6.0,0.4302405634070919,0.46277658088372425,0.2905604094329,1.003110310319889,1.0934791127652264,1,2
358272,6.0,0.4346610620917278,0.4947818623577917,0.3047688190910429,1.0037275095661569,1.1010345213822263,1,2
358400,6.0,0.41852563271205756,0.5021840996565585,0.3079791845179293,1.0038507576010838,1.1054984766240241,1,2
358528,6.0,0.38228270903495576,0.49894313397904344,0.2913922429305563,1.0038507576010838,1.0971581310338367,1,2
358656,6.0,0.3521324401359374,0.4826869119911081,0.23295409910587825,1.0034808219392384,1.091826934685345,1,2
358784,6.0,0.42315067052778904,0.46910337099816185,0.27534433884049403,1.0029866780547583,1.0815956456584541,1,2
358912,6.0,0.4462809372624692,0.4790037299052591,0.31186111216187734,1.0032338783315098,1.0822025538564648,1,2
359040,6.0,0.44155839007440784,0.49498656064210766,0.3204811276490153,1.0033573821759203,1.0686719385589643,1,2
359168,6.0,0.449887028977963,0.4972201609302415,0.32106908848451793,1.0034808219392384,1.0770201132501043,1,2
359296,6.0,0.41940283383687094,0.48030518735662836,0.2863059088333,1.0033573821759203,1.0931353221522382,1,2
359424,6.0,0.43760058362771,0.4728002904690328,0.24248961651497739,1.0034808219392384,1.0806735147350282,1,2
359552,6.0,0.4213058992530468,0.4548585144518755,0.22791828482286483,1.0033573821759203,1.0822334675102037,1,2
359680,6.0,0.4379384005599815,0.45820951686909733,0.22819845716866036,1.0033573821759203,1.0969253836718953,1,2
359808,6.0,0.48358853839562976,0.44149053293762774,0.21186664945205644,1.0032338783315098,1.0800705814516385,1,-1
359936,6.0,0.4693951259348803,0.4415288070607369,0.21842839451750834,1.003110310319889,1.0827719503462419,1,2
360064,6.0,0.42357137323715505,0.42329472990889444,0.2063405498590512,1.0026153948725502,1.078871904950967,1,2
360192,6.0,0.3839039069560283,0.42373353921383355,0.18752784764194605,1.0027392204178478,1.08581735429776,1,2
360320,6.0,0.47509322681952887,0.4937676021272999,0.21319792598632833,1.0034808219392384,1.077525152091198,1,2
360448,6.0,0.4793390877861282,0.5193432588404572,0.26849849098538303,1.0039739418975728,1.0879328337195868,1,2
360576,6.0,0.48313739608914674,0.5547590236694258,0.3301024918813717,1.004588910279602,1.1043634033352783,0,2
360704,6.0,0.47512779101180763,0.5619874866950091,0.3012652283094872,1.0049571318736141,1.094039462259794,0,2
360832,6.0,0.492539083751537,0.5417164070265602,0.39922715530969344,1.0047117139286545,1.0951599581547162,0,2
360960,6.0,0.47479438392900175,0.5194693063926122,0.3508596012644013,1.0042201196159057,1.0977636016345125,1,2
361088,6.0,0.4274216717667389,0.4808301598241613,0.23149860121110233,1.0039739418975728,1.0688797147993652,1,2
361216,6.0,0.3992861918633018,0.48218895221341973,0.2297499231801368,1.0038507576010838,1.0674227164994858,1,2
361344,6.0,0.37957432264367075,0.47462268407497976,0.2333421858764757,1.0037275095661569,1.074249907144687,1,2
361472,6.0,0.38648003222844274,0.4922975602816264,0.20184885848630102,1.0042201196159057,1.0876909221207223,1,2
361600,6.0,0.45274127764687944,0.5054861663361111,0.25606134426764127,1.0043431132076361,1.0926853170864173,1,2
361728,6.0,0.46872286937693924,0.49806174447170753,0.25835737290010724,1.0042201196159057,1.0753661685182505,1,2
361856,6.0,0.44221285838186036,0.5206645237089564,0.25420614325539137,1.0044660434007024,1.0989425197784035,1,2
361984,6.0,0.43603166789310205,0.4995955946955646,0.2356485170884439,1.0042201196159057,1.0770716176543493,1,2
362112,6.0,0.42608898547361057,0.4837404914018644,0.21918124799733762,1.0039739418975728,1.1011567777634141,1,2
362240,6.0,0.4369487249431441,0.4663912996158569,0.20250830165517095,1.0036041977073993,1.100726823788624,1,2
362368,6.0,0.4186289952748343,0.4405485464314908,0.18116995676539394,1.0032338783315098,1.076644097986317,1,2
362496,6.0,0.3758555036078514,0.4336712450004966,0.1876480456477311,1.0029866780547583,1.0722627223480832,1,2
362624,6.0,0.35514549893189684,0.4395940027116826,0.18182512831082873,1.0032338783315098,1.0841981620821137,1,2
362752,6.0,0.36052933052682495,0.47675936025936366,0.214872286289058,1.0038507576010838,1.0684902346179248,1,2
362880,6.0,0.43695994887007095,0.4940194274932277,0.23540547714580612,1.004097062540836,1.073990008870712,1,2
363008,6.0,0.4521781627043184,0.5013195927071934,0.24114368037548545,1.0042201196159057,1.0915607607606068,1,2
363136,6.0,0.4514742837452638,0.5039825503597105,0.24855592351725878,1.004097062540836,1.0811956050169624,1,2
363264,6.0,0.43865557108005193,0.4931271615572482,0.2412592338248845,1.0039739418975728,1.077872917858722,1,2
363392,6.0,0.45841604138047864,0.5032687837828113,0.2508947281988764,1.0039739418975728,1.0705928366746036,1,2
363520,6.0,0.4486004619475762,0.5216614049156392,0.2904889579724768,1.0042201196159057,1.0663334245436868,1,2
363648,6.0,0.444004245051746,0.5276571402482724,0.2991993900248029,1.0043431132076361,1.0715811838441947,1,2
363776,6.0,0.4426321576606065,0.5487707011694284,0.3416638491968626,1.004588910279602,1.0909074406602715,1,2
363904,6.0,0.47205635729729056,0.5464949368311955,0.3317288872352521,1.004588910279602,1.1083400223068693,0,2
364032,6.0,0.4716412396178144,0.5485399418149923,0.34984321292409315,1.004588910279602,1.1020478126634556,0,2
364160,6.0,0.49124683938149716,0.5559115247683527,0.3728800774218713,1.0048344544320031,1.1209645336503615,0,2
364288,6.0,0.43086710294177755,0.5485450643593242,0.34130470556502873,1.0047117139286545,1.1013195775325786,1,2
364416,6.0,0.41629350450888286,0.5295975916219706,0.35481193289134244,1.0042201196159057,1.0910800324237138,1,2
364544,6.0,0.3718199211650431,0.5063200723588877,0.31874382443391813,1.0038507576010838,1.0819048945041843,1,2
364672,6.0,0.3368556728702526,0.48332440327288545,0.259957524436926,1.0032338783315098,1.0762291388258056,1,2
364800,6.0,0.3218316084978681,0.46211546554340527,0.21253581337804694,1.0029866780547583,1.0921837484699484,1,2
364928,6.0,0.3734275135147328,0.4821787516350444,0.25775699478421416,1.0033573821759203,1.094203237485039,1,2
365056,6.0,0.45729015541608176,0.5003433482480254,0.2915672489339499,1.0037275095661569,1.0861772558594276,1,2
365184,6.0,0.4711781516136023,0.5002089195928182,0.2983307348046816,1.0037275095661569,1.0961491929238547,1,2
365312,6.0,0.47198416922234704,0.47520469928658043,0.2745309097385355,1.0033573821759203,1.08420149752498,1,2
365440,6.0,0.36331452444358336,0.4573558996269625,0.22454574831890203,1.0028629814496335,1.0763651012210644,1,2
365568,6.0,0.3384038713544046,0.44912784357506086,0.2023577102906703,1.0027392204178478,1.0919327749424348,1,2
365696,6.0,0.3231448607104539,0.4299747072737571,0.18792069503725442,1.0026153948725502,1.0752384145553975,1,2
365824,6.0,0.3320856998370893,0.4418321034750564,0.19951840416259367,1.0026153948725502,1.084859677995831,1,2
365952,6.0,0.35680719395116794,0.4470464543537621,0.20007222669880287,1.0027392204178478,1.0855745137220194,1,2
366080,6.0,0.3775801080769214,0.42059702332593923,0.19255972211518507,1.0024915047267045,1.0686261176834864,1,2
366208,6.0,0.34140249183458227,0.4505805151829615,0.2166957570517825,1.0028629814496335,1.0865182316153728,1,2
366336,6.0,0.365195540434403,0.4709809753659133,0.2501029282026205,1.0033573821759203,1.0918746597735685,1,2
366464,6.0,0.4025383507225421,0.4755005552947244,0.26275715318681664,1.0034808219392384,1.0857929419439099,1,2
366592,6.0,0.43345493251761624,0.5170599966154154,0.2800507526473167,1.004097062540836,1.1257515049020341,1,2
366720,6.0,0.4033308252722876,0.5289099036469574,0.30286105851590694,1.0039739418975728,1.079688959422984,1,2
366848,6.0,0.42265268380937826,0.5305207033452639,0.3587223937907747,1.0038507576010838,1.0763931122831663,1,2
366976,6.0,0.4193993576282327,0.5510198127981566,0.36222535548770995,1.0043431132076361,1.0689547872072802,1,2
367104,6.0,0.4952928655052345,0.540147751870767,0.3861841306354553,1.004097062540836,1.0973928624239513,0,2
367232,6.0,0.44212660594376757,0.5352949138028809,0.35336471669520747,1.0043431132076361,1.0878012333465306,1,2
367360,6.0,0.4519633404223136,0.5515163464924615,0.36345636394712466,1.0049571318736141,1.1015881961486522,0,2
367488,6.0,0.47535581527504966,0.5468275354168274,0.3554943454106674,1.0048344544320031,1.1013405319183478,0,2
367616,6.0,0.47613332061752495,0.552560841725409,0.3375012754634518,1.0049571318736141,1.0989674263455234,0,2
367744,6.0,0.46533777652431785,0.5361854044798565,0.32509805419217375,1.004588910279602,1.1055805671660872,1,2
367872,6.0,0.4452791494782944,0.513621483757752,0.3399712235944944,1.0038507576010838,1.094201368456104,1,2
368000,6.0,0.46750469799617245,0.5118256977739367,0.3199461147803204,1.0039739418975728,1.0893489507763714,1,2
368128,6.0,0.44926626076116855,0.4987900448535031,0.309856795141332,1.0037275095661569,1.0876933052564313,1,2
368256,6.0,0.4603308620247903,0.5110585649443651,0.2968483969927403,1.0039739418975728,1.0857097762268086,1,2
368384,6.0,0.42574162845246577,0.5032143770032165,0.261510252933876,1.0038507576010838,1.0785360303653981,1,2
368512,6.0,0.41687092214046534,0.4948033176302813,0.32387614978363327,1.0033573821759203,1.0846583320952117,1,2
368640,6.0,0.44499340499647433,0.5019599083817032,0.333863539489626,1.0034808219392384,1.090291744886607,1,2
368768,6.0,0.4621255182705933,0.504061306585594,0.36968048969315936,1.0034808219392384,1.0956093974497982,1,2
368896,6.0,0.4382329663381918,0.49753744329047844,0.3759355156411114,1.0033573821759203,1.0902788958235605,1,2
369024,6.0,0.37711564511770135,0.4834484645839264,0.30556325741293255,1.0033573821759203,1.1015661249963622,1,2
369152,6.0,0.3644382646519629,0.4838386568265318,0.30379662653514294,1.0033573821759203,1.1004477926770742,1,2
369280,6.0,0.3780604491265358,0.4758552839138292,0.2927378029486205,1.003110310319889,1.0957122719567016,1,2
369408,6.0,0.4323190579859363,0.4924889494856886,0.31036721999341726,1.0034808219392384,1.0858107777930894,1,2
369536,6.0,0.45791949231560203,0.5063073207110105,0.34373989052859005,1.0036041977073993,1.0917780661975358,1,2
369664,6.0,0.4903381319674226,0.5191547159157854,0.3959139371238214,1.0038507576010838,1.1033877975074304,1,2
369792,6.0,0.40432216195445,0.5403234069084273,0.3823639557456305,1.0042201196159057,1.079995358133462,1,2
369920,6.0,0.39438604180047904,0.5355468698607455,0.35666123018589513,1.0039739418975728,1.077789357531336,1,2
370048,6.0,0.39939862520065444,0.5219674525098837,0.36939312511173983,1.0037275095661569,1.0799304231881828,1,2
370176,6.0,0.44330446694472897,0.49371058903072285,0.3132165079013188,1.0032338783315098,1.073336639881705,1,2
370304,6.0,0.4381708178666176,0.4592795895669085,0.28227895963414346,1.0027392204178478,1.077882360898367,1,2
370432,6.0,0.4037541400199093,0.44598897560530687,0.22805914146433776,1.0027392204178478,1.0970832394212182,1,2
370560,6.0,0.39574741293424354,0.4347859646271599,0.20200686741563423,1.0027392204178478,1.0703549282891751,1,2
370688,6.0,0.40980975771063466,0.45528694571859313,0.2202032057960445,1.003110310319889,1.100486401731019,1,2
370816,6.0,0.3894841650432526,0.43884341727995435,0.20955596933278992,1.0029866780547583,1.0822037663577295,1,2
370944,6.0,0.3906908612792048,0.43766505343661516,0.20811519739988352,1.0029866780547583,1.090245362520673,1,2
371072,6.0,0.418282590801937,0.45615217018051035,0.24286514037990642,1.0032338783315098,1.076657910145821,1,2
371200,6.0,0.43937481127144534,0.44817659677522936,0.22404922653246767,1.0029866780547583,1.0775486634841513,1,2
371328,6.0,0.42944660723120254,0.46901003760469284,0.24679559854878608,1.0032338783315098,1.092638743132312,1,2
371456,6.0,0.38688129074190136,0.4642369413119897,0.2664801141329377,1.0032338783315098,1.0906625897430178,1,2
371584,6.0,0.3984703515116818,0.47588279613011325,0.24164507769562207,1.0034808219392384,1.0845273556739576,1,2
371712,6.0,0.43000137904019226,0.48208946955181375,0.2563478194457721,1.0037275095661569,1.0893874827560361,1,2
371840,6.0,0.43933647130413805,0.48016391400766656,0.2514890661063152,1.0037275095661569,1.1035926749535665,1,2
371968,6.0,0.4696210444059141,0.4819274330468144,0.27817248222989016,1.0036041977073993,1.088302783741408,1,2
372096,6.0,0.4762005737356569,0.5087207013820746,0.31286382764737897,1.0037275095661569,1.0743219353548905,1,2
372224,6.0,0.45464637406152125,0.5079360698550817,0.3027108367126808,1.0034808219392384,1.0718587714648224,1,2
372352,6.0,0.4444590840492449,0.5218407027197265,0.31189039421605164,1.0038507576010838,1.0692140917089024,1,2
372480,6.0,0.4170329386711288,0.5327934227225053,0.29766517393918657,1.0038507576010838,1.0671471488803517,1,2
372608,6.0,0.44717486154747743,0.5060048983870861,0.29434432227719726,1.0033573821759203,1.0736891840002294,1,2
372736,6.0,0.4375393981611417,0.49302922098510915,0.2622523844553966,1.0032338783315098,1.0620627724489824,1,2
372864,6.0,0.4478866877745364,0.4791253214205402,0.26659380403473654,1.0029866780547583,1.0707423598467987,1,2
372992,6.0,0.3432126911406394,0.4837885772400769,0.2865868173733793,1.0033573821759203,1.0673038967462478,1,2
373120,6.0,0.4242947168693241,0.4850626301071177,0.278465417346857,1.0033573821759203,1.0685986888038081,1,2
373248,6.0,0.3853882565159308,0.4896176905296739,0.2905438506139896,1.0033573821759203,1.0799733624453611,1,2
373376,6.0,0.366834314838593,0.48202092892916276,0.2631781607192352,1.003110310319889,1.070311676889695,1,2
373504,6.0,0.30907138499127496,0.4538664462292939,0.2141766338659794,1.0027392204178478,1.0737645618157177,1,2
373632,6.0,0.3470081916618712,0.44474841297117806,0.20741804912958708,1.0027392204178478,1.071945610565304,1,2
373760,6.0,0.39829583590732937,0.46478317501325217,0.26765018513638505,1.0028629814496335,1.0766617500071078,1,2
373888,6.0,0.4015664653369099,0.4686690469967477,0.29162390890935846,1.0028629814496335,1.0854350335358722,1,2
374016,6.0,0.3978614127165982,0.4621293025209336,0.2687069303908005,1.0028629814496335,1.0757333760437287,1,2
374144,6.0,0.37140765594564557,0.46019509728263924,0.25975084195403936,1.0027392204178478,1.07500745744203,1,2
374272,6.0,0.337221485310204,0.45957114157174006,0.23422794788920162,1.0028629814496335,1.078902673699153,1,2
374400,6.0,0.44506266119787113,0.49092621192463043,0.2795042490987568,1.0032338783315098,1.0789649766162714,1,2
374528,6.0,0.4476222769502763,0.5221504997143998,0.3481972055024358,1.0037275095661569,1.1101987989191038,1,2
374656,6.0,0.47308256511352914,0.5432024519462871,0.38651772995541356,1.0043431132076361,1.1059693993334359,0,2
374784,6.0,0.44732344964929394,0.5292112539046988,0.4159521824059576,1.004097062540836,1.0931606300096495,1,2
374912,6.0,0.4728126214042343,0.5375271173016428,0.4108598343728008,1.0044660434007024,1.0975993807260795,0,2
375040,6.0,0.47583162360140746,0.5274953515551797,0.3817745431380792,1.0043431132076361,1.0965772420289417,1,2
375168,6.0,0.426811099837941,0.5259034781112534,0.3889831871713902,1.004097062540836,1.0993085570050898,1,2
375296,6.0,0.39360773542380517,0.5439786579433715,0.453093157097419,1.0044660434007024,1.1142195816768847,0,-1
375424,6.0,0.39002984677028774,0.5202793037106738,0.3934463430358553,1.0038507576010838,1.0894084102248278,1,2
375552,6.0,0.42727466500506256,0.5109858750831102,0.36988651821781715,1.0036041977073993,1.1054168741793473,1,2
375680,6.0,0.3979819676711706,0.4949075807375107,0.341098632258631,1.0033573821759203,1.0924153854813712,1,2
375808,6.0,0.40491116128085175,0.5063261407133143,0.35152214552203614,1.0036041977073993,1.0833729997280226,1,2
375936,6.0,0.44546839112466396,0.5208856687620755,0.3895352677799498,1.004097062540836,1.0956636101913688,1,2
376064,6.0,0.4699920017683091,0.5185190605754311,0.3892642513823347,1.0039739418975728,1.1160082392319728,1,2
376192,6.0,0.4688373539983242,0.5416200310380404,0.3738021111770546,1.0043431132076361,1.116116236232615,0,2
376320,6.0,0.49107822520323047,0.5177163036199861,0.3819858870957121,1.0037275095661569,1.09473354706286,1,2
376448,6.0,0.4810991453476551,0.5308880707425913,0.45516925272579656,1.0038507576010838,1.0891097103941212,1,2
376576,6.0,0.4802290152760525,0.5478960743292426,0.44061304825181097,1.0043431132076361,1.0712584850658504,1,-1
376704,6.0,0.43699377021989205,0.5286001657302383,0.4397252699394745,1.0038507576010838,1.0853283951238775,1,2
376832,6.0,0.4786166324542481,0.5374459605274423,0.39890585093621855,1.0038507576010838,1.0837424245784786,1,2
376960,6.0,0.48052241576106824,0.5128674071908561,0.2872962327633827,1.0032338783315098,1.0650046467114198,1,2
377088,6.0,0.4742881663768996,0.5218729159014509,0.3100192522979331,1.0034808219392384,1.0805006189744593,1,2
377216,6.0,0.4384204688619541,0.5430616527903119,0.3082179213279073,1.004097062540836,1.0907615790163778,1,2
377344,6.0,0.44510340483489996,0.5342851317716766,0.37131137493251937,1.0039739418975728,1.1014933852473026,1,2
377472,6.0,0.46114165880949054,0.5308293227854227,0.3704289269430339,1.0039739418975728,1.0973710099307792,1,2
377600,6.0,0.4391768150250273,0.5249377755833822,0.3331369033153556,1.0038507576010838,1.102384169975732,1,2
377728,6.0,0.41969918700541337,0.5057687448264342,0.33139475044354805,1.0034808219392384,1.0699350293224104,1,2
377856,6.0,0.4141549723131584,0.4934968163940865,0.2992182728013463,1.0036041977073993,1.071027127726729,1,2
377984,6.0,0.40607303858015065,0.5130503423319104,0.29226421016316506,1.0039739418975728,1.0715552749490875,1,2
378112,6.0,0.367495511487568,0.4798367816599398,0.26430799181991843,1.0034808219392384,1.0804735056034516,1,2
378240,6.0,0.37020456692509257,0.4945021702720648,0.2680864493202624,1.0037275095661569,1.0581829913508483,1,2
378368,6.0,0.3749494403146161,0.5100023722914012,0.27924320380591633,1.0039739418975728,1.077860727905068,1,2
378496,6.0,0.40219849134962943,0.48168176933456974,0.27451990519836367,1.0033573821759203,1.0930503735314776,1,2
378624,6.0,0.37577988023877346,0.4919486106762675,0.2939272137485618,1.0036041977073993,1.1035197850006853,1,2
378752,6.0,0.42031874303834144,0.4926458191300128,0.2938308405696527,1.0034808219392384,1.0771036214458873,1,2
378880,6.0,0.4113228132631332,0.4816771276522747,0.30397347269492475,1.0032338783315098,1.0833891067532058,1,2
379008,6.0,0.4272005911594531,0.49248894948568867,0.316836369478839,1.0034808219392384,1.0814907532363114,1,2
379136,6.0,0.4169180572042423,0.531890343627054,0.33229321309430043,1.0043431132076361,1.0816509494768276,1,2
379264,6.0,0.44132149689868955,0.5193341541736065,0.36980611959373894,1.004097062540836,1.0899433245506405,1,2
379392,6.0,0.43064428592410103,0.536902014173919,0.39198739273243277,1.0044660434007024,1.0920106466367736,1,2
379520,6.0,0.43295255997278836,0.5379056729346615,0.4046628617755264,1.0043431132076361,1.0805928636640472,1,2
379648,6.0,0.4142805977182022,0.5094291204426096,0.36726829459939353,1.0036041977073993,1.0776764165713313,1,2
379776,6.0,0.41679329137636933,0.500084865630559,0.33073043064591356,1.0034808219392384,1.0932366041194699,1,2
379904,6.0,0.39880534174825655,0.4797158492664515,0.3215492146044322,1.0029866780547583,1.0753224083900639,1,2
380032,6.0,0.3887440247739731,0.5094132019064436,0.343028076495287,1.0037275095661569,1.0743468543590167,1,2
380160,6.0,0.4342785634783193,0.5083121432316502,0.32174015965624236,1.0037275095661569,1.0687971654903996,1,2
380288,6.0,0.41758803480124795,0.5253198823964007,0.3528988351566391,1.0039739418975728,1.0878876297472766,1,2
380416,6.0,0.4315394014122748,0.5468657035200288,0.360177079864901,1.0044660434007024,1.0965977177162103,1,2
380544,6.0,0.47992534790814606,0.534394161686874,0.350093332573178,1.004097062540836,1.0778854523493486,1,2
380672,6.0,0.4913303316046249,0.5416250043739932,0.33686118705184803,1.004097062540836,1.0790609158491942,1,2
380800,6.0,0.4973119311742438,0.5387528663708719,0.3320853431826335,1.004097062540836,1.0919214619971733,1,2
380928,6.0,0.4486336268436143,0.5111645227620388,0.287399778684749,1.0034808219392384,1.0787406191858735,1,2
381056,6.0,0.3996702301365121,0.4946231913009434,0.29318368628361946,1.0033573821759203,1.0756908865600678,1,2
381184,6.0,0.40521857503759573,0.47682408711256763,0.26071629315874123,1.0032338783315098,1.0710904166017159,1,2
381312,6.0,0.4296443755682579,0.45631965057050655,0.2507410337697832,1.003110310319889,1.0741853718833085,1,2
381440,6.0,0.4321939146564304,0.46589123223445644,0.2873893324028519,1.003110310319889,1.073684742043855,1,2
381568,6.0,0.4211656619504774,0.4730182609501569,0.31110975686277603,1.003110310319889,1.0689836943198308,1,2
381696,6.0,0.39995795133426276,0.46399739994165845,0.3000657862402309,1.0029866780547583,1.0539603258162116,1,2
381824,6.0,0.4070712935469099,0.505177037189838,0.38909975402190017,1.0033573821759203,1.0748896550234068,1,2
381952,6.0,0.4273736094355278,0.4969735147674879,0.3262130433264813,1.0032338783315098,1.069751806374961,1,2
382080,6.0,0.42310996760408404,0.5067226425161862,0.3109700666313616,1.0034808219392384,1.087031151720746,1,2
382208,6.0,0.43423936211158054,0.5239198079948505,0.3265243358593799,1.0037275095661569,1.0801394573160268,1,2
382336,6.0,0.395033199433292,0.4912417074261312,0.2662805567664921,1.0033573821759203,1.0904232177754687,1,2
382464,6.0,0.37975396979488535,0.5040656001865558,0.31369106137610936,1.0034808219392384,1.0797052201209765,1,2
382592,6.0,0.364294537790524,0.481228655783192,0.3156435472608698,1.003110310319889,1.0817345756632486,1,2
382720,6.0,0.36842377634521306,0.44625217725272737,0.254732832034064,1.0024915047267045,1.0666982306550452,1,2
382848,6.0,0.3513355247942078,0.4519398255554472,0.255606822196213,1.0026153948725502,1.069892189350398,1,2
382976,6.0,0.3308243481841063,0.4365763468643214,0.19746798290633177,1.0026153948725502,1.084796691878209,1,2
383104,6.0,0.33694115782555994,0.4156852308172346,0.17934604532875145,1.0024915047267045,1.0733295238039622,1,2
383232,6.0,0.35016071205854504,0.4374225797110288,0.22238208164101753,1.0027392204178478,1.0702485300034583,1,2
383360,6.0,0.35764869877579253,0.44056583646684516,0.24338785222077672,1.0027392204178478,1.0716981994011487,1,2
383488,6.0,0.39237611795718325,0.4529321849267342,0.26228946495685873,1.0028629814496335,1.075408105907698,1,2
383616,6.0,0.3587124634099164,0.4684744677929209,0.2702545301745146,1.0029866780547583,1.0823644670192865,1,2
383744,6.0,0.36746162214404815,0.47859732549278866,0.27655345164916456,1.0032338783315098,1.0931249961246463,1,2
383872,6.0,0.41609625945717216,0.4939393320041425,0.29820953088592445,1.0036041977073993,1.0912589981139231,1,2
384000,6.0,0.4321421241062619,0.5030268452567904,0.34119639704781324,1.0038507576010838,1.0800505838779941,1,2
384128,6.0,0.45473967937904874,0.5212167519512946,0.3915743327264701,1.004097062540836,1.0774654728097397,1,2
384256,6.0,0.4478218837407324,0.5155023148686041,0.4128137247978582,1.0038507576010838,1.0835273466651134,1,2
384384,6.0,0.4532683148163718,0.4850356811804659,0.3718283991093745,1.0033573821759203,1.0808227631671479,1,2
384512,6.0,0.4403671068066907,0.47559496632745313,0.3186928670418753,1.003110310319889,1.0831686150592976,1,2
384640,6.0,0.4312764343298706,0.4696995900089655,0.2456418542465768,1.0033573821759203,1.0913399175746281,1,2
384768,6.0,0.39049908092366103,0.4460234569744075,0.20098227957777706,1.0032338783315098,1.0810231499991416,1,2
384896,6.0,0.36692686051114753,0.456465460601419,0.2074416035708474,1.003110310319889,1.0824644474635718,1,2
385024,6.0,0.41670107786401267,0.48777410407838856,0.2640880766204781,1.0036041977073993,1.0947327783264935,1,2
385152,6.0,0.4415003128143817,0.49976661432819075,0.3213065248615206,1.0036041977073993,1.078673891692302,1,2
385280,6.0,0.4511589707936887,0.5263486647776638,0.34449017587419695,1.004097062540836,1.0867502829235929,1,2
385408,6.0,0.43259380771353917,0.5499754847294052,0.3478338331117033,1.0044660434007024,1.0699843731840466,1,2
385536,6.0,0.4264798734225155,0.5513282014963103,0.31137667555416193,1.0047117139286545,1.0700539227620651,1,2
385664,6.0,0.44346954465878236,0.546847052305352,0.2771120554583301,1.004588910279602,1.0758785330544907,1,2
385792,6.0,0.44530391614298714,0.5217462483086621,0.29076217008979555,1.0039739418975728,1.0882150202642442,1,2
385920,6.0,0.4624596778503693,0.49457555240746626,0.2666202167729637,1.0038507576010838,1.0913580763555528,1,2
386048,6.0,0.3650679400187282,0.4574122882018757,0.21683470441822844,1.0029866780547583,1.0843578898594806,1,2
386176,6.0,0.37464521173994975,0.4553829109403869,0.20593723670771405,1.003110310319889,1.085283464390694,1,2
386304,6.0,0.3732588330219576,0.4706888138496633,0.21855538508311767,1.0034808219392384,1.0931981699944695,1,2
386432,6.0,0.39250844908895927,0.4792156009574628,0.27481866377624703,1.0036041977073993,1.1000389505393688,1,2
386560,6.0,0.46043290939874854,0.4822730416189176,0.270797202706678,1.0036041977073993,1.098576991316887,1,2
386688,6.0,0.42498025762060143,0.4705142773108515,0.2869035593723673,1.0033573821759203,1.0899639430166053,1,2
386816,6.0,0.4226765810919726,0.4736960586849422,0.30087250759854944,1.0033573821759203,1.0805829777796794,1,2
386944,6.0,0.4052328506181149,0.48221571243868383,0.3009541496198971,1.0032338783315098,1.0780772334118318,1,2
387072,6.0,0.3803356097223401,0.5094132019064436,0.35314060846424045,1.0037275095661569,1.0730140026752013,1,2
387200,6.0,0.38435724051478115,0.5197274390331216,0.33557413074765174,1.0039739418975728,1.090409208631569,1,2
387328,6.0,0.3865722780440323,0.5331027383909649,0.3551524874152772,1.0042201196159057,1.096421761683421,1,2
387456,6.0,0.44111816563687334,0.5181581534815966,0.3292770732104612,1.004097062540836,1.100008926567977,1,2
387584,6.0,0.445549133381977,0.4823185025174306,0.28883774113466265,1.0034808219392384,1.0861327204852294,1,2
387712,6.0,0.43519915246527824,0.49235983900171587,0.28649150035394466,1.0034808219392384,1.0739757262956615,1,2
387840,6.0,0.45088990554034075,0.49144653442843406,0.3278064388791619,1.0033573821759203,1.1037632348595687,1,2
387968,6.0,0.46539335951418,0.5186845537467029,0.3826036200718112,1.0038507576010838,1.0830986146486132,1,2
388096,6.0,0.46393328035691195,0.5204787652028188,0.39289142795513604,1.0037275095661569,1.0764215103327872,1,2
388224,6.0,0.4672781918275256,0.5325437233399004,0.33986984457832886,1.0042201196159057,1.0903547902755002,1,2
388352,6.0,0.4564646831210981,0.5300855479465322,0.32537816732613906,1.0043431132076361,1.094669220908922,1,2
388480,6.0,0.4827068298029742,0.5374265652540255,0.2604168154520128,1.004097062540836,1.084577181121198,1,2
388608,6.0,0.4423365874358803,0.5383507340539685,0.27846818653630134,1.0042201196159057,1.089342696325094,1,2
388736,6.0,0.4283392910739923,0.5428390760523897,0.3292512809013355,1.0042201196159057,1.1004677400621483,1,2
388864,6.0,0.4133218240299782,0.5466694170578269,0.33443727153084335,1.0043431132076361,1.107374511850493,1,2
388992,6.0,0.4638962473413749,0.5406042826796469,0.3854970990341353,1.004588910279602,1.1163147631421197,0,2
389120,6.0,0.48201654617788364,0.5339698983511224,0.3901408645674428,1.0043431132076361,1.1086060536408024,0,2
389248,6.0,0.4304765499864386,0.5190784038977427,0.3372459310505232,1.004097062540836,1.0949407705526573,1,2
389376,6.0,0.37587202094178634,0.5108357589855581,0.3459194885511094,1.0038507576010838,1.081418744720242,1,2
389504,6.0,0.3640355828552855,0.4919930578170634,0.3277245810957069,1.0033573821759203,1.086904217486371,1,2
389632,6.0,0.367738825324207,0.49884181197433025,0.2926717624236089,1.0036041977073993,1.0949469199617654,1,2
389760,6.0,0.3555644258487207,0.4749496194239021,0.24399562498570856,1.0033573821759203,1.0824719497902395,1,2
389888,6.0,0.32302653784898566,0.47412233853389085,0.2125967439444289,1.0036041977073993,1.0791446636256206,1,2
390016,6.0,0.3796745684775963,0.48748452886780963,0.2553425986568923,1.0036041977073993,1.099928167728787,1,2
390144,6.0,0.4385001601410424,0.47905873131313864,0.2563776513553541,1.0036041977073993,1.0894548495376066,1,2
390272,6.0,0.46847650027934373,0.49625229055080655,0.2849601477901684,1.0038507576010838,1.1058912312122582,1,2
390400,6.0,0.43014401084807224,0.49241844032476273,0.3077936277701889,1.0037275095661569,1.098558207684226,1,2
390528,6.0,0.3953768930476009,0.49087907943738535,0.227095124418066,1.0033573821759203,1.0690954942046007,1,2
390656,6.0,0.40365354860939967,0.5239174347205968,0.26606291890216294,1.0039739418975728,1.079311233501319,1,2
390784,6.0,0.40797968267506984,0.529368123549023,0.2712770970448882,1.004097062540836,1.0772538768253537,1,2
390912,6.0,0.43926603427149497,0.5315225824553943,0.22893886920029302,1.0039739418975728,1.0806925147196682,1,2
391040,6.0,0.4585190636824379,0.5340174436960533,0.32924818807031325,1.0044660434007024,1.0931138699208676,1,2
391168,6.0,0.4319956576681107,0.5463628306356102,0.3495909394311567,1.0044660434007024,1.0769753960678985,1,2
391296,6.0,0.42383764506710553,0.5351498440288737,0.36390135165946697,1.0042201196159057,1.0887812939032386,1,2
391424,6.0,0.4320326595989487,0.5142405767795353,0.35232194933267397,1.0038507576010838,1.0740355231757193,1,2
391552,6.0,0.43335079564231666,0.5029362350239943,0.32636063842955476,1.0034808219392384,1.0807818173239843,1,2
391680,6.0,0.3831008364326197,0.4596032633103075,0.25687347456850385,1.0032338783315098,1.0891865610063602,1,2
391808,6.0,0.4338869121809818,0.5120256498078818,0.3217274259765355,1.0042201196159057,1.1221136340345355,1,2
391936,6.0,0.4337359029380021,0.5377775701219141,0.3336244249972563,1.0047117139286545,1.1082222300663667,1,2
392064,6.0,0.40809997201150333,0.5524069635554343,0.3604741613513972,1.0049571318736141,1.097488806148666,1,2
392192,6.0,0.4295628690659626,0.5632957559133976,0.4058445787511773,1.0049571318736141,1.0933999962486753,0,2
392320,6.0,0.4730002647087053,0.5273117174678258,0.36807669566921963,1.0039739418975728,1.0820015886661116,1,2
392448,6.0,0.4643284762204255,0.5047226139306478,0.3452901499163312,1.0034808219392384,1.076939900450168,1,2
392576,6.0,0.44171370063506543,0.493609990736151,0.3415199768784816,1.003110310319889,1.0714090024774463,1,2
392704,6.0,0.3791028930008715,0.47695584929747653,0.30000227495907367,1.0028629814496335,1.0676372827811325,1,2
392832,6.0,0.3703852176304567,0.4939488351516318,0.3183345771118401,1.0033573821759203,1.0660370223258058,1,2
392960,6.0,0.38911055768757014,0.5061504510666864,0.3365160972321982,1.0036041977073993,1.0799343314361787,1,2
393088,6.0,0.40286470471581093,0.5233959957607779,0.3594328786394732,1.004097062540836,1.0750525325066507,1,2
393216,6.0,0.4376938573175502,0.5350854566790793,0.3931866455294491,1.0043431132076361,1.1022399483072358,1,2
393344,6.0,0.4113528874358648,0.5053791681778504,0.37807885260188595,1.0036041977073993,1.0935744916548473,1,2
393472,6.0,0.41358202870173594,0.5068263884331551,0.36927943716233613,1.0036041977073993,1.0998739681006524,1,2
393600,6.0,0.3819516555119423,0.4868351217448786,0.3372111984135687,1.0032338783315098,1.093177152050518,1,2
393728,6.0,0.41689044094198907,0.47738854335790887,0.3031473446073898,1.003110310319889,1.1186732473755874,1,2
393856,6.0,0.43538370568594137,0.4769259412743568,0.3088282649435083,1.0029866780547583,1.0806416069232316,1,2
393984,6.0,0.44389981318427213,0.48995780318582444,0.3358205722263243,1.0033573821759203,1.0821948600283333,1,2
394112,6.0,0.4447525373742373,0.47682408711256763,0.302927774927291,1.0032338783315098,1.077436358446462,1,2
394240,6.0,0.40695607041421344,0.46645169477460124,0.28946919513504615,1.003110310319889,1.075418872805093,1,2
394368,6.0,0.4119181434039887,0.48275085174960086,0.3249534672490126,1.0033573821759203,1.0902553664228385,1,2
394496,6.0,0.4284602862892544,0.49165013990925144,0.3454717052936508,1.0032338783315098,1.1140427950530511,1,2
394624,6.0,0.3944823544850053,0.4930341456241667,0.3501325534996451,1.0032338783315098,1.102503798799282,1,2
394752,6.0,0.3891736976788966,0.49371058903072274,0.32900416258897175,1.0032338783315098,1.0743709372251866,1,2
394880,6.0,0.3627786229876288,0.4742101168919326,0.24415384967125217,1.0029866780547583,1.0883611182948367,1,2
395008,6.0,0.3629806491223835,0.4478082134204464,0.21235241625184428,1.0026153948725502,1.0844621005352904,1,2
395136,6.0,0.36914328606379987,0.44372169617658236,0.21189015525981308,1.0026153948725502,1.0746226917594084,1,2
395264,6.0,0.4144329452867153,0.46487293377894967,0.23641681793693126,1.0026153948725502,1.0729546655707005,1,2
395392,6.0,0.43164390191393587,0.48206807338290086,0.27520740655781,1.003110310319889,1.0768310328216255,1,2
395520,6.0,0.4224054288027281,0.4818755997825332,0.2830858726336961,1.0032338783315098,1.0705845037591646,1,2
395648,6.0,0.42982715708943897,0.49608776653366526,0.3138797749055102,1.0033573821759203,1.0795096271519826,1,2
395776,6.0,0.4436828528380548,0.49250389031365743,0.3081303703253885,1.0036041977073993,1.0797561671654075,1,2
395904,6.0,0.4437594206690312,0.4977770226844924,0.2876820724517809,1.0034808219392384,1.081405113861112,1,2
396032,6.0,0.4418582845465996,0.4924165832107878,0.3139265236783057,1.0033573821759203,1.0956713654175398,1,2
396160,6.0,0.44584282407371606,0.4848129020773376,0.2788219388559507,1.0033573821759203,1.097620947776276,1,2
396288,6.0,0.4308934761266766,0.47228514059204874,0.25496104795737984,1.0032338783315098,1.0977041556546756,1,2
396416,6.0,0.41224838585587836,0.4460323917534288,0.2034460505988295,1.0028629814496335,1.0958281685186402,1,2
396544,6.0,0.3865128988883238,0.47119593222129214,0.23685238493391564,1.003110310319889,1.0907015357154435,1,2
396672,6.0,0.3961966251354328,0.47948573035866154,0.23608518792339492,1.0033573821759203,1.0913584309062154,1,2
396800,6.0,0.42664806759281115,0.4722038715782049,0.2283823301704891,1.0032338783315098,1.0857281756458788,1,2
396928,6.0,0.4406975015694243,0.48432683565195095,0.23403304775671524,1.0036041977073993,1.084868550772207,1,2
397056,6.0,0.45477278915917746,0.48169923444269347,0.2493086107394853,1.0037275095661569,1.0971239850808814,1,2
397184,6.0,0.462518273375887,0.49560424843101075,0.30235136774735194,1.0038507576010838,1.102622763644324,1,2
397312,6.0,0.4774135694371239,0.5265309627429664,0.343821237598627,1.0043431132076361,1.1004808212591513,1,2
397440,6.0,0.46852712377786865,0.5390681134180598,0.3766683836192147,1.0044660434007024,1.0892639234273795,1,2
397568,6.0,0.46727519568126535,0.5209945862579782,0.33798624145242806,1.004097062540836,1.093688993519077,1,2
397696,6.0,0.41713993297548313,0.5132509647435383,0.2841888909724438,1.0039739418975728,1.0893593465145395,1,2
397824,6.0,0.38202924579982134,0.4730103320640814,0.22999972074031236,1.0033573821759203,1.0764770973951159,1,2
397952,6.0,0.35458026638561546,0.4475357505378695,0.17745180365569577,1.0028629814496335,1.086359830397197,1,2
398080,6.0,0.3380566166018843,0.4291480259936432,0.1554473472826579,1.0027392204178478,1.072779411150033,1,2
398208,6.0,0.35441932378555974,0.4181325345741721,0.154882859139294,1.0024915047267045,1.0682929183447136,1,2
398336,6.0,0.3811333961373313,0.4261003245234358,0.17202585004952428,1.0026153948725502,1.078713078897089,1,2
398464,6.0,0.38960993029573066,0.41720001099489773,0.17333987804979317,1.0024915047267045,1.075622640415733,1,2
398592,6.0,0.4285130421861384,0.4574122882018757,0.23937381403351696,1.0029866780547583,1.0890334754750217,1,2
398720,6.0,0.4101819846771811,0.47619899797562054,0.28861125550131156,1.0028629814496335,1.0765988475641022,1,2
398848,6.0,0.41329547392481003,0.5011336544283557,0.3030682260421965,1.0033573821759203,1.0671729910387244,1,2
398976,6.0,0.40614316833390235,0.505926769947379,0.3182656441859914,1.0033573821759203,1.066448837823305,1,2
399104,6.0,0.39936673804726364,0.488728744654876,0.2803801572679952,1.003110310319889,1.069964628863256,1,2
399232,6.0,0.3980567522924741,0.47110790738207453,0.26060034811685384,1.0032338783315098,1.096912046184698,1,2
399360,6.0,0.37944847293801637,0.45769322569805476,0.23890742454727396,1.0028629814496335,1.0915232617029855,1,2
399488,6.0,0.369325803017567,0.4462094846154539,0.21671852282001366,1.0027392204178478,1.0764967124942768,1,2
399616,6.0,0.36911093334881917,0.4559269436504728,0.21968388439430037,1.0028629814496335,1.0843119668582537,1,2
399744,6.0,0.34321598793227853,0.44771899354969596,0.20658920577610798,1.0028629814496335,1.0814541683303507,1,2
399872,6.0,0.40169995497625005,0.4737551249996987,0.22610333999742355,1.0034808219392384,1.0974030947239346,1,2
400000,6.0,0.4539046826344961,0.48764139851213373,0.26342463758717805,1.0036041977073993,1.1082829152731215,1,2
400128,6.0,0.4638954528492477,0.47819127872186495,0.2518934922402227,1.0036041977073993,1.0954511834968683,1,2
400256,6.0,0.4463981786206684,0.48511928617428485,0.24863465892379064,1.0037275095661569,1.0830389387270745,1,2
400384,6.0,0.45197124181125753,0.5017688325277251,0.26326410466299327,1.0042201196159057,1.1074926178441074,1,2
400512,6.0,0.48491491873159204,0.5404439674358089,0.3163688768243241,1.0049571318736141,1.1207320719467992,0,2
400640,6.0,0.47086755798873936,0.548181763372975,0.33800445012949226,1.005079746337278,1.1176321100915094,0,2
400768,6.0,0.47823684883906087,0.5530605937711554,0.3343402382561274,1.0052022979066102,1.1129371980217053,0,2
400896,6.0,0.3991816787462212,0.5189839841594431,0.2834391335293823,1.0043431132076361,1.091788649281865,1,2
401024,6.0,0.3827306961510851,0.4772477836604594,0.2372807226455225,1.0034808219392384,1.0765350921123162,1,2
401152,6.0,0.38854343647909395,0.4741573640145733,0.2308518610500404,1.0036041977073993,1.075755788851865,1,2
401280,6.0,0.39002974877040975,0.47005468125500804,0.23223115094689586,1.0034808219392384,1.0814751979672264,1,2
401408,6.0,0.3920566123702572,0.4588032137805882,0.21759633085316024,1.0034808219392384,1.0749932437956549,1,2
401536,6.0,0.3748053243072384,0.47239530113785294,0.2054845327588685,1.0039739418975728,1.088871159873574,1,2
401664,6.0,0.3874569221451727,0.4636312214221509,0.169425439817566,1.0038507576010838,1.092719165170985,1,2
401792,6.0,0.37481881184269766,0.45922355696456874,0.16383513082921583,1.0037275095661569,1.0847089250242299,1,2
401920,6.0,0.35452053290321944,0.4520707141202567,0.1522832656524629,1.0036041977073993,1.0876300779988541,1,2
402048,6.0,0.4111980164652237,0.483826522247375,0.23009778515532925,1.0037275095661569,1.0885993250782775,1,2
402176,6.0,0.4241424720836064,0.5062373081069685,0.29516605808516333,1.0039739418975728,1.0873516459726567,1,2
402304,6.0,0.4255564334252741,0.5162130252262525,0.3417138748048093,1.0039739418975728,1.0832940222167309,1,2
402432,6.0,0.4376391312963019,0.5530286985216032,0.3706622788377168,1.0048344544320031,1.109087397970491,0,2
402560,6.0,0.4603898214956916,0.5525479223768021,0.3608029167767629,1.0049571318736141,1.1025893379283347,0,2
402688,6.0,0.4806027925060363,0.5594341429507013,0.396695220121558,1.005079746337278,1.120366318016393,0,2
402816,6.0,0.5015065952791883,0.5815462500689261,0.41937708313478117,1.0056918769068104,1.1308190846263069,0,2
402944,6.0,0.4991576560254384,0.5727982605048266,0.46486832268086276,1.0053247866650505,1.1576483462632121,0,2
403072,6.0,0.508116202575624,0.5797279718445595,0.4882296029532603,1.0054472126958651,1.1450563507465061,0,2
403200,6.0,0.5186589337124843,0.5682944435495371,0.443610817889329,1.0052022979066102,1.1208538894191562,0,2
403328,6.0,0.5075314341297724,0.5586678149023782,0.41689380393178715,1.005079746337278,1.1233044905507505,0,2
403456,6.0,0.4875479610542503,0.5542521251025964,0.3977544451183128,1.0049571318736141,1.1122084390492777,0,2
403584,6.0,0.4615048677516069,0.5609733536488353,0.3881167385040323,1.0052022979066102,1.0928830438803199,0,2
403712,6.0,0.4539069675421197,0.5704055031556359,0.37892555287355206,1.0054472126958651,1.095442032967519,0,2
403840,6.0,0.4429137708121538,0.548786638690292,0.3325317330492942,1.0049571318736141,1.0991693794216004,1,2
403968,6.0,0.42584020678012036,0.5134590147747936,0.28974581327091825,1.0042201196159057,1.0835322267530687,1,2
404096,6.0,0.4261493990358902,0.4629137311779048,0.24438311770209178,1.003110310319889,1.1074147310461,1,2
404224,6.0,0.3981225939309884,0.4589056504759821,0.21590111869154827,1.0032338783315098,1.0722171602952864,1,2
404352,6.0,0.40065774800159143,0.45437693321989375,0.1937570517386776,1.0034808219392384,1.0766124815149578,1,2
404480,6.0,0.37383621219529173,0.48251151268476006,0.21590931496030455,1.0037275095661569,1.0779051651769938,1,2
404608,6.0,0.4033659620396292,0.4822174927462553,0.21927324120280328,1.0037275095661569,1.0804045583545063,1,2
404736,6.0,0.3931993794967563,0.4736960586849422,0.2398098364395347,1.0033573821759203,1.0772355685718689,1,2
404864,6.0,0.39639085573700766,0.49137117599747115,0.262872837567671,1.0036041977073993,1.0783590013228572,1,2
404992,6.0,0.41025946603297414,0.48453273845727995,0.2606003609558355,1.0034808219392384,1.089746355256834,1,2
405120,6.0,0.423579484896623,0.47290148441253027,0.2556022603400555,1.0032338783315098,1.0665877553947465,1,2
405248,6.0,0.4304474686642453,0.4838986058626248,0.26877959100494414,1.0034808219392384,1.0743039694263232,1,2
405376,6.0,0.4063902527530425,0.4932619343507371,0.27574390679233945,1.0034808219392384,1.0662916276742458,1,2
405504,6.0,0.3935052764578101,0.482780331627589,0.29392389469809127,1.0034808219392384,1.0809537214292397,1,2
405632,6.0,0.4511396716408462,0.5444855008154995,0.35404722776562325,1.0048344544320031,1.0967445639172728,1,2
405760,6.0,0.4904700230353183,0.5283478359586543,0.35083163381979515,1.0044660434007024,1.1023018920122056,1,2
405888,6.0,0.4750287063475837,0.5019807428031217,0.32774290779865894,1.0039739418975728,1.08335642703854,1,2
406016,6.0,0.44433389989572514,0.5144731913034135,0.2902162335970212,1.004097062540836,1.1122132840170855,1,2
406144,6.0,0.39413660535191297,0.45226055856338454,0.2538171162949824,1.003110310319889,1.075627354353727,1,2
406272,6.0,0.39218982286367804,0.46913871352739295,0.24142595315993656,1.0034808219392384,1.084316486862116,1,2
406400,6.0,0.4139261343389607,0.488860047299449,0.2579569947169425,1.0036041977073993,1.1034660006892103,1,2
406528,6.0,0.39205430571323335,0.4691435258917744,0.24892806095377998,1.0033573821759203,1.0821829031134518,1,2
406656,6.0,0.4058804302448103,0.47228514059204874,0.24939737594770384,1.0032338783315098,1.0910130189485363,1,2
406784,6.0,0.3931812189459708,0.46776236085001777,0.23536658037279723,1.003110310319889,1.0843100922702307,1,2
406912,6.0,0.385705390178198,0.43518955752298066,0.19964749054920114,1.0027392204178478,1.0710793513204127,1,2
407040,6.0,0.35715861714951014,0.44988429668242264,0.2042554380321439,1.0028629814496335,1.083618797880402,1,2
407168,6.0,0.33960521415037764,0.44315237190944856,0.1853115814467509,1.0027392204178478,1.088082423555912,1,2
407296,6.0,0.36620895435521306,0.44379835305690946,0.20385450326536494,1.0028629814496335,1.0750641927716358,1,2
407424,6.0,0.3896809447896862,0.46527802452459327,0.22913458271332898,1.0032338783315098,1.0804869262352912,1,2
407552,6.0,0.4111624575094415,0.4729356680017318,0.27215458793070196,1.0034808219392384,1.0881754274208497,1,2
407680,6.0,0.4489675992320892,0.5107205218302506,0.2931726810598597,1.0043431132076361,1.1101082934939974,1,2
407808,6.0,0.4531385463187144,0.49312886653986665,0.27092455326813353,1.004097062540836,1.1150698951180926,1,2
407936,6.0,0.4602740096633183,0.5047486271850902,0.2627730673620581,1.0042201196159057,1.1129852414648504,1,2
408064,6.0,0.42971662875177646,0.5084233225606365,0.23234106460150827,1.0044660434007024,1.0898678047197639,1,2
408192,6.0,0.4281987969661884,0.4830613896866137,0.21483800339856576,1.0039739418975728,1.08568802358554,1,2
408320,6.0,0.4110568144837748,0.4854797583853898,0.20296439461940918,1.0039739418975728,1.0920192834152367,1,2
408448,6.0,0.37849565643920247,0.4728905104208928,0.20905117717450145,1.0037275095661569,1.1018101003382876,1,2
408576,6.0,0.4078342525360273,0.47620044712060033,0.24875141961601663,1.0037275095661569,1.0918773648967106,1,2
408704,6.0,0.4124062203135004,0.5004067762716364,0.2808730897487682,1.0039739418975728,1.10429570973507,1,2
408832,6.0,0.42991085578509014,0.5112624191411769,0.29717833577806835,1.004097062540836,1.0850739933443538,1,2
408960,6.0,0.4583559382823781,0.5371727978508279,0.3362820803755919,1.0044660434007024,1.080814242792373,1,2
409088,6.0,0.45500552965628804,0.5232391261164537,0.30200951985987184,1.004097062540836,1.0738757012578177,1,2
409216,6.0,0.4382482454101302,0.5058132045826763,0.2907785140208633,1.0037275095661569,1.07351537906377,1,2
409344,6.0,0.41163734284976494,0.49235983900171587,0.2762310689924766,1.0034808219392384,1.0891284333577558,1,2
409472,6.0,0.3992639304503513,0.47920264906528454,0.24509574128131298,1.0034808219392384,1.0867157176235613,1,2
409600,6.0,0.43350434121379255,0.46930173744424014,0.2493946231622685,1.0032338783315098,1.08695073677517,1,2
409728,6.0,0.4356883157567023,0.4680096799637097,0.22385235228895276,1.0032338783315098,1.0813418823439669,1,2
409856,6.0,0.4585367498020641,0.47774038913903616,0.24605847468218928,1.0036041977073993,1.092947059555799,1,2
409984,6.0,0.40267294576139484,0.46425736429609454,0.24320408374345243,1.003110310319889,1.085753084956087,1,2
410112,6.0,0.3817515174824727,0.472053501910226,0.23624901370670923,1.0032338783315098,1.0776930969926992,1,2
410240,6.0,0.35339436576645195,0.47271897280548514,0.2588719598545296,1.003110310319889,1.08706417955344,1,2
410368,6.0,0.42315261343698113,0.4785973254927887,0.2465654127092654,1.0032338783315098,1.0867728648307189,1,2
410496,6.0,0.42909768028570916,0.479607574522303,0.24591368065360136,1.0033573821759203,1.0728512397801118,1,2
410624,6.0,0.4266816321571943,0.48655946568152103,0.2712513939449603,1.0036041977073993,1.0759886089598303,1,2
410752,6.0,0.4415917625629594,0.47838319206731755,0.24711226279502196,1.0034808219392384,1.0748055207901277,1,2
410880,6.0,0.42386421834863897,0.47895166653633636,0.2490681449337603,1.0033573821759203,1.0949087793200332,1,2
411008,6.0,0.41027424060293477,0.478753737421946,0.2595077331149885,1.0032338783315098,1.0968420463399726,1,2
411136,6.0,0.35537186173156926,0.46277658088372425,0.23817833148094003,1.003110310319889,1.0794706832524972,1,2
411264,6.0,0.3955930394151248,0.48063636868390797,0.25301983372793596,1.0034808219392384,1.082539553156551,1,2
411392,6.0,0.3981718890338321,0.46424424111779333,0.2432000179314631,1.0032338783315098,1.0849021752458836,1,2
411520,6.0,0.41613885442254134,0.46866992494854237,0.23184885548033066,1.0032338783315098,1.0850109980234777,1,2
411648,6.0,0.396193242631531,0.46897421769546827,0.23084330061551275,1.0032338783315098,1.0808471923684193,1,2
411776,6.0,0.3853461046523967,0.4566378761879073,0.21647995278836746,1.003110310319889,1.0851938544531357,1,2
411904,6.0,0.39520637661563457,0.4807123816930991,0.2221892009952354,1.0032338783315098,1.0790061364384491,1,2
412032,6.0,0.4129938930033731,0.49324897849620414,0.23345377056030614,1.003110310319889,1.078925043580618,1,2
412160,6.0,0.42749573597647,0.512326804789304,0.31892992951399607,1.0032338783315098,1.0685872638779508,1,2
412288,6.0,0.4209594510341815,0.5158133067548015,0.3341037153007841,1.0033573821759203,1.0616128361630162,1,2
412416,6.0,0.432040228508141,0.5272349216141785,0.379946286439909,1.0037275095661569,1.082859982095569,1,2
412544,6.0,0.47396894465406986,0.5097111711906699,0.3341081693263324,1.0038507576010838,1.084814865546288,1,2
412672,6.0,0.4928354040470915,0.4917904800410202,0.24692980249900537,1.0037275095661569,1.0910129907699513,1,2
412800,6.0,0.44523337290455406,0.482530042346784,0.23912382975276217,1.0034808219392384,1.0886531301054216,1,2
412928,6.0,0.3622640664063814,0.4578036231603509,0.21812383909501276,1.0032338783315098,1.1021442052497152,1,2
413056,6.0,0.4165037806194592,0.47741126764247077,0.2372572489477649,1.0034808219392384,1.0947712649771335,1,2
413184,6.0,0.43076929834539995,0.4547901127571847,0.22443027677589353,1.0032338783315098,1.0834596160461696,1,2
413312,6.0,0.41640400821567036,0.4578096862798518,0.22076069626090591,1.0032338783315098,1.0790521905794423,1,2
413440,6.0,0.38505893332233765,0.4508193632776704,0.21108067886493465,1.0029866780547583,1.0724497642520876,1,2
413568,6.0,0.365919369945388,0.4638968286558392,0.2322149909389085,1.0032338783315098,1.0923646563796963,1,2
413696,6.0,0.406587779882393,0.46697195447323375,0.22921360489297057,1.0032338783315098,1.1035139183516958,1,2
413824,6.0,0.41079017107920424,0.5051828896005943,0.2541635036398922,1.004097062540836,1.0886187304878052,1,2
413952,6.0,0.4512680905778591,0.5241152281500034,0.3037762461948641,1.0042201196159057,1.0969432985502185,1,2
414080,6.0,0.4545336267990081,0.5067883179583497,0.27449946416507554,1.0039739418975728,1.0774573159461833,1,2
414208,6.0,0.467818625356542,0.5234878061641346,0.2767182893397483,1.0043431132076361,1.083380452531739,1,2
414336,6.0,0.4397591544646376,0.49430347364595423,0.2558076528109265,1.0038507576010838,1.0859304922825608,1,2
414464,6.0,0.4463329430990468,0.476363387313392,0.23142901267438853,1.0037275095661569,1.0728277989072608,1,2
414592,6.0,0.4240120304834192,0.49267996964285116,0.2526473524491704,1.0037275095661569,1.088044459069756,1,2
414720,6.0,0.42639971339816435,0.48395602843844837,0.23798562728841827,1.0037275095661569,1.0839524417116169,1,2
414848,6.0,0.4327545361243656,0.49320730102731797,0.30660195730429185,1.0033573821759203,1.0689396790407015,1,2
414976,6.0,0.46171600420357123,0.5138369838837146,0.32507502140588035,1.0038507576010838,1.0876184153666815,1,2
415104,6.0,0.45355131287946415,0.49795361774031727,0.29237088086051827,1.0037275095661569,1.071298120051264,1,2
415232,6.0,0.422213336335115,0.5121074571585312,0.3437642430014963,1.0038507576010838,1.0993809232176557,1,2
415360,6.0,0.463248189416245,0.5246123251640036,0.31752992014300707,1.0043431132076361,1.1029243689704034,1,2
415488,6.0,0.47466187353776074,0.5056699274604166,0.2566194805105992,1.0042201196159057,1.101064359436323,1,2
415616,6.0,0.48368997692654037,0.4982901139518967,0.27088359170927806,1.0039739418975728,1.1015857137355278,1,2
415744,6.0,0.40046691471521095,0.5043938992258995,0.24324268400006466,1.0043431132076361,1.090593991111363,1,2
415872,6.0,0.38338974771910694,0.4884205867038855,0.2677406215038715,1.0039739418975728,1.089906556768939,1,2
416000,6.0,0.3999815138958973,0.5015785871650157,0.3146818162848546,1.0042201196159057,1.1055343581477817,1,2
416128,6.0,0.4309251683769143,0.5380596981680726,0.33116649061940795,1.004588910279602,1.0973356862628303,1,2
416256,6.0,0.4441238584227307,0.5339605682977882,0.2974859682987644,1.0043431132076361,1.114082371246325,1,2
416384,6.0,0.4468235140467978,0.5598345828785035,0.30426098919068917,1.0052022979066102,1.0808339095016541,1,2
416512,6.0,0.43183832315753673,0.5646031654770265,0.3024793059333134,1.0053247866650505,1.0958754497506007,1,2
416640,6.0,0.43502724102216395,0.55920161028162,0.2731808848992948,1.0054472126958651,1.1117190322397044,0,-1
416768,6.0,0.45172816072169514,0.5299317597396492,0.32952185548569757,1.0049571318736141,1.1101094325220318,1,2
416896,6.0,0.4215763220056653,0.49095700210243937,0.3398354175397725,1.0038507576010838,1.1049801087838689,1,2
417024,6.0,0.40803489248249863,0.46901003760469284,0.2921997620461786,1.0032338783315098,1.0717901459225632,1,2
417152,6.0,0.4323269367849091,0.46571522552611855,0.26770661916214167,1.0029866780547583,1.0618120519152774,1,2
417280,6.0,0.4166303546385414,0.47859732549278866,0.2558493964752094,1.0032338783315098,1.0882276218725686,1,2
417408,6.0,0.3853152304301983,0.46768429164939374,0.23921508260052543,1.003110310319889,1.0648248763989316,1,2
417536,6.0,0.3968078549108969,0.49231132051613163,0.25281566997402205,1.0034808219392384,1.0750917359575456,1,2
417664,6.0,0.43233950017195166,0.5016326404530943,0.2932736315140172,1.0034808219392384,1.0872229458117664,1,2
417792,6.0,0.4415363519837141,0.48638395946205976,0.2636138885858587,1.0033573821759203,1.0696753383090096,1,2
417920,6.0,0.4303235722099165,0.4911756927652517,0.2757013975123289,1.0033573821759203,1.0878293939669479,1,2
418048,6.0,0.3697156788620215,0.45818729547780085,0.2579661832308532,1.0029866780547583,1.0825248051040335,1,2
418176,6.0,0.38814013542978737,0.4497111793478629,0.25209241781069575,1.0029866780547583,1.0621186046927975,1,2
418304,6.0,0.42808871034184337,0.4699993502785655,0.2919427515467497,1.0032338783315098,1.0785344558260876,1,2
418432,6.0,0.4465253808463678,0.4930135735562613,0.27843021339274515,1.0037275095661569,1.0808324982055686,1,2
418560,6.0,0.4907446549529155,0.5414577781209297,0.3342537757895843,1.0044660434007024,1.1224952211483876,0,2
418688,6.0,0.4782416321203654,0.5387743290244893,0.31565695101064695,1.004588910279602,1.1045976677960554,1,2
418816,6.0,0.4523028750025327,0.5482000448605548,0.30292035219010477,1.004588910279602,1.0909537966384015,1,2
418944,6.0,0.4777882496778607,0.5365645638625417,0.3463199328259741,1.0042201196159057,1.1040355228767618,1,2
419072,6.0,0.44614051742687433,0.5048124291333848,0.2640835329740036,1.0037275095661569,1.0847473060185928,1,2
419200,6.0,0.4716586366961232,0.508148341342528,0.3302904653034242,1.0036041977073993,1.084859835757246,1,2
419328,6.0,0.4338830692796467,0.5083121432316502,0.31968761769258974,1.0037275095661569,1.1097908427923633,1,2
419456,6.0,0.4338865687468815,0.5018487625032879,0.3299629364426053,1.0036041977073993,1.0744618554775356,1,2
419584,6.0,0.4347379170601304,0.50867318751903,0.3582213835349921,1.0034808219392384,1.076719040558474,1,2
419712,6.0,0.44595538624201436,0.518411799433363,0.3319127544029213,1.004097062540836,1.0856624901009537,1,2
419840,6.0,0.4121578070805338,0.5335119667384283,0.32456806462871235,1.0043431132076361,1.0874273380656112,1,2
419968,6.0,0.4210790405138567,0.5651092598608042,0.3061358577255247,1.0053247866650505,1.075185815277464,1,-1
420096,6.0,0.4394300627735429,0.5925161526447187,0.3302965805506813,1.0061804562416374,1.1135989844933576,0,2
420224,6.0,0.4742972462318818,0.5812705678430978,0.3113616847866933,1.0056918769068104,1.1142708294345554,0,2
420352,6.0,0.5230740472543867,0.5533145670264614,0.29680717186576283,1.0052022979066102,1.1212147889051667,0,-1
420480,6.0,0.49044344653333327,0.5441724574140083,0.30464252414921866,1.005079746337278,1.1331922771642702,0,2
420608,6.0,0.4631963645794748,0.514554318520511,0.29247690183225183,1.0042201196159057,1.0946913581352424,1,2
420736,6.0,0.47938879769347054,0.5049238951427722,0.278212843380894,1.004097062540836,1.099981201329429,1,2
420864,6.0,0.4893725295799551,0.5105014137526092,0.3277254118160785,1.004097062540836,1.094298069718937,1,2
420992,6.0,0.49414846260914747,0.5365805003099999,0.3694971950326062,1.004588910279602,1.098263084918901,0,2
421120,6.0,0.4872157506570051,0.5241953883603379,0.3612339287696754,1.0043431132076361,1.1074368099435945,1,2
421248,6.0,0.49454472709023656,0.5621708017004725,0.4023574474495306,1.0054472126958651,1.1122212752279668,0,2
421376,6.0,0.4915797003537585,0.5661189710876092,0.40494201346841846,1.0055695760821457,1.148933255720045,0,2
421504,6.0,0.5153763168307814,0.5511522749454583,0.42161883701059927,1.005079746337278,1.126566855671402,0,2
421632,6.0,0.5131928182965438,0.5714128397254347,0.42923120621197147,1.0055695760821457,1.1253246812803839,0,2
421760,6.0,0.5000490174067823,0.5603715097873887,0.41809392408783164,1.0049571318736141,1.1179573443086226,0,2
421888,6.0,0.45842387329265905,0.5644151307368739,0.3928819116238916,1.005079746337278,1.122205274841251,0,2
422016,6.0,0.44827975333892156,0.5668192280128161,0.35790206051181966,1.0052022979066102,1.0851539984818601,0,2
422144,6.0,0.480249558940136,0.5698987124122751,0.36061311669526497,1.0054472126958651,1.092295209465159,0,2
422272,6.0,0.4832742872563299,0.5597240103124008,0.31611489797555653,1.0049571318736141,1.081831109832384,1,2
422400,6.0,0.47824056168627155,0.5447423924319572,0.2756746679832914,1.0047117139286545,1.0706602374185834,1,2
422528,6.0,0.4589995404157018,0.5103863516091083,0.2620129558392512,1.0042201196159057,1.071470727552354,1,2
422656,6.0,0.435085808025141,0.4990168656942246,0.2576495911630471,1.0037275095661569,1.0656832157102245,1,2
422784,6.0,0.4248106880969067,0.48869280784495667,0.28186918472586914,1.0036041977073993,1.0663509887408635,1,2
422912,6.0,0.44574680311031556,0.5106732926336555,0.3479818165667012,1.0036041977073993,1.0817029032162222,1,2
423040,6.0,0.4501183717184731,0.5217022655484534,0.3754735375194773,1.0037275095661569,1.077838481436337,1,2
423168,6.0,0.4556300741140381,0.5207958154639633,0.348800166498962,1.0037275095661569,1.0747463042869183,1,2
423296,6.0,0.4414824083506614,0.5006110127564865,0.30024295287947617,1.0034808219392384,1.0779076759692983,1,2
423424,6.0,0.4340212342836628,0.4979477638782766,0.2679710723136372,1.0036041977073993,1.081201899359065,1,2
423552,6.0,0.43398671430687674,0.5094965460936073,0.28756548836537665,1.0037275095661569,1.1049931171822915,1,2
423680,6.0,0.44392813515093993,0.49642543704960823,0.2793576545549241,1.0037275095661569,1.0670217686133663,1,2
423808,6.0,0.42390517199821987,0.5199253138498153,0.3147719924536145,1.0042201196159057,1.0787932903976352,1,2
423936,6.0,0.4187999142522727,0.5103624806082957,0.29259702824956657,1.0042201196159057,1.0744259753693508,1,2
424064,6.0,0.41028785532816936,0.49780275001388546,0.2522483270021005,1.0042201196159057,1.0814817284904885,1,2
424192,6.0,0.4685671491181413,0.5364843559057046,0.3296625857847106,1.0049571318736141,1.1045663672972164,1,2
424320,6.0,0.49068530448973696,0.5615882696055517,0.36883723489542525,1.0053247866650505,1.1042346871632356,0,2
424448,6.0,0.5381286039154666,0.5779367927489819,0.3730286434534069,1.0056918769068104,1.1106485056252047,0,-1
424576,6.0,0.519385232429833,0.5700740629021055,0.39069379078785177,1.0052022979066102,1.1175393448452302,0,2
424704,6.0,0.49181910684856656,0.5714700975932163,0.3543962413658223,1.0052022979066102,1.1016529571098408,0,2
424832,6.0,0.468718256992722,0.5506455868765068,0.22286198014523695,1.0044660434007024,1.0862833864393504,1,2
424960,6.0,0.426132028500809,0.5169117216056123,0.22463899050422248,1.0037275095661569,1.072174190744899,1,2
425088,6.0,0.4344801958704669,0.5301702551223586,0.2598710981313641,1.004097062540836,1.0684729521891303,1,2
425216,6.0,0.3983042882072623,0.5025871663537567,0.23093155701370555,1.0034808219392384,1.0827391128150152,1,2
425344,6.0,0.40605332052025217,0.502776915036448,0.31695575310835605,1.0036041977073993,1.0741029516685554,1,2
425472,6.0,0.4233051865398237,0.5255641896389261,0.31794516171327925,1.004097062540836,1.0997239358568236,1,2
425600,6.0,0.4304192521668682,0.5020495980559769,0.34428395163308323,1.0036041977073993,1.0752014517527113,1,2
425728,6.0,0.40089340007874197,0.5178445110883596,0.3823897892273401,1.0036041977073993,1.0795365275362414,1,2
425856,6.0,0.41562103705655296,0.5151247466242265,0.3543025343838152,1.0037275095661569,1.0783449104441447,1,2
425984,6.0,0.3885617278269365,0.5172991344380609,0.3247257686948904,1.0034808219392384,1.0764609513242953,1,2
426112,6.0,0.45954924003643377,0.5396498948144212,0.32020694261175303,1.004097062540836,1.0912627894592029,1,2
426240,6.0,0.41857232664010835,0.5494302519253937,0.3416095656067454,1.0043431132076361,1.0621452679976928,1,2
426368,6.0,0.4120861244984521,0.536529437849635,0.32339054017772373,1.0039739418975728,1.0560377942041566,1,2
426496,6.0,0.40554451009415904,0.5315982517702025,0.2563894447709,1.004097062540836,1.0769216170667912,1,2
426624,6.0,0.35577118324116036,0.5262291220149105,0.201204096372245,1.0043431132076361,1.064625452520834,1,-1
426752,6.0,0.3617099753819804,0.4644951101785109,0.17095352991992488,1.0037275095661569,1.0799954654936468,1,2
426880,6.0,0.3735823937725954,0.4640768613609836,0.16370466691119928,1.0036041977073993,1.0816175033623532,1,2
427008,6.0,0.3674338080425046,0.4397575951581679,0.16391543742485143,1.003110310319889,1.0911756113005893,1,2
427136,6.0,0.3527420393304745,0.43129094073881197,0.16439912869874784,1.0029866780547583,1.0733374155596518,1,2
427264,6.0,0.36743887629735794,0.45273089832126656,0.15687140343970346,1.0034808219392384,1.0833626642792753,1,2
427392,6.0,0.3673451904274099,0.4635807897694042,0.1694716809900522,1.0037275095661569,1.0830535243156576,1,2
427520,6.0,0.4080818735449629,0.48972238504045407,0.18711336369006412,1.004097062540836,1.110741837107886,1,2
427648,6.0,0.49778195145429793,0.5063744584011491,0.2350369570742584,1.0039739418975728,1.07748267495726,1,2
427776,6.0,0.49846581364622583,0.5038997978039814,0.24367660007105618,1.0038507576010838,1.0806387368517512,1,2
427904,6.0,0.49338187573511644,0.513649481430255,0.22561484061110257,1.0039739418975728,1.06285162448999,1,-1
428032,6.0,0.42356346972662473,0.5013231726080346,0.22525657739202892,1.0037275095661569,1.0930952995676864,1,2
428160,6.0,0.40185003738043906,0.5116975888259206,0.26003054112127083,1.004097062540836,1.081158825168713,1,2
428288,6.0,0.42457808359702875,0.538742564065161,0.285294011615396,1.0043431132076361,1.0735795394171503,1,2
428416,6.0,0.4339680008194409,0.5332116373243598,0.2953125487405714,1.0043431132076361,1.090791990033887,1,2
428544,6.0,0.42904448319891847,0.5212040177504225,0.2503089664891601,1.0042201196159057,1.0746936044730888,1,2
428672,6.0,0.4318735939909803,0.49571386500978015,0.20909356220378886,1.0038507576010838,1.0641934939238389,1,2
428800,6.0,0.3800643085057824,0.46292133738149993,0.18931239066068542,1.0038507576010838,1.079074272187717,1,2
428928,6.0,0.39812133956018736,0.4629360735205959,0.17733401528291554,1.0034808219392384,1.0781978067750437,1,2
429056,6.0,0.36855654232452606,0.48975317435192633,0.2374408560150342,1.0036041977073993,1.0595240464212279,1,2
429184,6.0,0.42949497083228305,0.5195411101026243,0.31331948790680253,1.0038507576010838,1.074014494461772,1,2
429312,6.0,0.41321661602819804,0.5429595891045368,0.35890147102023395,1.0043431132076361,1.0977776727630764,1,2
429440,6.0,0.476317409577247,0.5418263891575211,0.3532502830573683,1.0044660434007024,1.1169642316144768,0,2
429568,6.0,0.4603432267385069,0.5328545751849452,0.33289441527332897,1.004588910279602,1.1086997710311275,1,2
429696,6.0,0.4701825066061453,0.5221042830539322,0.27444159628430054,1.0048344544320031,1.0957189458704062,1,2
429824,6.0,0.39788663820527587,0.4879901930225811,0.18841026701240746,1.0042201196159057,1.086390424227348,1,2
429952,6.0,0.381380355816837,0.5032773032958225,0.19243990432605912,1.0044660434007024,1.0923393856201842,1,2
430080,6.0,0.3990712991499047,0.5103146183543282,0.20006583580274412,1.0047117139286545,1.0830584550662772,1,2
430208,6.0,0.4264034052640354,0.4977865152699959,0.2071597101203954,1.0043431132076361,1.0930345653486337,1,2
430336,6.0,0.4587456280586797,0.5039780351237532,0.23639577134019565,1.0043431132076361,1.1046458099036625,1,2
430464,6.0,0.47115640602892583,0.47773244596016745,0.21667265391760565,1.0039739418975728,1.1025142010622773,1,2
430592,6.0,0.4706981044797665,0.4936126806702339,0.24216802305482996,1.0037275095661569,1.1332662565030625,1,-1
430720,6.0,0.43472933256000473,0.526710876416442,0.2502709638847466,1.0043431132076361,1.096169433178068,1,2
430848,6.0,0.446219998907868,0.5236755010665031,0.26703561096678435,1.0042201196159057,1.0900912348468705,1,2
430976,6.0,0.4454540968776167,0.5158070181238793,0.2572285859708798,1.004097062540836,1.0828017269029118,1,2
431104,6.0,0.417203178206775,0.4997156521171112,0.23917799267599918,1.0039739418975728,1.0931471203793197,1,2
431232,6.0,0.4110795748591091,0.46211295794384877,0.22745080851179014,1.0032338783315098,1.1081633001928153,1,2
431360,6.0,0.41814084129810686,0.46144353790227566,0.20038434216935327,1.0036041977073993,1.087945641070721,1,2
431488,6.0,0.4473112154316123,0.49508694953325977,0.27454531439509006,1.0037275095661569,1.096085720137114,1,2
431616,6.0,0.483333975468955,0.5191744246367946,0.33177017135744796,1.0039739418975728,1.0862591786460718,1,2
431744,6.0,0.4727439096609511,0.5086592917662113,0.3732952321814045,1.0036041977073993,1.0888090064518359,1,2
431872,6.0,0.4693498339750429,0.504749848783139,0.399297959360246,1.0032338783315098,1.0844322344878774,1,2
432000,6.0,0.47159965832112527,0.5045657442863236,0.35066686766472904,1.0034808219392384,1.0925309762013293,1,2
432128,6.0,0.4133954884415467,0.48480536940045565,0.2617137169003647,1.0034808219392384,1.0650626693570584,1,2
432256,6.0,0.409674691078126,0.4938822771990471,0.1945608975247298,1.004097062540836,1.0683982351977361,1,2
432384,6.0,0.34678609496482476,0.4936825614270267,0.17672921574069356,1.0043431132076361,1.070711000157866,1,-1
432512,6.0,0.3595924609823006,0.5004261501817673,0.23593060441870276,1.0044660434007024,1.080066811695249,1,2
432640,6.0,0.4176251877828743,0.5172076991079684,0.32261072451157397,1.0044660434007024,1.09071564624602,1,2
432768,6.0,0.4339610532424529,0.5279568895095502,0.4054110905524457,1.0039739418975728,1.1069133734228376,1,2
432896,6.0,0.44044247125347097,0.5474352467624225,0.4085691944108385,1.0042201196159057,1.084215580710566,1,2
433024,6.0,0.4296576495417897,0.5392656627194053,0.41426581984329813,1.0039739418975728,1.082865177023983,1,2
433152,6.0,0.41931546744757453,0.5288428074700765,0.4304873544410687,1.0036041977073993,1.0638379430642062,1,2
433280,6.0,0.40970733230472284,0.5478569092353887,0.4069079610844393,1.0042201196159057,1.0652685856653927,1,2
433408,6.0,0.43547999787953406,0.5511621144961155,0.4472088678740048,1.0044660434007024,1.0753750014428636,1,2
433536,6.0,0.4604598317761884,0.5500691406277656,0.4644446697742579,1.0043431132076361,1.088679522729361,0,2
433664,6.0,0.46648686859577265,0.5496672847315998,0.3946377825015337,1.004588910279602,1.0840165425561785,1,2
433792,6.0,0.47119215261687064,0.5406430739700651,0.39376969872069917,1.0043431132076361,1.0975747388847608,1,2
433920,6.0,0.4885604570356082,0.52333581123857,0.3275584981114537,1.004097062540836,1.090077201818145,1,2
434048,6.0,0.4801590766119921,0.5328093158195627,0.30903542077017987,1.004097062540836,1.0885067984282861,1,2
434176,6.0,0.4587034648572804,0.5319865821569374,0.31030620279168564,1.004097062540836,1.07326973095296,1,2
434304,6.0,0.43038321629822446,0.5290464305089763,0.303621204922916,1.0042201196159057,1.0870893312857195,1,2
434432,6.0,0.42623033718443054,0.5304288524576767,0.33629058357802494,1.004097062540836,1.0994454273488512,1,2
434560,6.0,0.4661205038718064,0.5150747403926351,0.25358870717794646,1.0042201196159057,1.1103398706024108,1,2
434688,6.0,0.38648677276842536,0.538742564065161,0.23490439301912547,1.0043431132076361,1.086553309737663,1,2
434816,6.0,0.40065989151428205,0.5279568895095502,0.267226595718325,1.0039739418975728,1.0774673774433046,1,2
434944,6.0,0.4021348409754418,0.5407007871469511,0.2990469508922025,1.0043431132076361,1.0864593023873756,1,2
435072,6.0,0.48727562749601033,0.5385959967265478,0.34288649094713264,1.004097062540836,1.1305872657431513,0,2
435200,6.0,0.4597584940453748,0.5219884928891602,0.3566451638645778,1.0042201196159057,1.0979840465910053,1,2
435328,6.0,0.4550347519890467,0.5443700889706994,0.342808711065168,1.0047117139286545,1.0978963319134076,1,2
435456,6.0,0.4656239216376463,0.5101052690006064,0.29929338429997204,1.004097062540836,1.0899792723008999,1,2
435584,6.0,0.4422122411538724,0.5011730961263011,0.28278010185157415,1.0039739418975728,1.076287460395338,1,2
435712,6.0,0.40484585820283325,0.5316347448975504,0.32169384419438135,1.0044660434007024,1.1013454309338724,1,2
435840,6.0,0.41785657716122654,0.5079209677399934,0.3194474417396963,1.0037275095661569,1.0743853739277747,1,2
435968,6.0,0.4244549610093493,0.5602356228898996,0.3269726731046079,1.005079746337278,1.0812192691414235,1,2
436096,6.0,0.4134926947930959,0.5953549454983377,0.36647409262334113,1.006058404837703,1.0949761416806074,0,-1
436224,6.0,0.44870972194876024,0.5833878308238009,0.3376592244084889,1.0055695760821457,1.0864997229717341,0,2
436352,6.0,0.514761177019544,0.5944058253340553,0.3037969229621258,1.006058404837703,1.1047231373537048,0,-1
436480,6.0,0.5119805609963993,0.5496271769087238,0.27090896068506437,1.0048344544320031,1.1002215128678436,1,2
436608,6.0,0.507136469172084,0.5017651071677215,0.28694259153366414,1.0038507576010838,1.08613422507657,1,2
436736,6.0,0.45379954978197745,0.503275490795176,0.22754851435325754,1.0038507576010838,1.061477758522684,1,2
436864,6.0,0.4211780270101461,0.4750082433529766,0.25380372559342074,1.0032338783315098,1.0573523196099366,1,2
436992,6.0,0.4193153593312356,0.5025871663537567,0.3128641357838931,1.0034808219392384,1.0550253225794608,1,2
437120,6.0,0.39458634158866307,0.541421543018828,0.27857373858442463,1.004588910279602,1.055258078637219,1,-1
437248,6.0,0.42373341237569584,0.5593103896912784,0.34802520235924944,1.005079746337278,1.080368215748465,1,2
437376,6.0,0.4877839073808073,0.589274851065112,0.3820846594641007,1.0059362912021022,1.1135362181252764,0,2
437504,6.0,0.4930185425563547,0.5886331794081602,0.36594914842188503,1.0059362912021022,1.1044621261164644,0,2
437632,6.0,0.4976982258796147,0.5695981729963435,0.38654606823417215,1.0054472126958651,1.1144444423181028,0,2
437760,6.0,0.47184938932285364,0.5767279056230045,0.372142750510863,1.0056918769068104,1.1201539277427262,0,2
437888,6.0,0.48431094439199296,0.5670284670383937,0.4013578300461248,1.0052022979066102,1.0992503688317175,0,2
438016,6.0,0.42339969374861597,0.5573282564506867,0.37918848037700387,1.005079746337278,1.0942827646730484,1,2
438144,6.0,0.4361235346476544,0.5636575863784592,0.4094302887193333,1.0049571318736141,1.0799610571364107,1,2
438272,6.0,0.41908883891246174,0.5417455245782848,0.4018719428397798,1.0044660434007024,1.081248395045516,1,2
438400,6.0,0.45414833658460524,0.5174542263740204,0.3319201906893465,1.0042201196159057,1.0779889210244598,1,2
438528,6.0,0.46710667615269236,0.5366124058633569,0.32191733712287657,1.004588910279602,1.108336314718527,1,2
438656,6.0,0.45767337858252666,0.49612631936260365,0.28714429346597803,1.0039739418975728,1.0914174193789785,1,2
438784,6.0,0.4514436090467799,0.49329033917696874,0.24400406164935298,1.0034808219392384,1.0869561065158335,1,2
438912,6.0,0.3703032031840839,0.5242021757326323,0.2587720899635799,1.0038507576010838,1.1042722853440259,1,2
439040,6.0,0.40329645689256083,0.5383507340539685,0.22705866196882435,1.0042201196159057,1.061824255658495,1,2
439168,6.0,0.41093870872095006,0.5666421526457643,0.25939338250958166,1.005079746337278,1.0727067862214248,1,-1
439296,6.0,0.4206712955301198,0.5840461230337769,0.3098377337761051,1.0058141152526048,1.1103191874156277,0,-1
439424,6.0,0.51965285922777,0.5915463333557597,0.39096337250654917,1.0059362912021022,1.1306944352961965,0,2
439552,6.0,0.5141132089303897,0.5613231297059024,0.4004638042454145,1.0052022979066102,1.1252652084326897,0,2
439680,6.0,0.5197634677847749,0.5430566203065043,0.3769185184712313,1.0047117139286545,1.1164591762630964,0,2
439808,6.0,0.4658930845746382,0.5068987981719728,0.2891087577758085,1.0039739418975728,1.0992953988923915,1,2
439936,6.0,0.4094343496739174,0.4797946782866232,0.23021252424170294,1.0038507576010838,1.0950539285701146,1,2
440064,6.0,0.4404915255928147,0.5020310525622419,0.2434482789338578,1.004097062540836,1.078468446467134,1,2
440192,6.0,0.4313619717617021,0.5116963074287615,0.2575477981781052,1.0042201196159057,1.0977367035410657,1,2
440320,6.0,0.45799803836156705,0.5414411271996381,0.3750859122462395,1.004588910279602,1.1177223883331018,0,2
440448,6.0,0.45017179369239946,0.5393676671928848,0.4037978584144033,1.0043431132076361,1.1061027019570762,1,2
440576,6.0,0.4648945032881316,0.5378872730338058,0.43279715781097483,1.004097062540836,1.0892480607875932,1,2
440704,6.0,0.4617032098514384,0.5307317623356306,0.44004774064875946,1.0038507576010838,1.1043985179322127,1,2
440832,6.0,0.44313368852798013,0.5282268243089148,0.40524181905956447,1.0037275095661569,1.0930859549063914,1,2
440960,6.0,0.4024889160286528,0.5278983784232136,0.3420394047925631,1.0038507576010838,1.059853019213682,1,2
441088,6.0,0.3761931444925545,0.5149375788784514,0.31668593572236914,1.0037275095661569,1.0703680674143368,1,2
441216,6.0,0.39412173841303694,0.507260539946504,0.30636902625018986,1.0036041977073993,1.0813888429668959,1,2
441344,6.0,0.3741146228107297,0.48624667994833276,0.2905837090751231,1.0033573821759203,1.0635992809542998,1,2
441472,6.0,0.40801147767527657,0.4947857365738692,0.2632594990187279,1.0033573821759203,1.0902272506926283,1,2
441600,6.0,0.47933860513501103,0.5069918941632572,0.24119953962165572,1.0037275095661569,1.08315866593951,1,2
441728,6.0,0.493520238827497,0.5202953776613268,0.23475037350340877,1.004097062540836,1.0891681093767245,1,2
441856,6.0,0.49307469389370123,0.5136542955291189,0.19794742215013314,1.0042201196159057,1.077219545495843,1,2
441984,6.0,0.38445287199158124,0.47489362142272673,0.19608017872637523,1.0036041977073993,1.1081046790496856,1,2
442112,6.0,0.3646001067493965,0.450215998687451,0.18425676659402115,1.0034808219392384,1.0842059238113342,1,2
442240,6.0,0.3551099689959368,0.46148248392797375,0.18658026054392113,1.0034808219392384,1.0907006934851904,1,2
442368,6.0,0.3611787166835999,0.46613911174201245,0.18765431892553414,1.0034808219392384,1.0813818862958118,1,2
442496,6.0,0.3702905969204516,0.47848510230507,0.1860708408720158,1.0037275095661569,1.0928884538062538,1,2
442624,6.0,0.3808203542786195,0.5076075218647147,0.21158924495073134,1.0039739418975728,1.0786198263802933,1,2
442752,6.0,0.41224582507437585,0.49899260416939223,0.25623688112574317,1.0036041977073993,1.0753355591806524,1,2
442880,6.0,0.431181310828174,0.5040624656381306,0.24107323898220853,1.0036041977073993,1.0676646108332934,1,2
443008,6.0,0.43175148704047683,0.5031310257663361,0.2712484735774974,1.0033573821759203,1.0771417965732164,1,2
443136,6.0,0.4388258615701713,0.4855426794702647,0.2594761261673864,1.0029866780547583,1.0775889363905309,1,2
443264,6.0,0.4231873342609631,0.4872620351767146,0.23782338827569435,1.0032338783315098,1.0626146724322934,1,2
443392,6.0,0.3831374732196493,0.4828060893340774,0.27295112899343565,1.003110310319889,1.083855851177156,1,2
443520,6.0,0.3974936907393339,0.5061691994529984,0.28879158105333874,1.0038507576010838,1.0886092980631035,1,2
443648,6.0,0.4416754892512334,0.5012872260837757,0.2589192182152508,1.0037275095661569,1.0762840822886646,1,2
443776,6.0,0.4423825181834977,0.4823030686772578,0.27871701618451633,1.0034808219392384,1.0746186590341318,1,2
443904,6.0,0.4292790893646866,0.4963081164176595,0.28161451516883673,1.0033573821759203,1.0937953340150985,1,2
444032,6.0,0.36518855209193896,0.49030259354656885,0.2634750577890361,1.0029866780547583,1.0600340983145347,1,2
444160,6.0,0.36910188999441657,0.5082673341685917,0.3008953252925088,1.0033573821759203,1.0739807325009811,1,2
444288,6.0,0.39976479759834416,0.5179617217917037,0.29471781475566566,1.0034808219392384,1.0855141786918734,1,2
444416,6.0,0.4103870648408556,0.5169074825158384,0.28428137231031614,1.0036041977073993,1.0645980556389856,1,2
444544,6.0,0.40631577242724,0.5133581258405258,0.30305873872987155,1.0037275095661569,1.0740438953484996,1,2
444672,6.0,0.39073779189493113,0.5456180252792393,0.34833547248886043,1.0044660434007024,1.0981705726197175,1,2
444800,6.0,0.46976550563861175,0.5604616552070806,0.40411844607215436,1.0048344544320031,1.1060549446815366,0,2
444928,6.0,0.48899156531560717,0.5618531370109183,0.40556769851605123,1.0048344544320031,1.1069526299101327,0,2
445056,6.0,0.45815823485397955,0.5767527335685951,0.4160895177284646,1.0052022979066102,1.0866232840179852,0,2
445184,6.0,0.4382789330757792,0.5523367995473366,0.3794072398815826,1.004588910279602,1.0898522724456332,1,2
445312,6.0,0.4491971676572773,0.5651020788883764,0.3980731412983234,1.0049571318736141,1.0938178627633965,0,2
445440,6.0,0.489570587457916,0.5804025808180803,0.4217220200832926,1.0055695760821457,1.1011541480416915,0,2
445568,6.0,0.5124332742930957,0.573115911658068,0.3695408611923975,1.0053247866650505,1.1091970360816026,0,2
445696,6.0,0.4635091174084442,0.5781806652053723,0.37429601138301416,1.0054472126958651,1.0933482857102874,0,2
445824,6.0,0.4592737393150874,0.5674808135187002,0.33553514765534,1.0052022979066102,1.0910768203001524,0,2
445952,6.0,0.4804752284799588,0.5697372605924901,0.3458419332171329,1.0052022979066102,1.0786337032131477,0,2
446080,6.0,0.4931820235653772,0.5459453234502759,0.3338758988817021,1.0048344544320031,1.1042250388701107,0,2
446208,6.0,0.49746357853676554,0.5367774262012208,0.32009296911000745,1.0047117139286545,1.0918455074497586,1,2
446336,6.0,0.46518425966152266,0.5230195038857155,0.30267198795558387,1.0043431132076361,1.090169614178995,1,2
446464,6.0,0.4685660862746389,0.512049212008149,0.28663549988110987,1.0039739418975728,1.0964563371704887,1,2
446592,6.0,0.4737677842084228,0.53919304182459,0.31431042215000843,1.0044660434007024,1.0999973847767497,1,2
446720,6.0,0.43771787596469625,0.5580954797540012,0.36404900439144744,1.0047117139286545,1.1100748156123925,0,2
446848,6.0,0.42518621161365616,0.5501687879363271,0.31190677143792345,1.004588910279602,1.0888350598902583,1,2
446976,6.0,0.4422696147942121,0.5415630761140943,0.30533982225607725,1.004588910279602,1.1103604598784442,1,2
447104,6.0,0.4807729411228166,0.5163658030588472,0.23811382138787063,1.0043431132076361,1.105540577316255,1,2
447232,6.0,0.436031891370972,0.4790841621207147,0.15944847311456264,1.004097062540836,1.0972153828891729,1,2
447360,6.0,0.396318193669591,0.49942088150639324,0.1767806313259832,1.0043431132076361,1.0778342866802226,1,2
447488,6.0,0.36104253010836496,0.489324019843047,0.1556979137395444,1.0042201196159057,1.0846174942055093,1,2
447616,6.0,0.35182241379620866,0.5011936531810415,0.15161430585471924,1.0044660434007024,1.0864857165085808,1,-1
447744,6.0,0.3463277602528794,0.5075200890326482,0.1656851138987299,1.0044660434007024,1.093673893731619,1,-1
447872,6.0,0.35604933449670945,0.49806174447170753,0.15182868993336615,1.0042201196159057,1.07816307405758,1,-1
448000,6.0,0.3821682296581537,0.511170826747846,0.1565136009686713,1.0042201196159057,1.1076431014855233,1,-1
448128,6.0,0.3694864189690492,0.5354673270448376,0.27603747893742486,1.0042201196159057,1.085540679267297,1,2
448256,6.0,0.40922697676172975,0.5382624597185353,0.35085508799136533,1.0043431132076361,1.0766382748854837,1,2
448384,6.0,0.40690638560119186,0.5314309950539076,0.37704457947172226,1.0039739418975728,1.0711980204304494,1,2
448512,6.0,0.5155420979997383,0.5440645083881216,0.4060166801022915,1.0043431132076361,1.1098184223327026,0,2
448640,6.0,0.48993552556338005,0.5450490947515478,0.39506497317858125,1.004588910279602,1.1082648476005383,0,2
448768,6.0,0.5001160583230254,0.5281981299920804,0.37409577332890487,1.0042201196159057,1.1227724492167985,0,2
448896,6.0,0.48553340228583486,0.5349140751814171,0.3783764519985681,1.0043431132076361,1.104270209893348,1,2
449024,6.0,0.4533986243138908,0.5223877363925536,0.34948850827439637,1.004097062540836,1.1046733849772374,1,2
449152,6.0,0.4676533802166855,0.4901457432300009,0.3023856731505019,1.0033573821759203,1.0999073370589254,1,2
449280,6.0,0.4637255087206673,0.5082006391077897,0.2621903089251187,1.0038507576010838,1.081284028935581,1,2
449408,6.0,0.45900127011362524,0.511190619929195,0.23997653666112198,1.004097062540836,1.0704309267537926,1,2
449536,6.0,0.4098293805285928,0.524544804095511,0.21039789821431765,1.0042201196159057,1.07085159298844,1,2
449664,6.0,0.3619031798990496,0.5210823634554453,0.19083224646186325,1.004588910279602,1.0810582302008593,1,-1
449792,6.0,0.3534110054516604,0.5160504803458439,0.20219262099133814,1.0043431132076361,1.0945771746567556,1,-1
449920,6.0,0.35045747540385147,0.5208910645544061,0.2072265826800499,1.004588910279602,1.072583799898131,1,-1
450048,6.0,0.3370226069381875,0.5008366137119418,0.1811730359198889,1.004588910279602,1.0850994080677456,1,-1
450176,6.0,0.3965843466524313,0.5434741604362469,0.2451836685139873,1.0052022979066102,1.10221776677306,1,-1
450304,6.0,0.45096051901325584,0.5427347507256518,0.2740699785082715,1.005079746337278,1.1011886616872735,1,2
450432,6.0,0.4944016912475997,0.5297379376887915,0.3194774990527946,1.0044660434007024,1.102752065627022,1,2
450560,6.0,0.4409057792056753,0.5498153127517836,0.31401945997726594,1.0048344544320031,1.1289827288627468,0,-1
450688,6.0,0.4091063078344337,0.525836527784519,0.25244781621771667,1.0038507576010838,1.0862352288113275,1,2
450816,6.0,0.3767970594472116,0.505251348480676,0.23620370444028158,1.0032338783315098,1.0639284696393712,1,2
450944,6.0,0.3844701450701928,0.5414878540798126,0.24209883489531972,1.004097062540836,1.066365150846143,1,2
451072,6.0,0.3787515869236814,0.5394292043948689,0.2608897423536441,1.004097062540836,1.0588625946295442,1,-1
451200,6.0,0.40709893907537104,0.5572163663877903,0.21557014018330511,1.0048344544320031,1.070475636474675,1,-1
451328,6.0,0.46380522947642094,0.5717648261444388,0.3081909932804918,1.0053247866650505,1.1016617665576736,0,2
451456,6.0,0.42531119262850037,0.560029965105815,0.2604767366730194,1.005079746337278,1.1027242238105852,1,2
451584,6.0,0.38845927008293196,0.5728465168397527,0.2530538358361803,1.0053247866650505,1.095927390216007,1,-1
451712,6.0,0.412788564187979,0.5519969883552053,0.27295267752747193,1.0048344544320031,1.107418553175887,1,2
451840,6.0,0.4335256517208828,0.5391132773349118,0.2866874103890715,1.004588910279602,1.0992278686712655,1,2
451968,6.0,0.50205037375312,0.5209626833743165,0.3213235454394446,1.0042201196159057,1.102784482727151,1,2
452096,6.0,0.4317351090015696,0.4865868034409184,0.27256315562097605,1.0034808219392384,1.102109988396048,1,2
452224,6.0,0.3869191057435217,0.4731990763844675,0.21948481741702866,1.0033573821759203,1.117483341868193,1,2
452352,6.0,0.34542613322546,0.46416063699169696,0.19845903913655433,1.0033573821759203,1.1054774380290282,1,2
452480,6.0,0.3453638046869832,0.4403078385584345,0.17326270128122262,1.003110310319889,1.1081572720452693,1,2
452608,6.0,0.39739053062969043,0.4692345882451675,0.22374725114999744,1.0037275095661569,1.0939602359584573,1,2
452736,6.0,0.443288125091469,0.5046253599683104,0.284058594678635,1.0043431132076361,1.1064144375180263,1,2
452864,6.0,0.4499911979014357,0.534905212182999,0.3450415533343987,1.0048344544320031,1.1125690289501315,1,2
452992,6.0,0.48426515091627076,0.572457732733479,0.3806381230370747,1.0058141152526048,1.1254196210614382,0,2
453120,6.0,0.464040626325205,0.5891800536013863,0.4093355378451595,1.0061804562416374,1.124572079156966,0,2
453248,6.0,0.49489029554830516,0.5848723676965856,0.4048896347654715,1.0061804562416374,1.1324880228157528,0,2
453376,6.0,0.49661752426213385,0.585455624507473,0.44234529930259575,1.0063024454959635,1.1301830684246532,0,2
453504,6.0,0.49090928907666154,0.584526665134263,0.48604031087729227,1.0063024454959635,1.1404822792181069,0,2
453632,6.0,0.49315429698890784,0.5789548090327882,0.4458167920084704,1.0061804562416374,1.1374436436742306,0,2
453760,6.0,0.46227346962142213,0.5654657897434646,0.42057741604167165,1.0055695760821457,1.1323664718657434,0,2
453888,6.0,0.45630780829546974,0.5641323140322562,0.41766278048891453,1.0054472126958651,1.1169345780617135,0,2
454016,6.0,0.41865899106030136,0.5543643982500631,0.3962157083029389,1.005079746337278,1.1153938797952783,0,2
454144,6.0,0.41301307372006585,0.5532387372509716,0.4234814126910783,1.0049571318736141,1.110397890187274,0,2
454272,6.0,0.4193996152430764,0.5754888067530006,0.4627385371877591,1.0054472126958651,1.1027213289158277,0,2
454400,6.0,0.430517107829704,0.5791955188325366,0.48654522005893613,1.0054472126958651,1.1045504157864743,0,2
454528,6.0,0.41486885086479386,0.5983942904728581,0.48565533669305744,1.006058404837703,1.1132696978041752,0,2
454656,6.0,0.40109197057919904,0.5904782734133247,0.5297203231387962,1.0058141152526048,1.1159309755910687,0,-1
454784,6.0,0.37475421294977,0.5761675517277917,0.49233276563793194,1.0054472126958651,1.1043271266055297,0,-1
454912,6.0,0.3993327264479035,0.5611211893448755,0.4486587173494391,1.0049571318736141,1.1039460459564405,0,-1
455040,6.0,0.4122033384133429,0.5289523724248447,0.3954076965695976,1.004097062540836,1.0841865549591456,1,2
455168,6.0,0.5057914066645862,0.5536854194358394,0.37124921105413966,1.004588910279602,1.1100738373264947,0,2
455296,6.0,0.522207821532264,0.5714758895810588,0.3173457769674168,1.0052022979066102,1.1092392021231177,0,2
455424,6.0,0.4958287016781663,0.5978145612284533,0.3862361685171294,1.0061804562416374,1.1347031305742976,0,2
455552,6.0,0.5076055762165002,0.6127826641819671,0.39126002264034276,1.0066680411793234,1.1460762585411677,0,2
455680,6.0,0.485334826910861,0.6014268833709556,0.4489133215974663,1.0063024454959635,1.1377485740637518,0,2
455808,6.0,0.4888927805395738,0.5692546991200779,0.4755684738791431,1.0053247866650505,1.1422855044949167,0,2
455936,6.0,0.42828058121135953,0.5440426982061466,0.4305118766545571,1.0047117139286545,1.1113915097243143,0,2
456064,6.0,0.33217871660225734,0.5295290885473986,0.377244192361403,1.0044660434007024,1.0970893767290266,1,-1
456192,6.0,0.36450954439011085,0.5295290885473986,0.389426904466885,1.0044660434007024,1.093044992735966,1,-1
456320,6.0,0.37081068862335576,0.5564331883477203,0.4006909178121316,1.0053247866650505,1.0933254787918867,1,-1
456448,6.0,0.4364396207174285,0.5753170198230698,0.4641652131325916,1.0056918769068104,1.1162337020866444,0,2
456576,6.0,0.4490468020050017,0.6041602887376438,0.514235533746282,1.0064243726825695,1.1844494477661993,0,-1
456704,6.0,0.481405698730839,0.6075778109424379,0.5076212264257479,1.0065462378831733,1.1676790476615013,0,2
456832,6.0,0.4730773982857123,0.6015487758628877,0.4961184264243043,1.0063024454959635,1.1582129195100312,0,2
456960,6.0,0.4725983811711254,0.6102541626749248,0.5337375147235185,1.0065462378831733,1.1525671406110571,0,2
457088,6.0,0.47145613994442476,0.5948593398951022,0.4985879519203853,1.0061804562416374,1.1408823207065661,0,2
457216,6.0,0.48991851930135466,0.5940706000056616,0.5129338623740285,1.0061804562416374,1.162641697814665,0,2
457344,7.0,0.4753341881445831,0.6065813368266114,0.5101660203286282,1.0063024454959635,1.1679428340703668,0,2
457472,7.0,0.5052378833599068,0.5998203095077497,0.4535463037969964,1.006058404837703,1.1299695809018542,0,2
457600,7.0,0.5121003008634164,0.5991395430789076,0.5088970637183015,1.006058404837703,1.123524388830495,0,2
457728,7.0,0.4982884143445204,0.5978689864491402,0.5198080579445965,1.006058404837703,1.1394034553180052,0,2
457856,7.0,0.46460147046306255,0.603066080558432,0.48218555358972287,1.0061804562416374,1.1257300968651263,0,2
457984,7.0,0.44322404701332496,0.6016556108753631,0.5059478703640117,1.0061804562416374,1.1160098530887121,0,2
458112,7.0,0.46847105945104606,0.5969836923757464,0.5117037796950911,1.006058404837703,1.1306533255915876,0,2
458240,7.0,0.479236596166211,0.6065920304343331,0.49636387229516704,1.0064243726825695,1.1245844937849683,0,2
458368,7.0,0.4996255296359029,0.6046337579869786,0.5384716428696394,1.0063024454959635,1.1654510201955468,0,2
458496,7.0,0.46717756759076395,0.6129611478454458,0.5148099488106548,1.0065462378831733,1.1446457789490871,0,2
458624,7.0,0.433449352523419,0.6099608046092914,0.5426580506326542,1.0064243726825695,1.1546740925203216,0,2
458752,7.0,0.46701386682300033,0.6030000423329674,0.3653720973506008,1.0061804562416374,1.1244855615876694,0,2
458880,7.0,0.5000348307958908,0.5967436820952071,0.36871967846168235,1.0059362912021022,1.130362568655866,0,2
459008,7.0,0.4956887407946833,0.5737246332444053,0.39244990272431735,1.005079746337278,1.1233581216738082,0,2
459136,7.0,0.49654727537320903,0.571374854255505,0.3762568997729111,1.005079746337278,1.1315629897532633,0,2
459264,7.0,0.44604538759139,0.5576783745059014,0.3797200520146602,1.0048344544320031,1.1145420176385983,0,2
459392,7.0,0.4411840462518383,0.5588397853787446,0.3847883606707683,1.005079746337278,1.114004483881726,0,2
459520,7.0,0.4438817685439316,0.5836613208217087,0.43843964151328785,1.0058141152526048,1.1146744400564892,0,2
459648,7.0,0.47717236783632144,0.5832543705798897,0.41509372351939333,1.0058141152526048,1.1295264439484558,0,2
459776,7.0,0.4937130436841885,0.6046713327364972,0.4176434003106806,1.0063024454959635,1.1546992181408486,0,2
459904,7.0,0.42786627607791833,0.5938040188259752,0.351566500030656,1.0058141152526048,1.1222070198560168,0,2
460032,7.0,0.4318156472376841,0.5869248037604513,0.3324060999144528,1.0055695760821457,1.108625051245371,0,2
460160,7.0,0.45244135154255377,0.5973293957267236,0.36976567760201134,1.0059362912021022,1.1088345751509272,0,2
460288,7.0,0.4882247598286559,0.5964403609398902,0.41502379769971753,1.0059362912021022,1.1404577844851778,0,2
460416,7.0,0.4848712652765299,0.5993073406745615,0.4684722353783074,1.0063024454959635,1.1366967088581243,0,2
460544,7.0,0.4530182055670853,0.597879983803973,0.4730852957831436,1.0061804562416374,1.136296764889408,0,2
460672,7.0,0.45537791717321274,0.6083101537763257,0.49998642214779515,1.0064243726825695,1.1283472082619175,0,2
460800,7.0,0.4178181345137687,0.5854641550794272,0.4898789864593989,1.0058141152526048,1.1138810683967542,0,2
460928,7.0,0.4520875417053303,0.5996755884247184,0.4915001690978767,1.006058404837703,1.1152167347501962,0,2
461056,7.0,0.45729800715008007,0.606619487488945,0.46462830434276453,1.0063024454959635,1.1230661550313779,0,2
461184,7.0,0.5002234080824337,0.599390356270651,0.4377778138588461,1.006058404837703,1.126777348795243,0,2
461312,7.0,0.49201451912268573,0.6052996661029597,0.3787131578374605,1.0063024454959635,1.1276711102845969,0,2
461440,7.0,0.5122535222708158,0.6065920304343329,0.41230128085371526,1.0064243726825695,1.120603465565022,0,2
461568,7.0,0.5012507480540617,0.5912727124154814,0.4223937727144947,1.0058141152526048,1.1064168127171474,0,2
461696,7.0,0.4602803752218206,0.575154361286362,0.34258983254311715,1.0052022979066102,1.1047649318863342,0,2
461824,7.0,0.3729821483788517,0.5763597280402851,0.27289819072317023,1.0052022979066102,1.0823536515111096,1,-1
461952,7.0,0.3868570937749198,0.569516264229506,0.292736843113405,1.0049571318736141,1.0716026513155381,1,-1
462080,7.0,0.39220976664043267,0.5673360001050471,0.27575043174296165,1.005079746337278,1.0774589881913375,1,-1
462208,7.0,0.4960544925975533,0.5991083238484833,0.2765659180096301,1.006058404837703,1.1098082473386033,0,-1
462336,7.0,0.5003854763558734,0.6025109496242437,0.44169310772790377,1.0061804562416374,1.1579707420676442,0,2
462464,7.0,0.4440889948003646,0.6021138548750857,0.41107522099893123,1.0061804562416374,1.1313800227615713,0,2
462592,7.0,0.46358579117486554,0.606073775290124,0.463055649085422,1.0063024454959635,1.1383231428561749,0,2
462720,7.0,0.45670213202594034,0.6071623864301188,0.483598366117948,1.0064243726825695,1.146021804480172,0,2
462848,7.0,0.46751899940938746,0.624589959447497,0.4916402193044761,1.0070330804540046,1.154740110635852,0,2
462976,7.0,0.46932687881284885,0.6275971014345113,0.5051977510151712,1.0071546369444515,1.156479549329841,0,2
463104,7.0,0.463762650793119,0.62748050390218,0.43094929160236306,1.0071546369444515,1.1454852207503416,0,2
463232,7.0,0.4328744478904276,0.608654937482353,0.30067596901244537,1.0064243726825695,1.1696069749876166,0,-1
463360,7.0,0.41284384623716847,0.5818373039858777,0.29327239713978814,1.0054472126958651,1.0869739658355335,1,-1
463488,7.0,0.42918953693874645,0.5726939674087723,0.347097592000149,1.005079746337278,1.089770959449788,1,2
463616,7.0,0.44000680976288964,0.546044313930103,0.38655905148943137,1.0043431132076361,1.0899420587963604,1,2
463744,7.0,0.4565419738641583,0.5450275421734457,0.3944184424433364,1.004588910279602,1.097416916188492,1,2
463872,7.0,0.44104428084291947,0.5583406770118714,0.42648745706465624,1.0052022979066102,1.116114673405138,0,2
464000,7.0,0.4702818647272906,0.5890778426558289,0.45679447688110153,1.0058141152526048,1.127604149245194,0,2
464128,7.0,0.4993731368231912,0.6185286105713101,0.46563490233232036,1.0067897826523997,1.1201516529469946,0,2
464256,7.0,0.5006547660478335,0.6254159512130865,0.5212836228425539,1.0070330804540046,1.150754950863915,0,2
464384,7.0,0.4928182729042041,0.6159157201835136,0.5002456268831575,1.0066680411793234,1.119847033591298,0,2
464512,7.0,0.461011944342337,0.6088129103562415,0.5265605858737377,1.0064243726825695,1.1290608569869884,0,2
464640,7.0,0.48732122158394103,0.6028244791464766,0.5374542161325703,1.0061804562416374,1.149248661060489,0,2
464768,7.0,0.5091681606862213,0.6053212709198263,0.5391458659308737,1.0063024454959635,1.14523510662564,0,2
464896,7.0,0.5282129124743955,0.6175402487455078,0.5242613373932158,1.0067897826523997,1.1508601433313062,0,2
465024,7.0,0.5068864859211265,0.6277745681544012,0.4572774963178904,1.0071546369444515,1.145759869727381,0,2
465152,7.0,0.47940951930061027,0.6178470585467768,0.4813524843826504,1.0069114623836124,1.1211143447387708,0,2
465280,7.0,0.49825882951141026,0.615452573034515,0.48152837873064397,1.0067897826523997,1.1363922024458535,0,2
465408,7.0,0.49019802480930624,0.6017999331761197,0.5135451368216544,1.0063024454959635,1.121357922755884,0,2
465536,7.0,0.49378594761132155,0.5853279574722338,0.47826759704775595,1.0056918769068104,1.1334013624573893,0,2
465664,7.0,0.48553767645373785,0.5872708939638442,0.4765809360334974,1.0056918769068104,1.1268052582944728,0,2
465792,7.0,0.49645077846973784,0.5767115703834766,0.46995391633776873,1.0054472126958651,1.1047300834454712,0,2
465920,7.0,0.5240168942179251,0.5879622490586074,0.47279650807068974,1.0058141152526048,1.1155404387708532,0,2
466048,7.0,0.5279998590358163,0.5847713066524856,0.4939914944831554,1.0058141152526048,1.1233097144199196,0,2
466176,7.0,0.5085605649982562,0.5785284126675465,0.4591487664483688,1.0054472126958651,1.0988840685460217,0,2
466304,7.0,0.4923155885453411,0.5871778019345888,0.45675267608637393,1.0055695760821457,1.1078546608464634,0,2
466432,7.0,0.43506696530329736,0.5854308866478242,0.45575081226713715,1.0055695760821457,1.1149205065573158,0,2
466560,7.0,0.46104083323640954,0.5806882024436828,0.4465539878884058,1.0054472126958651,1.1085583926382752,0,2
466688,7.0,0.49057089697698286,0.5877253506958134,0.4534038852707972,1.0056918769068104,1.1374447592494072,0,2
466816,7.0,0.48093513822255934,0.5894836188801181,0.40011750178156913,1.0058141152526048,1.1143765115190742,0,2
466944,7.0,0.5032994132170221,0.5945206010351756,0.4171827520636501,1.006058404837703,1.1360999462545722,0,2
467072,7.0,0.49573387698720844,0.6120184163231405,0.40049879779424724,1.0066680411793234,1.136478735519622,0,2
467200,7.0,0.4957951819631266,0.608239725726173,0.4324815277713838,1.0065462378831733,1.1449390759122413,0,2
467328,7.0,0.46949083393182617,0.6084198232221226,0.42202291998795943,1.0064243726825695,1.1259321217492524,0,2
467456,7.0,0.4544137036230872,0.5949622851025609,0.41105841074467564,1.0059362912021022,1.123865697463037,0,2
467584,7.0,0.48888748847511754,0.5980408714807901,0.38729184811548023,1.006058404837703,1.1319481405741423,0,2
467712,7.0,0.5064123727689055,0.6045917221192337,0.35784195261921586,1.0063024454959635,1.123813549603757,0,2
467840,7.0,0.507683839441451,0.5840720550781309,0.4102292905352828,1.0055695760821457,1.1109258739454035,0,2
467968,7.0,0.5046084098921622,0.5910537103033853,0.4521181742211265,1.0058141152526048,1.1354016403209888,0,2
468096,7.0,0.48115754695335156,0.5837900157017667,0.4578170808152318,1.0054472126958651,1.1272350067111552,0,2
468224,7.0,0.5183016410899332,0.5827441122243273,0.47579599236657194,1.0054472126958651,1.1234925466548542,0,2
468352,7.0,0.5278532167326228,0.6033465877577248,0.4943450184906064,1.0063024454959635,1.1432100218042789,0,2
468480,7.0,0.5230612533976932,0.6056530850950278,0.48244680261363243,1.0063024454959635,1.1402379364745108,0,2
468608,7.0,0.5113495351550238,0.6040062500990704,0.5117202782653874,1.0063024454959635,1.1336569261073848,0,2
468736,7.0,0.4885288757139172,0.5874811032795836,0.5097210174457879,1.0058141152526048,1.132220859453156,0,2
468864,7.0,0.4480433188728141,0.5724166184401858,0.5003749547266246,1.0052022979066102,1.1207031005024772,0,2
468992,7.0,0.4467440186131147,0.5751080285041389,0.48780139476880013,1.0052022979066102,1.0924051017683718,0,2
469120,7.0,0.449795936402998,0.5826249533882957,0.42989992139734673,1.0054472126958651,1.1044664992876794,0,2
469248,7.0,0.4434235770462821,0.5983921084136965,0.42678838846307415,1.0061804562416374,1.1205929418998655,0,2
469376,7.0,0.4474134295643363,0.6053002860551046,0.4117144550279473,1.0065462378831733,1.1279521101628252,0,2
469504,7.0,0.4732895039884612,0.6077732389517145,0.3829287957819378,1.0066680411793234,1.125382867708667,0,2
469632,7.0,0.4736420844774797,0.6151801316050579,0.4151314141123411,1.0067897826523997,1.1330377463155927,0,2
469760,7.0,0.47023887393803926,0.6147631656630013,0.42509107256491285,1.0066680411793234,1.135414031249281,0,2
469888,7.0,0.41969064760757113,0.6108322097404753,0.4369848424835646,1.0065462378831733,1.1286172307209252,0,2
470016,7.0,0.4349518319166264,0.604171985089257,0.4478671531065614,1.0063024454959635,1.1489157329129362,0,2
470144,7.0,0.4237372384003224,0.5826253342171247,0.48186679769173313,1.0055695760821457,1.1289014003278526,0,2
470272,7.0,0.43744547744970874,0.5915176138220344,0.48639020010208617,1.0059362912021022,1.1209147349977882,0,2
470400,7.0,0.4221138189375623,0.5861585867777144,0.45643600095972386,1.0058141152526048,1.1203136384159953,0,2
470528,7.0,0.4195432924468186,0.6044769838753159,0.4375127703169771,1.0064243726825695,1.1149922520061009,0,2
470656,7.0,0.42472964494801757,0.6181300927872428,0.42843277644884864,1.0069114623836124,1.1277044710571142,0,2
470784,7.0,0.45087785881406994,0.6192199513335216,0.4339423687549039,1.0070330804540046,1.1187324787358572,0,2
470912,7.0,0.4483891626283786,0.622362755440323,0.4415893544440783,1.007276131935661,1.1311289201558699,0,2
471040,7.0,0.4526471698229318,0.6067335982134671,0.46181519848235214,1.0066680411793234,1.1285530457630872,0,2
471168,7.0,0.46435081765144215,0.598696259900497,0.45586243675055843,1.0063024454959635,1.12892780578086,0,2
471296,7.0,0.4657587316598989,0.5952160001363617,0.47297078475791415,1.006058404837703,1.115965792687133,0,2
471424,7.0,0.48343351224399417,0.6052197279535872,0.44866383515710684,1.0063024454959635,1.1338456466930182,0,2
471552,7.0,0.49133409030957675,0.6053004414548782,0.4619508676135587,1.0063024454959635,1.1310133163383478,0,2
471680,7.0,0.4870207232421649,0.6069603236270622,0.4455048418550088,1.0064243726825695,1.134068175565506,0,2
471808,7.0,0.4868119901899442,0.6208332851259764,0.4946853337963362,1.0070330804540046,1.1462725562692138,0,2
471936,7.0,0.49253701161945507,0.6132405855514337,0.4737967325369093,1.0067897826523997,1.1372049064813474,0,2
472064,7.0,0.5067892132321269,0.6175346560087562,0.46435442612542016,1.0069114623836124,1.1548199855287364,0,2
472192,7.0,0.5050044898856417,0.6217906125919535,0.4829526035865387,1.0070330804540046,1.1448831852014352,0,2
472320,7.0,0.5005399844210472,0.6160355983597142,0.5092846218099677,1.0067897826523997,1.1397697181718585,0,2
472448,7.0,0.48522360748760285,0.6189341604578774,0.5131470861073529,1.0069114623836124,1.1376335436833174,0,2
472576,7.0,0.483446842025528,0.6242502368015667,0.4732998162632136,1.0071546369444515,1.150536039484381,0,2
472704,7.0,0.4792252930610039,0.6154439060927924,0.46690477334166924,1.0067897826523997,1.1637262799888517,0,2
472832,7.0,0.4608183934065205,0.6137624242092601,0.4736448034310225,1.0067897826523997,1.1489795595924468,0,2
472960,7.0,0.46874366394715705,0.6168925326461144,0.4830419602097931,1.0069114623836124,1.158978033394435,0,2
473088,7.0,0.4678073713378865,0.608430908514721,0.4802526799420646,1.0066680411793234,1.1433936529626052,0,2
473216,7.0,0.47393373079669426,0.6106435884986415,0.5115811247935212,1.0067897826523997,1.1559236315894026,0,2
473344,7.0,0.4564513378470063,0.6168352118134496,0.491733076406691,1.0069114623836124,1.1287395762010881,0,2
473472,7.0,0.43823190794411726,0.6109172373207554,0.48873582455737064,1.0067897826523997,1.1212396553715356,0,2
473600,7.0,0.43317924568609867,0.6179104457094495,0.4906809395997248,1.0070330804540046,1.1268039300484132,0,2
473728,7.0,0.47630197385208656,0.6024433531895286,0.389637052232282,1.0064243726825695,1.10837567558083,0,2
473856,7.0,0.4153163890325813,0.6123832798285925,0.3403872503415572,1.0065462378831733,1.1328799064621182,0,-1
473984,7.0,0.41847935121565594,0.6127357356506852,0.36216794759199833,1.0065462378831733,1.1420433273035242,0,-1
474112,7.0,0.42522669886009296,0.6100980021639864,0.39333749204358326,1.0065462378831733,1.1458614332871087,0,-1
474240,7.0,0.45976659524737873,0.6198717923989278,0.39727952352172485,1.0071546369444515,1.1539753769696919,0,-1
474368,7.0,0.4015159418463593,0.6202511629258877,0.4500226875298153,1.0069114623836124,1.161603299703286,0,-1
474496,7.0,0.4122958724330766,0.616107744418149,0.47998143471922483,1.0066680411793234,1.1572247635780615,0,-1
474624,7.0,0.4105695533649777,0.5967884297328697,0.4221392262248492,1.006058404837703,1.1199475441581987,0,2
474752,7.0,0.4045154055099383,0.5846048072525415,0.37491708248536715,1.0059362912021022,1.1112235276999687,0,-1
474880,7.0,0.48080015678474824,0.5887688576643815,0.3607634795987161,1.006058404837703,1.1345566490023642,0,2
475008,7.0,0.5047420341804075,0.5895619607820475,0.43623838009578575,1.0056918769068104,1.1384985580793767,0,2
475136,7.0,0.5164390036309574,0.5788289520834781,0.4748334127713665,1.0054472126958651,1.1352488451048723,0,2
475264,7.0,0.5070162688855463,0.5840441849009819,0.4611344445126537,1.0055695760821457,1.1507805946442036,0,2
475392,7.0,0.4926043885140851,0.5928595762856096,0.44260465505762103,1.0058141152526048,1.1331785480154482,0,2
475520,7.0,0.5011074464339011,0.6054760046413689,0.4082504405011124,1.0063024454959635,1.1267900135425712,0,2
475648,7.0,0.4682310885061081,0.6144162356648892,0.3900917014635007,1.0066680411793234,1.14241327535384,0,2
475776,7.0,0.4668814777530528,0.6051094438634295,0.3716455623844347,1.0063024454959635,1.1251740508884251,0,2
475904,7.0,0.4552059281917388,0.6019411506475779,0.36078069355819403,1.0061804562416374,1.121292150713746,0,2
476032,7.0,0.4856303236389667,0.6126323923428316,0.41880387001967934,1.0065462378831733,1.1518137065127168,0,2
476160,7.0,0.5167399134966725,0.6128270360410392,0.4124661259740512,1.0065462378831733,1.135450292887152,0,2
476288,7.0,0.5351649392449795,0.6280351221011512,0.45063582561462506,1.0071546369444515,1.1750689670211563,0,-1
476416,7.0,0.5145203254032954,0.6219832438433353,0.41024245894485356,1.0069114623836124,1.1697453862091287,0,-1
476544,7.0,0.48257392264468457,0.5987555182103036,0.4200220027788089,1.006058404837703,1.1570674446282552,0,2
476672,7.0,0.47845526662944293,0.5927143472719733,0.4059930633498244,1.0059362912021022,1.1308710705572853,0,2
476800,7.0,0.4656173681511106,0.5759094210121,0.4152075409380676,1.0055695760821457,1.137453669715313,0,2
476928,7.0,0.47099622648303174,0.5514774991204622,0.4134301817869016,1.005079746337278,1.1260786146492854,0,2
477056,7.0,0.4901637451853515,0.5609965305312852,0.4186104079864034,1.005079746337278,1.1174105083124117,0,2
477184,7.0,0.4759784326436591,0.5689217012145268,0.4675780195104809,1.0052022979066102,1.1192001721391514,0,2
477312,7.0,0.4694312963801886,0.5894005363874906,0.4344526449814166,1.0058141152526048,1.1209675335279694,0,2
477440,7.0,0.45823929215677167,0.6105998517463342,0.44788695572657305,1.0065462378831733,1.1216572128680045,0,2
477568,7.0,0.49268938259064987,0.6330004611387059,0.47598140195841515,1.007397565508174,1.1521758428977762,0,2
477696,7.0,0.4590731442193752,0.637229387410081,0.44261899310578284,1.007518937742366,1.1386374706396203,0,2
477824,7.0,0.4218812076772894,0.6086232194648284,0.48141281737177427,1.0064243726825695,1.1188657453548365,0,2
477952,7.0,0.4259657162638986,0.5966055039608928,0.504552252943198,1.006058404837703,1.1588918864611935,0,2
478080,7.0,0.4885729577544515,0.6057086491571925,0.5104628010009293,1.0065462378831733,1.1261556754718285,0,2
478208,7.0,0.5173391740744996,0.5893711304735691,0.4877203892138169,1.0059362912021022,1.1418079302192354,0,2
478336,7.0,0.502416935109421,0.6046992217134995,0.448946462916398,1.0063024454959635,1.1425513836753953,0,2
478464,7.0,0.48230429290880916,0.6234814849145468,0.4785986234926234,1.0070330804540046,1.1509100416338998,0,2
478592,7.0,0.46379848058645146,0.5821963970722991,0.41449959109920814,1.0054472126958651,1.1548140800616107,0,2
478720,7.0,0.44736905027744306,0.5874158002556369,0.3443465894355738,1.0055695760821457,1.1052182756723812,0,2
478848,7.0,0.4568085683604765,0.5839779177602745,0.3905487060615072,1.0054472126958651,1.10400626716067,0,2
478976,7.0,0.46141324894169766,0.5697823657286113,0.4586471480596608,1.0049571318736141,1.0885008640478377,0,2
479104,7.0,0.4716313727964678,0.5563269191079433,0.4357334671470269,1.0049571318736141,1.1000696442319402,0,2
479232,7.0,0.4713047163147675,0.5573271527496854,0.448030305984293,1.0049571318736141,1.110696106484648,0,2
479360,7.0,0.43938368313932874,0.5693771141898344,0.44792914576328546,1.0054472126958651,1.1242967995984174,0,2
479488,7.0,0.48466207625299207,0.5716649291965362,0.42916114463170835,1.0053247866650505,1.1178843574341903,0,2
479616,7.0,0.4797996592229742,0.5930581540298071,0.39651524398540217,1.0058141152526048,1.1209629422302696,0,2
479744,7.0,0.4794280996421804,0.6012695920690213,0.4140451227312822,1.0061804562416374,1.14633339916068,0,2
479872,7.0,0.47322219916116914,0.5851339072996377,0.44309516135241617,1.0058141152526048,1.1151916644431683,0,2
480000,7.0,0.4958075408430061,0.5959579250451987,0.3671674237401589,1.006058404837703,1.1124606520834108,0,2
480128,7.0,0.5134304999016998,0.5997294881791615,0.4307904895263629,1.006058404837703,1.1397846668009624,0,2
480256,7.0,0.5227953678424404,0.5997420761489806,0.4191999230921637,1.006058404837703,1.1317462371215414,0,2
480384,7.0,0.5426278126759733,0.5944788351090285,0.44241478212449864,1.006058404837703,1.1427416725046189,0,2
480512,7.0,0.44231223192275443,0.5955439058610136,0.4737512305461493,1.0059362912021022,1.138073451466777,0,2
480640,7.0,0.47604467993185506,0.5932472660912239,0.5445958119123775,1.0058141152526048,1.1348135221763396,0,2
480768,7.0,0.47558876790944105,0.5913810543606128,0.5111382842862143,1.0058141152526048,1.1230338882720097,0,2
480896,7.0,0.4902590154720966,0.584976542433025,0.493724546307813,1.0059362912021022,1.1490504475811631,0,2
481024,7.0,0.48844702281533925,0.5778232466622921,0.49522122607071317,1.0058141152526048,1.1521674776099586,0,2
481152,7.0,0.4734927055403236,0.5819151005046337,0.4612723390905526,1.006058404837703,1.1333016004258902,0,2
481280,7.0,0.46324345324218996,0.5863450888453517,0.4649342095137662,1.0063024454959635,1.152881982641393,0,2
481408,7.0,0.4581568862321325,0.5777157078320482,0.4579766006503954,1.006058404837703,1.131560016375385,0,2
481536,7.0,0.46388007829957484,0.5834291858667746,0.48331204914563974,1.0059362912021022,1.1363683797829172,0,2
481664,7.0,0.4532967617218234,0.5958411710837072,0.5181844653791478,1.0063024454959635,1.1366394169501493,0,2
481792,7.0,0.4462669221993086,0.5834876665037096,0.4959465181914532,1.0059362912021022,1.1448389667627634,0,2
481920,7.0,0.4557504580583781,0.5712269567437668,0.47103615385992487,1.0056918769068104,1.1413009966224257,0,2
482048,7.0,0.5115741910902079,0.5812970051348908,0.47096527447278175,1.0055695760821457,1.139838176271851,0,2
482176,7.0,0.5211058055146466,0.5790613535933733,0.5112527916494618,1.0053247866650505,1.133353156063538,0,2
482304,7.0,0.5129915290555838,0.5709240617792459,0.44271869964918,1.005079746337278,1.124053415936197,0,2
482432,7.0,0.45847131051958584,0.5721017409725664,0.44598883601409633,1.0053247866650505,1.140202474928987,0,2
482560,7.0,0.47378100295977726,0.5917317497171152,0.4582993261693138,1.0058141152526048,1.121029548789521,0,2
482688,7.0,0.4687136173750128,0.5925024232751566,0.44882040432703707,1.0058141152526048,1.1185435116393985,0,2
482816,7.0,0.46336308026832285,0.5980231963647213,0.424199874524814,1.0061804562416374,1.1277469919313252,0,2
482944,7.0,0.4738741571389923,0.5985206967140063,0.4604538890362145,1.0063024454959635,1.1506262458738783,0,2
483072,7.0,0.5248413183593291,0.602195468361479,0.4754236967150748,1.0064243726825695,1.1458798679683881,0,2
483200,7.0,0.5271262756147819,0.5968135894725606,0.5385054621762945,1.006058404837703,1.1440866225670867,0,2
483328,7.0,0.5142053029018655,0.5983754567570126,0.49933457979160056,1.006058404837703,1.13342560455714,0,2
483456,7.0,0.4729452466207133,0.5956134161831407,0.4509708152564578,1.0059362912021022,1.111350139296067,0,2
483584,7.0,0.4593752559899294,0.5940767876857143,0.47096563028192656,1.0058141152526048,1.114542811197258,0,2
483712,7.0,0.4628206657087321,0.5997394117396222,0.4493412574751674,1.0061804562416374,1.1196426901372019,0,2
483840,7.0,0.47552135533490253,0.5874811032795836,0.41954323832061813,1.0058141152526048,1.1067674886437897,0,2
483968,7.0,0.4998455228950325,0.59916517945144,0.4318203278434083,1.0061804562416374,1.126045458956025,0,2
484096,7.0,0.4717950851608181,0.5873122303572647,0.40361329754758796,1.0055695760821457,1.1071717372956686,0,2
484224,7.0,0.4753592116042639,0.5833391213839044,0.4074413933363763,1.0054472126958651,1.1077136094260873,0,2
484352,7.0,0.4510287911940009,0.6058502530983851,0.45283785680402433,1.0063024454959635,1.11475119192672,0,2
484480,7.0,0.4565355559500888,0.598841838446967,0.4794153017825435,1.006058404837703,1.1221483612555034,0,2
484608,7.0,0.4504731840793581,0.5950614692496582,0.48698945432134816,1.006058404837703,1.1360971755937095,0,2
484736,7.0,0.45971953757205086,0.5919241518526437,0.45703276704953594,1.0061804562416374,1.1325644130813108,0,2
484864,7.0,0.49077036062655577,0.5761521805737739,0.4539100199327416,1.0056918769068104,1.148555167148265,0,2
484992,7.0,0.5281567995563345,0.5783392996520972,0.45381326219973805,1.0056918769068104,1.1289061575157493,0,2
485120,7.0,0.5283553760380606,0.591349558675267,0.46572357172552176,1.006058404837703,1.147999312468397,0,2
485248,7.0,0.49124588682708686,0.5869338049126093,0.4844024897434548,1.0058141152526048,1.1267903110703072,0,2
485376,7.0,0.45313824498435296,0.594977160316966,0.456608807150843,1.006058404837703,1.119836286971527,0,2
485504,7.0,0.4504490799925682,0.5881391126248086,0.4605648828071409,1.0059362912021022,1.1261909652482447,0,2
485632,7.0,0.4778017278104277,0.5849246682740601,0.44710088268146697,1.0058141152526048,1.1239301770145815,0,2
485760,7.0,0.48283611449330854,0.5651456067836759,0.47626829135987625,1.0054472126958651,1.1424509919107182,0,2
485888,7.0,0.47977274891918487,0.5608482083445149,0.47642223086505014,1.0054472126958651,1.1424133135128054,0,2
486016,7.0,0.4856634614781126,0.5714782807062733,0.4561244880529337,1.0056918769068104,1.1172710867242102,0,2
486144,7.0,0.48318085274702055,0.5724642433470682,0.4779103520710911,1.0056918769068104,1.1269696857429534,0,2
486272,7.0,0.4760299162332556,0.5875269734306366,0.46899465917084443,1.006058404837703,1.117367868578088,0,2
486400,7.0,0.4456142378429445,0.5767166068037414,0.4475298186262606,1.0055695760821457,1.1190682103451954,0,2
486528,7.0,0.4577210502688924,0.566366508917453,0.4551616574553351,1.0049571318736141,1.1253150342003546,0,2
486656,7.0,0.47003672486709114,0.5688431461450447,0.4370995894304915,1.0049571318736141,1.119963010529286,0,2
486784,7.0,0.4757844649407776,0.5649999281368843,0.46725189167601683,1.0048344544320031,1.1226219063268068,0,2
486912,7.0,0.4989495620344688,0.5862526575916011,0.47528259439213966,1.0055695760821457,1.1262947494389604,0,2
487040,7.0,0.4988192643924957,0.5861182725426956,0.4978095198807386,1.0058141152526048,1.1289883273495462,0,2
487168,7.0,0.4739962998778291,0.5936614716565519,0.4891610536032156,1.0061804562416374,1.133172085313976,0,2
487296,7.0,0.47870345143400417,0.5938683097352468,0.5129918970771612,1.0063024454959635,1.1458870742316218,0,2
487424,7.0,0.4720078404543313,0.5762458042158286,0.49786528793754664,1.0058141152526048,1.1374331591809006,0,2
487552,7.0,0.4891197552519829,0.5926377897741014,0.4950264614351392,1.0061804562416374,1.1571304809738554,0,2
487680,7.0,0.49191921946709666,0.5842370458709392,0.48674334460875474,1.0058141152526048,1.1382849437214437,0,2
487808,7.0,0.46994565220734125,0.5827938873680654,0.4627697870685305,1.0058141152526048,1.1331280392187462,0,2
487936,7.0,0.4870120322501675,0.6040971488504175,0.4864566488660528,1.0065462378831733,1.1513939604791434,0,2
488064,7.0,0.473378811561355,0.6005300861329275,0.500755399486558,1.0065462378831733,1.1321103110273754,0,2
488192,7.0,0.4779790139772434,0.6057673767019385,0.49014209467109504,1.0067897826523997,1.1499396629972112,0,2
488320,7.0,0.4606672299563377,0.6068960943683729,0.528457286844516,1.0066680411793234,1.1359179149987302,0,2
488448,7.0,0.44609539105170193,0.5913765563297044,0.5260630130184472,1.006058404837703,1.1431413029924302,0,2
488576,7.0,0.4531371801870348,0.5830941067886924,0.4880847544007501,1.0059362912021022,1.1327044572915903,0,2
488704,7.0,0.4489629681829008,0.5825364102998766,0.4772297707137234,1.0059362912021022,1.1252141109497988,0,2
488832,7.0,0.46026230921880745,0.597229115628035,0.468975502548723,1.0064243726825695,1.1344501761490233,0,2
488960,7.0,0.4591628239738038,0.5854823582410978,0.4553682823261848,1.0061804562416374,1.1075181874129476,0,2
489088,7.0,0.4659782170415138,0.5846379927496514,0.4581922315422027,1.006058404837703,1.1178549224073075,0,2
489216,7.0,0.4573665322913703,0.5772418644729006,0.3857788243193827,1.0056918769068104,1.0986236498573279,0,2
489344,7.0,0.46870968137228425,0.5567276846669769,0.36833997546923547,1.005079746337278,1.1119199682146168,0,2
489472,7.0,0.4637803415544988,0.5776642173351062,0.41675969095481447,1.0056918769068104,1.1195391862555515,0,2
489600,7.0,0.47464906515314437,0.588513707026882,0.40536148653405996,1.0061804562416374,1.1272879951029764,0,2
489728,7.0,0.47157747499128494,0.6141907737110563,0.44625126611459176,1.0069114623836124,1.1282126110750503,0,2
489856,7.0,0.4707035922445531,0.6163056033267031,0.4564197900573682,1.0070330804540046,1.138977020291849,0,2
489984,7.0,0.4752427615446854,0.608038569118883,0.46385285656668956,1.0066680411793234,1.1557296097586804,0,2
490112,7.0,0.4811020272532565,0.6002738182968761,0.497070479441594,1.0063024454959635,1.146658453432155,0,2
490240,7.0,0.4770087501128918,0.5828317992272184,0.4695313742192489,1.0058141152526048,1.117228852428301,0,2
490368,7.0,0.45788063547760666,0.5867074211380906,0.4479863149068838,1.0059362912021022,1.118254006854205,0,2
490496,7.0,0.4442020978057987,0.5916872426667454,0.4254092131395215,1.006058404837703,1.111197249305328,0,2
490624,7.0,0.4444498595780051,0.5969773435219548,0.40840882438909004,1.0063024454959635,1.1233836774864594,0,2
490752,7.0,0.4443028620933246,0.6018685754232158,0.39294128051796384,1.0065462378831733,1.1277535883018608,0,2
490880,7.0,0.45028756249323865,0.599829190465918,0.44827554088715543,1.0065462378831733,1.1393431947610753,0,2
491008,7.0,0.47087757507523054,0.5936689318852663,0.46640629162548597,1.0063024454959635,1.1525466229514296,0,2
491136,7.0,0.4931615009183555,0.5875604188461659,0.4536382159177633,1.0063024454959635,1.1247208952547856,0,2
491264,7.0,0.48472000840424756,0.5933496615363331,0.46341091771457293,1.0061804562416374,1.1182993751337862,0,2
491392,7.0,0.4699792843917193,0.5786226428100997,0.4405586311473837,1.0056918769068104,1.105898462005511,0,2
491520,7.0,0.45397987265780015,0.58591939006031,0.43763896645465855,1.0059362912021022,1.122974709807786,0,2
491648,7.0,0.46696488900201694,0.580852879259348,0.415012149909645,1.0058141152526048,1.1150340746727458,0,2
491776,7.0,0.4684728203410486,0.5620784204552483,0.41082209884463716,1.0055695760821457,1.1265105718000994,0,2
491904,7.0,0.477063592012089,0.5769036937252808,0.4422713728244781,1.0058141152526048,1.1307442692024312,0,2
492032,7.0,0.49469123186548386,0.5520013078516554,0.45492643183864345,1.0049571318736141,1.1077032117425873,0,2
492160,7.0,0.4969360765433957,0.5643546659749887,0.4575415586549031,1.0049571318736141,1.113703319056184,0,2
492288,7.0,0.4939499924487999,0.5806968638707851,0.4144224365576627,1.0053247866650505,1.1091377971194276,0,2
492416,7.0,0.4791407011382426,0.583325654666967,0.39292532368163696,1.0054472126958651,1.1086182886656821,0,2
492544,7.0,0.47488681847649555,0.6099942585423482,0.4168517868308209,1.0064243726825695,1.1180794282638324,0,2
492672,7.0,0.48468044138696964,0.6121080941952936,0.49728508771598756,1.0065462378831733,1.1438430032856928,0,2
492800,7.0,0.4808758120742173,0.5964926673615298,0.5067906485538116,1.006058404837703,1.1408858746322221,0,2
492928,7.0,0.44342978758718044,0.5810976283927052,0.47187723359868294,1.0055695760821457,1.1321913761938969,0,2
493056,7.0,0.43961426204606663,0.5719168929236621,0.4492629036846973,1.005079746337278,1.1065056798113337,0,2
493184,7.0,0.4751065334550637,0.5669980834198638,0.42336833361978865,1.0048344544320031,1.1088317506228722,0,2
493312,7.0,0.5091904117383146,0.5871097806501434,0.37180840079060035,1.0055695760821457,1.1096695153928966,0,2
493440,7.0,0.5123681711439839,0.5966820798093239,0.3934299519000144,1.0059362912021022,1.1227871459538923,0,2
493568,7.0,0.5119561664142228,0.5899309750463505,0.45417712669738247,1.0058141152526048,1.1184703240597855,0,2
493696,7.0,0.5003105955464802,0.6062846073482614,0.46308511343520364,1.0065462378831733,1.1268090876716115,0,2
493824,7.0,0.5109424646730705,0.6000545864907946,0.3762345722524429,1.0061804562416374,1.1497960678656471,0,2
493952,7.0,0.4683254847122075,0.6024186976491298,0.38255013302408636,1.0063024454959635,1.1242511371825628,0,2
494080,7.0,0.4824096333320399,0.5982517185333582,0.42107373847446,1.006058404837703,1.1262360574810448,0,2
494208,7.0,0.49659207950155204,0.5710444783320107,0.42646374272295445,1.0052022979066102,1.0971635421880988,0,2
494336,7.0,0.4149692190255401,0.5587898308164819,0.5020802530183378,1.0049571318736141,1.1086538713982497,0,-1
494464,7.0,0.3745515820906414,0.5179474871768698,0.4036919370782051,1.0039739418975728,1.0920010684021302,1,-1
494592,7.0,0.36882565122608335,0.5132560970458099,0.35934228368456145,1.004097062540836,1.0844532766411967,1,-1
494720,7.0,0.36799720664844043,0.5363614723780258,0.4038241195003364,1.0047117139286545,1.1024353730577077,1,-1
494848,7.0,0.39680414002281456,0.5780641553507161,0.4526845307960473,1.0055695760821457,1.1245574548587014,0,2
494976,7.0,0.48066998909548586,0.6082335575618509,0.4156719262403672,1.0064243726825695,1.1156222693588165,0,2
495104,7.0,0.46635606147049674,0.5997724999924017,0.41901755831976106,1.006058404837703,1.099578640541266,0,2
495232,7.0,0.4714228161827404,0.61564244150829,0.39369872840424375,1.0066680411793234,1.1074656905556972,0,2
495360,7.0,0.45832461461760593,0.5931999924880286,0.34761546284540923,1.0058141152526048,1.1059462490084186,0,2
495488,7.0,0.4654564597862184,0.5786142588041028,0.3911876496368641,1.0053247866650505,1.1219954035213975,0,2
495616,7.0,0.44726700278448167,0.5999480631788924,0.3434748801373021,1.006058404837703,1.1365897520685386,0,2
495744,7.0,0.4652899956037383,0.5904396984629259,0.35773099973403966,1.0056918769068104,1.083823380744029,0,2
495872,7.0,0.468156662646837,0.6019350148085979,0.41090818164501647,1.0061804562416374,1.106261559557427,0,2
496000,7.0,0.471403260580702,0.6137896052454697,0.4352802601432638,1.0066680411793234,1.1106580590067665,0,2
496128,7.0,0.48056259723480416,0.5995472066697886,0.4693021209742453,1.006058404837703,1.1319716750459121,0,2
496256,7.0,0.5140130925616563,0.5863166687931308,0.5083345621700581,1.0055695760821457,1.1475173498422713,0,2
496384,7.0,0.5051232348950299,0.5627028815434365,0.4541369683911758,1.0049571318736141,1.130168236482344,0,2
496512,7.0,0.4821711314133542,0.5549813027606665,0.46774673113222875,1.0047117139286545,1.139021160367094,0,2
496640,7.0,0.4381198361996118,0.5699906960397609,0.4837369336728304,1.005079746337278,1.1391144008456406,0,2
496768,7.0,0.45917176071729504,0.5806059944097492,0.47931097614680734,1.0053247866650505,1.1118328055595654,0,2
496896,7.0,0.4664837048935445,0.6039858062758205,0.4700276998206624,1.0063024454959635,1.1247175816493555,0,2
497024,7.0,0.4534513303380672,0.5922396138441485,0.43582157058875826,1.0061804562416374,1.1344871525180036,0,2
497152,7.0,0.495393586243193,0.5738154358470952,0.4060734983816244,1.0054472126958651,1.1157530240978857,0,2
497280,7.0,0.48452684066085594,0.5739463081412728,0.4361803349586451,1.0053247866650505,1.111541415943336,0,2
497408,7.0,0.48848080341674305,0.5645398530494248,0.42771544198525985,1.0048344544320031,1.1135632009860124,0,2
497536,7.0,0.46422317187475587,0.5768636969381663,0.4234775469565116,1.0052022979066102,1.0851159842734803,0,2
497664,7.0,0.4322515224212792,0.6001285774747873,0.4247383189197392,1.006058404837703,1.1005107631592,0,2
497792,7.0,0.42565618024180624,0.5978631262351377,0.4318024544755691,1.0061804562416374,1.1049693640864284,0,2
497920,7.0,0.41670577885719984,0.5852358043662723,0.41030971119208925,1.0061804562416374,1.1235798928019616,0,2
498048,7.0,0.4579681122933737,0.5848523524368762,0.44068955712152147,1.0061804562416374,1.111756698700564,0,2
498176,7.0,0.46881648706192197,0.5730798818762519,0.42589293079826246,1.0059362912021022,1.1387769503827727,0,2
498304,7.0,0.4830669538372795,0.5867018851247316,0.4283973194141831,1.0063024454959635,1.126289923686564,0,2
498432,7.0,0.47293749678030594,0.5889549917956357,0.41207758864043853,1.0063024454959635,1.1119247954117755,0,2
498560,7.0,0.4405505737008239,0.5676168918032877,0.3890952916463523,1.0054472126958651,1.1230130815574675,0,2
498688,7.0,0.4032726607955688,0.5810095379358043,0.4010532608042709,1.0054472126958651,1.0805911712198217,1,-1
498816,7.0,0.40090929802778125,0.5609991327801287,0.390722826370961,1.0047117139286545,1.0818657168434067,1,-1
498944,7.0,0.40264472828514514,0.5617399879571323,0.40898873845986916,1.0047117139286545,1.0919322375061022,1,-1
499072,7.0,0.4214327837309536,0.5789770907972365,0.4353979506400209,1.0053247866650505,1.097581894484972,0,2
499200,7.0,0.4267858059051566,0.5771405700831607,0.41141240652096206,1.0053247866650505,1.0991447539383297,0,2
499328,7.0,0.4550136036056771,0.5881100141711827,0.40740874331673543,1.0056918769068104,1.1143245331746425,0,2
499456,7.0,0.4784004505956731,0.6024710601544085,0.38884043420221714,1.0061804562416374,1.1286537491937332,0,2
499584,7.0,0.49502806393267185,0.6014800476888724,0.4180146099189478,1.0061804562416374,1.145126428173741,0,2
499712,7.0,0.4959665911435422,0.5996363493204805,0.4493819396723404,1.0061804562416374,1.1477011298107405,0,2
499840,7.0,0.4976292726628331,0.6045612466714527,0.4733505125994442,1.0064243726825695,1.1412937591279249,0,2
499968,7.0,0.4854715064129852,0.604076025941507,0.470082341513083,1.0064243726825695,1.1348437161626272,0,2
500096,7.0,0.48452495492079145,0.6137700671257798,0.4684611019772668,1.0066680411793234,1.129235592764523,0,2
500224,7.0,0.47968460923181677,0.6120915779294609,0.33594317839401333,1.0065462378831733,1.112336837357137,0,2
500352,7.0,0.4610415618668232,0.605640220532881,0.3449594062683159,1.0063024454959635,1.111740211166147,0,2
500480,7.0,0.4831636393798878,0.5925585702358878,0.3768841627507882,1.006058404837703,1.112514838802136,0,2
500608,7.0,0.486095429998086,0.5744754065610694,0.42419039118579127,1.0055695760821457,1.0983947015829159,0,2
500736,7.0,0.4609361109727521,0.5439586983789068,0.3806271530179367,1.0049571318736141,1.10568390029823,1,2
500864,7.0,0.45044189760275016,0.538332332769508,0.3662422902433812,1.0049571318736141,1.1153882395372203,1,2
500992,7.0,0.43809694926795767,0.5641316865503788,0.3698395789991778,1.0056918769068104,1.1342638457958187,0,2
501120,7.0,0.47157691874338364,0.5790173518295474,0.45605725366164035,1.0058141152526048,1.1307740789983078,0,2
501248,7.0,0.498138895280186,0.6108390957550965,0.49150436207627696,1.0065462378831733,1.1600106586568626,0,2
501376,7.0,0.4870005928714007,0.5983942904728581,0.4571971467056134,1.006058404837703,1.1363737143755683,0,2
501504,7.0,0.4853482288720177,0.58608520805072,0.4333777721416529,1.0055695760821457,1.1282486765152457,0,2
501632,7.0,0.44276644555359285,0.5904915948195053,0.4319435531421268,1.0056918769068104,1.1231967030169638,0,2
501760,7.0,0.4294246347389304,0.5826616319183412,0.48751326831184866,1.0054472126958651,1.0928089458232273,0,-1
501888,7.0,0.44454438620266573,0.5936545102889262,0.48176198628770195,1.0058141152526048,1.1158907337166846,0,2
502016,7.0,0.46773091743381634,0.5813100773517359,0.5279852440488171,1.0054472126958651,1.1125392639058342,0,2
502144,7.0,0.4625204883101795,0.5770694109751668,0.5040667381488,1.0055695760821457,1.1125826324670052,0,2
502272,7.0,0.4486621971423627,0.5708390118222635,0.5099845622082552,1.0053247866650505,1.104566907324556,0,2
502400,7.0,0.45229836796972245,0.5770068263317368,0.54280445235398,1.0054472126958651,1.1082738920992687,0,2
502528,7.0,0.4941408929172644,0.5789946018634134,0.5518619158294629,1.0054472126958651,1.1103588725907316,0,-1
502656,7.0,0.49671869943052166,0.5641726167292092,0.5461009009990941,1.0049571318736141,1.1133609745754,0,-1
502784,0.0,0.46817131207072965,0.5667256131831379,0.5101827436409883,1.0052022979066102,1.1218678841955827,0,-1
502912,0.0,0.46049224623696444,0.551830328144464,0.4963588253482372,1.0048344544320031,1.121850371495424,0,-1
503040,0.0,0.45423613808704655,0.5396590516630236,0.44541428296895164,1.004588910279602,1.1147582204362478,0,-1
503168,0.0,0.38492647769541494,0.5213308639364038,0.40212825322946383,1.0043431132076361,1.1150368326092184,0,-1
503296,0.0,0.39697407713272925,0.539481716269955,0.4181799715468933,1.004588910279602,1.1307000219912127,0,-1
503424,0.0,0.3964624427161782,0.5384826293430646,0.4022995001346052,1.0047117139286545,1.1247255136114978,0,-1
503552,0.0,0.39833016409069877,0.56534379654325,0.47186483285247455,1.0053247866650505,1.130272811869284,0,-1
503680,0.0,0.4011157471355739,0.5742606609301901,0.506679107804142,1.0055695760821457,1.1435449202151975,0,-1
503808,0.0,0.39727053657951933,0.5744254004093426,0.5054620053147358,1.0055695760821457,1.1496700673184006,0,-1
503936,0.0,0.4290834522410386,0.5790074450221679,0.4997977895375809,1.0056918769068104,1.1310858951033014,0,-1
504064,0.0,0.4109869645938934,0.5722208370930032,0.5034087848479486,1.0055695760821457,1.1147127662445,0,-1
504192,0.0,0.4555167236544297,0.5897891275361684,0.5144980480182544,1.006058404837703,1.1356586739873487,0,-1
504320,0.0,0.4860513497688927,0.5953383005781977,0.5498012689116738,1.006058404837703,1.1329584271283455,0,-1
504448,0.0,0.5049112105067173,0.6046777464200289,0.5564510515970751,1.0063024454959635,1.1429843623334293,0,-1
504576,0.0,0.510592871209365,0.6089998686436553,0.5499900638824826,1.0064243726825695,1.1564380348053898,0,-1
504704,0.0,0.5067953159080567,0.605926430244112,0.5425775637765615,1.0063024454959635,1.140143154173066,0,-1
504832,0.0,0.4991878255965154,0.6092211818655147,0.5453399746548621,1.0064243726825695,1.1478464472991976,0,-1
504960,0.0,0.5122635283222801,0.6057761352848695,0.4846559060326059,1.0063024454959635,1.1513318117281113,0,-1
505088,0.0,0.48718167366717174,0.6016808255718991,0.46371866091692016,1.0061804562416374,1.1488426644130791,0,-1
505216,0.0,0.487131081406089,0.5924678313215693,0.4618180446592962,1.0058141152526048,1.1250217853923372,0,-1
505344,0.0,0.4872613351048788,0.5920475350390944,0.4795957917913952,1.0059362912021022,1.12528521184597,0,-1
505472,0.0,0.4654935126920607,0.5950169207117995,0.5398406675901789,1.0059362912021022,1.120864187983345,0,-1
505600,0.0,0.4421465728340993,0.6024710601544087,0.5553620228120776,1.0061804562416374,1.1381657939966336,0,-1
505728,0.0,0.4654629573830438,0.5959851513636243,0.53532425934203,1.0059362912021022,1.1393455663926315,0,-1
505856,0.0,0.4721255377623742,0.5899869056822632,0.5639589000825879,1.0058141152526048,1.1438159063922673,0,-1
505984,0.0,0.49396316924611905,0.5724912457301268,0.5306670265328125,1.0052022979066102,1.1242299233486712,0,-1
506112,0.0,0.4735846124306306,0.5766393398349348,0.500431310382296,1.0053247866650505,1.1216342155137402,0,-1
506240,0.0,0.41768084696685653,0.599568349563402,0.5105199001814025,1.006058404837703,1.1157762847204435,0,-1
506368,0.0,0.4001582046737942,0.5988830356545229,0.4813009300920202,1.006058404837703,1.1235707709376883,0,-1
506496,0.0,0.43062898236443115,0.6190400386412277,0.4989435882300098,1.0067897826523997,1.138186141061403,0,-1
506624,0.0,0.5015093437089495,0.6123613876188005,0.5049282847047358,1.0065462378831733,1.1482574021097618,0,-1
506752,0.0,0.47615137150361214,0.612874935866928,0.5126674517388782,1.0065462378831733,1.135233172960875,0,-1
506880,0.0,0.5068546931061602,0.6029893813096349,0.5213862418166135,1.0061804562416374,1.136195548010471,0,-1
507008,0.0,0.4770920200488357,0.5820222517854547,0.27308070476286067,1.0054472126958651,1.1169632302343535,0,-1
507136,0.0,0.40782046466572713,0.5697242565168739,0.265573248443281,1.0049571318736141,1.09179133545677,0,-1
507264,0.0,0.42961207193809475,0.5595463966911974,0.33081032940983,1.004588910279602,1.100735224764347,0,-1
507392,0.0,0.44292468729999995,0.5661425711423167,0.34962948077819445,1.0049571318736141,1.0988809979375076,0,-1
507520,0.0,0.4837863616562537,0.5573282564506867,0.35138934209333367,1.005079746337278,1.1042965641475897,0,-1
507648,0.0,0.46977774118542515,0.5465813203622326,0.3662207120219875,1.0049571318736141,1.1171143790206828,0,-1
507776,0.0,0.4384377701159468,0.5153562521290677,0.3239942659472775,1.0042201196159057,1.1094506998556808,1,-1
507904,0.0,0.4660504223873328,0.4993190749246614,0.35520998070774223,1.0036041977073993,1.1279567291809953,0,-1
508032,0.0,0.45995438443389397,0.5008049959558604,0.30591034770532644,1.0039739418975728,1.1062425413415546,1,-1
508160,0.0,0.4432627911248642,0.5302022932498709,0.36552386743055987,1.004588910279602,1.1230604235807558,0,-1
508288,0.0,0.4775275144971996,0.5545021028346018,0.4287734701382723,1.0049571318736141,1.1118667932873043,0,-1
508416,0.0,0.49112160209876393,0.568193176300766,0.42529761845489344,1.0053247866650505,1.1075084252628384,0,-1
508544,8.0,0.4902968167579925,0.5614214348194573,0.42123366852503286,1.0049571318736141,1.1100599518570893,0,2
508672,8.0,0.4545699558835143,0.5389983492898938,0.42319049926888314,1.0043431132076361,1.104516669924445,1,-1
508800,8.0,0.41841035136346105,0.5275656641007777,0.39017078637541974,1.0042201196159057,1.1047925465087214,1,-1
508928,8.0,0.43882873372800707,0.50252138683598,0.3500393441426921,1.0037275095661569,1.0959781097208128,1,4
509056,8.0,0.4784965848335149,0.5028896949626097,0.3302835698356177,1.0038507576010838,1.1030219380237347,1,4
509184,8.0,0.4310174550533254,0.48412054218587974,0.26833740318245614,1.0037275095661569,1.0853211309930193,1,4
509312,8.0,0.46051481932629645,0.4678975349645493,0.2560531131063911,1.0034808219392384,1.0921372924762875,1,4
509440,8.0,0.3857113129368323,0.4762790113102233,0.23752348397297987,1.0032338783315098,1.0770062492150512,1,4
509568,8.0,0.4663073415430122,0.47737589927531954,0.2381398045034233,1.0032338783315098,1.0849115539432908,1,4
509696,8.0,0.45525101911280746,0.4968701198505325,0.24628589381675747,1.0034808219392384,1.084529283212948,1,4
509824,8.0,0.4517553586599527,0.49851688087853957,0.22419562926501352,1.0034808219392384,1.077920679247099,1,4
509952,8.0,0.36931222798327096,0.4651512409360735,0.2130728951841196,1.0029866780547583,1.077492222460727,1,4
510080,8.0,0.3736090081504177,0.4612779880741868,0.20904863436701865,1.0029866780547583,1.08968822735753,1,4
510208,8.0,0.3681693105515058,0.44753575053786954,0.20107649940779315,1.0028629814496335,1.079176508691112,1,4
510336,8.0,0.35780988496581745,0.4438401911221698,0.1963370531404112,1.0027392204178478,1.0668126890296437,1,4
510464,8.0,0.32762789238116347,0.46244589900665306,0.20537126696015084,1.0029866780547583,1.084982646541798,1,4
510592,8.0,0.327543425860638,0.43734212226814523,0.2058859789590456,1.0026153948725502,1.0741993017003426,1,4
510720,8.0,0.3821281951343876,0.4785027875714178,0.23944937368747612,1.003110310319889,1.0827531213250434,1,4
510848,8.0,0.38613222383469,0.47765494658803825,0.23452774925292566,1.0033573821759203,1.082941505975555,1,4
510976,8.0,0.4140487619922648,0.46742224819386724,0.23802786902247422,1.003110310319889,1.0731313925526953,1,4
511104,8.0,0.3983302925851652,0.4768756477442752,0.23053551812405065,1.003110310319889,1.0700086899992014,1,4
511232,8.0,0.3873527279034893,0.43178020487909585,0.19934711588098977,1.0024915047267045,1.0599451656508805,1,4
511360,8.0,0.3481120898724619,0.44567285726988143,0.17151371938357235,1.0026153948725502,1.068961939081565,1,4
511488,8.0,0.3683454771397711,0.4604657193042817,0.19143802946982338,1.0028629814496335,1.071462875068679,1,4
511616,8.0,0.3819837459864099,0.4501518547250795,0.1881527327530085,1.0027392204178478,1.0573873488924062,1,4
511744,8.0,0.4021192042192748,0.47169848120133784,0.18831403128093555,1.0029866780547583,1.056897579171492,1,4
511872,8.0,0.38064788922441123,0.4666456732528813,0.2030612662156616,1.0029866780547583,1.064659595274479,1,4
512000,8.0,0.340792344722513,0.47298827819602124,0.17809818437206312,1.0032338783315098,1.0558677560063598,1,4
512128,8.0,0.31976429197169787,0.48398591240248867,0.16445137345686045,1.0034808219392384,1.0595606730737366,1,4
512256,8.0,0.3129259657264269,0.46460174129596826,0.13667402600435,1.0032338783315098,1.0598863925452047,1,4
512384,8.0,0.31894450728383117,0.4536758904787055,0.16210200396660546,1.0028629814496335,1.0705886608618291,1,4
512512,8.0,0.35124320929318764,0.4409352345527397,0.18491400963743895,1.0027392204178478,1.0550908242319565,1,4
512640,8.0,0.3512366437626984,0.4306487016150341,0.17513808315054388,1.0024915047267045,1.0595131982563537,1,4
512768,8.0,0.36843382747290354,0.46776236085001777,0.18393576214849572,1.003110310319889,1.079264024748603,1,4
512896,8.0,0.3933969798936322,0.49947594456898553,0.1948188618682854,1.0036041977073993,1.0701302443580356,1,4
513024,8.0,0.4074134376449785,0.5092025261551026,0.21609918679265347,1.0037275095661569,1.0682138975906799,1,4
513152,8.0,0.3945147652416537,0.512759018726553,0.2325374920122577,1.0037275095661569,1.0650014632923237,1,4
513280,8.0,0.40833975381635934,0.48493977902068375,0.2222729122279327,1.003110310319889,1.062088925352094,1,4
513408,8.0,0.3960130589410972,0.46199431431264393,0.22877714151487272,1.0027392204178478,1.0563188028742445,1,4
513536,8.0,0.425593416076522,0.4543564167422769,0.24622678585967436,1.0026153948725502,1.0687209036759893,1,4
513664,8.0,0.42073076276982285,0.464516732411612,0.23790221005949796,1.0028629814496335,1.0813344775022644,1,4
513792,8.0,0.4197205061193705,0.48290199149385954,0.2213646568985772,1.0033573821759203,1.0717287018873902,1,4
513920,8.0,0.35261139372377753,0.48896808398739344,0.22988093882991184,1.0037275095661569,1.0644353520244556,1,4
514048,8.0,0.3614431127979506,0.4871136149610739,0.23076858085024643,1.0037275095661569,1.0714573284866489,1,4
514176,8.0,0.42380325152290693,0.5132640880374821,0.2758561834546589,1.0042201196159057,1.0917103283064609,1,4
514304,8.0,0.44997445216399307,0.5084894170237861,0.30960433459648423,1.0039739418975728,1.0747754169756536,1,4
514432,8.0,0.4547386439890389,0.5124526664889792,0.30495015008386106,1.0037275095661569,1.0738557188742672,1,4
514560,8.0,0.4411064102579889,0.5048537311183883,0.30162268083521143,1.0036041977073993,1.0763963020021743,1,4
514688,8.0,0.3602891788223696,0.478010752985874,0.23484691110536351,1.003110310319889,1.061792286572085,1,4
514816,8.0,0.3145253364924332,0.47807351210964494,0.18801809853928922,1.0032338783315098,1.0596631630642517,1,4
514944,8.0,0.3197022939478201,0.46898184388306885,0.16813793895475374,1.0034808219392384,1.0632419696340027,1,4
515072,8.0,0.33466548728376616,0.47652155481448394,0.1657230972016459,1.0036041977073993,1.0820779921675456,1,4
515200,8.0,0.4225404098506027,0.47803440907754086,0.1832427466484358,1.0036041977073993,1.060763175392491,1,4
515328,8.0,0.4342795665313987,0.4685986185293773,0.2130264091045682,1.0033573821759203,1.0758647152537295,1,4
515456,8.0,0.42154095548392967,0.4680096799637097,0.23211847323116236,1.0032338783315098,1.0704527382354951,1,4
515584,8.0,0.43658753213499407,0.46120151414527255,0.2479827426994022,1.003110310319889,1.0799265080807263,1,4
515712,8.0,0.4348067710288395,0.4323498235053718,0.24048941406795155,1.0027392204178478,1.073243867796899,1,4
515840,8.0,0.42583220245184894,0.44664201420259575,0.20461210374288902,1.0029866780547583,1.0808036385849267,1,4
515968,8.0,0.37988250762492437,0.44668358963886956,0.18227365374970703,1.0029866780547583,1.0684151811145932,1,4
516096,8.0,0.34665443552489883,0.42852768554177645,0.16835978094789958,1.0028629814496335,1.07063063069512,1,4
516224,8.0,0.3474405690598519,0.4551255268718992,0.18292993644160785,1.0032338783315098,1.0694655234046362,1,4
516352,8.0,0.3501147264430831,0.42683314436355385,0.17933945541683458,1.0028629814496335,1.0706240802570215,1,4
516480,8.0,0.36046747927077405,0.43360157966683166,0.21085547605906568,1.0027392204178478,1.0751205456594248,1,4
516608,8.0,0.3907020423067025,0.46121350287911833,0.23768621580705074,1.003110310319889,1.0832207602757689,1,4
516736,8.0,0.40010163903009355,0.45570659376647854,0.2411620568168881,1.0028629814496335,1.0921649169382537,1,4
516864,8.0,0.3913532598855347,0.4778618126030436,0.2533260916664096,1.0032338783315098,1.0782326485145068,1,4
516992,8.0,0.3442221983370992,0.4818386389788939,0.22367240432574248,1.0033573821759203,1.0851317263433173,1,4
517120,8.0,0.3344355793888508,0.4707677947259239,0.2231435513142097,1.0032338783315098,1.0716176915558284,1,4
517248,8.0,0.38325007796721666,0.4648862561139365,0.20142365866744102,1.0033573821759203,1.0693858086423738,1,4
517376,8.0,0.38113169686459264,0.47838319206731755,0.2017686917294762,1.0034808219392384,1.070111509709551,1,4
517504,8.0,0.3594748507520749,0.45721857170836416,0.19563067200893464,1.003110310319889,1.065588722049184,1,4
517632,8.0,0.3239897594914795,0.45286424129823105,0.1792076457322631,1.0028629814496335,1.0803310434338325,1,4
517760,8.0,0.32200633108613325,0.45809681859387535,0.17406680030252572,1.0028629814496335,1.0661878438805876,1,4
517888,8.0,0.3232699839419681,0.44578705083326137,0.17290708400442198,1.0026153948725502,1.0682961704492129,1,4
518016,8.0,0.3464438155327879,0.4531577394523946,0.20031159034822635,1.0027392204178478,1.0717359030384415,1,4
518144,8.0,0.3660862123025663,0.4600397531951686,0.21745674683708596,1.0028629814496335,1.0641986363021687,1,4
518272,8.0,0.37059844204101083,0.45619733533223383,0.23385504134075485,1.0024915047267045,1.0706888967119987,1,4
518400,8.0,0.3857730446401405,0.4744848120333333,0.26862143205495626,1.0026153948725502,1.0665703098603856,1,4
518528,8.0,0.39256513063282616,0.4791383393878404,0.2951753715476137,1.0027392204178478,1.0638981438785902,1,4
518656,8.0,0.39961363627952984,0.47742311006190635,0.31248745408614426,1.0027392204178478,1.0677295815936503,1,4
518784,8.0,0.3848644463755553,0.4931012019913493,0.34305467773897896,1.0029866780547583,1.0682120125477397,1,4
518912,8.0,0.40410848441606134,0.487532734579204,0.2767544028634066,1.0032338783315098,1.0663572960659515,1,4
519040,8.0,0.4050548183290873,0.4891243980831793,0.2435626416410538,1.003110310319889,1.0734798717183895,1,4
519168,8.0,0.4185621515430441,0.4877648031268649,0.2635830104527104,1.0032338783315098,1.0786713506095005,1,4
519296,8.0,0.35547606723492486,0.47558381508962233,0.2300386942062276,1.0032338783315098,1.0804092453779417,1,4
519424,8.0,0.35039162399149354,0.468215533808749,0.21686510157873284,1.0029866780547583,1.0837752350667083,1,4
519552,8.0,0.36727269645345917,0.47695923662252443,0.23682009142006508,1.0032338783315098,1.0880032308458891,1,4
519680,8.0,0.42247064698119774,0.46838190448371925,0.23844510099414418,1.003110310319889,1.0860018120095936,1,4
519808,8.0,0.4173746102346493,0.47695923662252443,0.22993299310047483,1.0032338783315098,1.0739501748078344,1,4
519936,8.0,0.35420648314730235,0.4772477836604594,0.22124175448398922,1.0034808219392384,1.0791887575437298,1,4
520064,8.0,0.3646764507331274,0.48064086594050637,0.19773222682886513,1.0034808219392384,1.0865617046577838,1,4
520192,8.0,0.3602793623748294,0.48158732039066393,0.21343492799688377,1.0036041977073993,1.084000112335843,1,4
520320,8.0,0.3885257488682806,0.4817477642288944,0.21734934393712502,1.0034808219392384,1.0765289301418777,1,4
520448,8.0,0.36213467972401825,0.4677307622409496,0.22723022942333077,1.0029866780547583,1.0814676245240706,1,4
520576,8.0,0.35333441651001696,0.45949011031441755,0.23673910211755927,1.0026153948725502,1.0803208964859963,1,4
520704,8.0,0.32662759462984925,0.45448981423552365,0.22727854302721945,1.0024915047267045,1.0636312688826208,1,4
520832,8.0,0.3420096037080194,0.45619733533223394,0.23492961679105626,1.0024915047267045,1.0593850438264705,1,4
520960,8.0,0.3572428037070561,0.4500383467599079,0.25144008009988145,1.0024915047267045,1.062819110543985,1,4
521088,8.0,0.37750456423327233,0.448391742892036,0.2569702320571345,1.0026153948725502,1.0591237649428866,1,4
521216,8.0,0.3670925423995114,0.4507813286886525,0.2507051551249112,1.0026153948725502,1.0684228686556074,1,4
521344,8.0,0.35234792901423356,0.4509261923702971,0.2218755245358742,1.0027392204178478,1.0592433428299417,1,4
521472,8.0,0.32772950407088924,0.47005533654188786,0.22518561859520467,1.0028629814496335,1.0818294925110874,1,4
521600,8.0,0.3314877013104874,0.4499838124576433,0.2059341896413187,1.0027392204178478,1.0740812068264924,1,4
521728,8.0,0.3371581797720676,0.4595427670783302,0.21041122404688778,1.0028629814496335,1.0724963132815823,1,4
521856,8.0,0.30734481512511447,0.46380704934641837,0.22556925248392062,1.0027392204178478,1.0731462275088655,1,4
521984,8.0,0.3174672267869051,0.44978556565716404,0.23064522817359237,1.0026153948725502,1.0763174217240552,1,4
522112,8.0,0.34591952376866675,0.4687728585245937,0.25858443478417453,1.0027392204178478,1.0724279976376974,1,4
522240,8.0,0.34609331644481256,0.4763822409874471,0.2750825309828958,1.0028629814496335,1.081022504717423,1,4
522368,8.0,0.34670227070089243,0.46019509728263924,0.2684340437768165,1.0027392204178478,1.0688800622754193,1,4
522496,8.0,0.34533325501416773,0.48018208062453205,0.24972037596796248,1.003110310319889,1.0685368487236306,1,4
522624,8.0,0.35574608399467456,0.49329033917696874,0.2409586003163162,1.0034808219392384,1.067932158823627,1,4
522752,8.0,0.37830473019229255,0.4738636121385066,0.22120744228734335,1.0033573821759203,1.0639668780092142,1,4
522880,8.0,0.3741408539701934,0.488404328926629,0.21440299407380625,1.0037275095661569,1.080601760039307,1,4
523008,8.0,0.36447524126491204,0.49842726424607736,0.20153635719089386,1.0039739418975728,1.0810425167198026,1,4
523136,8.0,0.3315593645776335,0.46632841242073797,0.17275172260308258,1.0034808219392384,1.0601184125101577,1,4
523264,8.0,0.34160770044605687,0.46395133487110557,0.174748370856835,1.0033573821759203,1.0769985752085258,1,4
523392,8.0,0.348729063058074,0.4505805151829615,0.18381462217681863,1.0028629814496335,1.069061536923688,1,4
523520,8.0,0.3204114979489219,0.42494301540064205,0.1754349012328711,1.0023675498930893,1.0757775298790007,1,4
523648,8.0,0.4187674742623278,0.4538408221827135,0.19798129535393155,1.0024915047267045,1.085196139687158,1,4
523776,8.0,0.35368372585788405,0.47700862514458986,0.15209418276540726,1.0026153948725502,1.063516494429612,1,4
523904,8.0,0.36192598885358684,0.48164451378180306,0.18326527343151186,1.0027392204178478,1.0663905208046085,1,4
524032,8.0,0.3546875210009658,0.4938410588384726,0.18368043493340863,1.0029866780547583,1.0673961934981206,1,4
524160,8.0,0.4030617061803074,0.4846914774778334,0.19441844645352527,1.0029866780547583,1.0723027570821686,1,4
524288,8.0,0.4227029853465183,0.46951702849050586,0.2666665679411592,1.0029866780547583,1.0849334439595775,1,4
524416,8.0,0.4217359336580032,0.45510700886342276,0.25180789650556523,1.0027392204178478,1.065506839020004,1,4
524544,8.0,0.4019769599447086,0.45551060175924346,0.2559686025641963,1.0027392204178478,1.0673684338619058,1,4
524672,8.0,0.4012944889832863,0.4561101866622993,0.2562352399021102,1.0028629814496335,1.074522941443965,1,4
524800,8.0,0.37829595877840794,0.45666858264990445,0.24725827926888372,1.0029866780547583,1.0627571851635482,1,4
524928,8.0,0.35547934425739736,0.4586294579194933,0.22558588327360765,1.003110310319889,1.0821397281297347,1,4
525056,8.0,0.3430545547309735,0.4573876427437767,0.19772422976254442,1.0032338783315098,1.0859892669910878,1,4
525184,8.0,0.3200464723478318,0.45187598194426176,0.17008761717953835,1.003110310319889,1.064756942560922,1,4
525312,8.0,0.31505115700957453,0.4340051725626523,0.16445879431560156,1.0027392204178478,1.0587646337145704,1,4
525440,8.0,0.31367326226645054,0.4465003466270431,0.15382426548586847,1.0029866780547583,1.0688306360099695,1,4
525568,8.0,0.3149233962346916,0.4464359846492494,0.1545423227744066,1.0028629814496335,1.056942895417266,1,4
525696,8.0,0.314896000289448,0.4427487790136278,0.1694100659961861,1.0027392204178478,1.0672644521444934,1,4
525824,8.0,0.3375190150233627,0.47682408711256774,0.20994080853267244,1.0032338783315098,1.0676660891215406,1,4
525952,8.0,0.35085031669025346,0.4611871285210025,0.22066638328179117,1.0027392204178478,1.0805338680969574,1,4
526080,8.0,0.34166548162735055,0.45510700886342276,0.2296372184253001,1.0027392204178478,1.0695627206083411,1,4
526208,8.0,0.399069103501189,0.4708837296633654,0.24346246777619698,1.0028629814496335,1.0875394457084437,1,4
526336,8.0,0.4020974670595502,0.44931488498677125,0.21348937966429798,1.0027392204178478,1.0626986836559673,1,4
526464,8.0,0.3928668784851407,0.43837311950394414,0.204273558286388,1.0026153948725502,1.0727482750217106,1,4
526592,8.0,0.36328580923845444,0.4541378088909977,0.1944471222200695,1.0027392204178478,1.0732542611778462,1,4
526720,8.0,0.33523751817505865,0.4365763468643214,0.16261221569055323,1.0026153948725502,1.052988219924343,1,4
526848,8.0,0.31538140047584456,0.42989128227081785,0.16805910987339034,1.0024915047267045,1.0667792439002373,1,4
526976,8.0,0.35449748095497435,0.4489343714053426,0.18907815215429868,1.0027392204178478,1.062292721851162,1,4
527104,8.0,0.37750588540595703,0.42293509845720956,0.18084794912205573,1.0024915047267045,1.0644866436925668,1,4
527232,8.0,0.38210245042180346,0.4369460864514662,0.2015411620243454,1.0023675498930893,1.0604430385774888,1,4
527360,8.0,0.34222846610307056,0.49021794120665807,0.2560872420945021,1.0029866780547583,1.062257646336415,1,4
527488,8.0,0.39339445405148343,0.47934791115322756,0.27501221971072926,1.0028629814496335,1.0711106974334974,1,4
527616,8.0,0.4334826251492606,0.4980112402579638,0.31121093901815194,1.0032338783315098,1.0700146874625123,1,4
527744,8.0,0.4353039479691172,0.4969444919771903,0.264919901309424,1.0032338783315098,1.091607712458268,1,4
527872,8.0,0.411371909237863,0.4863355543475358,0.2694570838173818,1.0034808219392384,1.0643836020881317,1,4
528000,8.0,0.37853559736841846,0.49329033917696874,0.27076355606012603,1.0034808219392384,1.084937956824759,1,4
528128,8.0,0.37152508593833183,0.4934472088212928,0.24224396013128227,1.0034808219392384,1.075429913390588,1,4
528256,8.0,0.4058643493634278,0.4971600064585844,0.2539478009718245,1.0038507576010838,1.0720539898244197,1,4
528384,8.0,0.43411749996564836,0.48817766171083254,0.28994923252625854,1.0033573821759203,1.0887055008360338,1,4
528512,8.0,0.41547883496574584,0.46930173744424014,0.28157318059719005,1.0032338783315098,1.0784339777901095,1,4
528640,8.0,0.43282096885354043,0.48454718553594534,0.2970349130589545,1.0036041977073993,1.0888777526933537,1,4
528768,8.0,0.452302419829296,0.4998323306706471,0.2832755757642895,1.0037275095661569,1.087696797450999,1,4
528896,8.0,0.3794423514425034,0.5020310525622419,0.23472072096353336,1.004097062540836,1.0739836770427,1,4
529024,8.0,0.43498941857278084,0.510501413752609,0.22081138300744488,1.004097062540836,1.0986679607359215,1,4
529152,8.0,0.43166420702876257,0.4933268793138434,0.23036103944730318,1.0038507576010838,1.0819260688654686,1,4
529280,8.0,0.38423773438757913,0.4715933644101976,0.21819823299202687,1.0034808219392384,1.0776426142974151,1,4
529408,8.0,0.3569094167815096,0.45513772973819816,0.22145729390923627,1.0029866780547583,1.0920571141408406,1,4
529536,8.0,0.35935245072162386,0.45721857170836416,0.19452883577065572,1.003110310319889,1.0901108554996761,1,4
529664,8.0,0.33999737639296274,0.4626428325315692,0.20910080828813163,1.003110310319889,1.0922724116057916,1,4
529792,8.0,0.3379788402487395,0.45721857170836416,0.1993563881005942,1.003110310319889,1.0850977328512206,1,4
529920,8.0,0.3529231888531879,0.45351472180001445,0.20612139029232357,1.0029866780547583,1.074755095914858,1,4
530048,8.0,0.3921939909804524,0.43717227438610556,0.20622626530675325,1.0028629814496335,1.081531556030205,1,4
530176,8.0,0.36736034873501655,0.46258443807041627,0.19750535328713045,1.0033573821759203,1.0728724134952445,1,4
530304,8.0,0.3487865681833078,0.4669316375112521,0.18902384247606477,1.0036041977073993,1.0823445688302518,1,4
530432,8.0,0.3393918378365954,0.47280048344576603,0.1943638131263396,1.0037275095661569,1.0698423991218298,1,4
530560,8.0,0.36075482720154595,0.48117145628851765,0.20749718805233494,1.0036041977073993,1.0862131758497204,1,4
530688,8.0,0.36388232457551367,0.45452708761480837,0.20044675637264744,1.0032338783315098,1.0683500845131741,1,4
530816,8.0,0.36305273661528964,0.4629136093806297,0.20195040545623733,1.0033573821759203,1.0792408336266532,1,4
530944,8.0,0.33764181747301897,0.47803440907754086,0.20020118984293447,1.0036041977073993,1.064728558842573,1,4
531072,8.0,0.32852904315828874,0.47899060573330027,0.19243569980025954,1.0038507576010838,1.075831862128226,1,4
531200,8.0,0.3656570872636153,0.48016391400766656,0.2038420978607794,1.0037275095661569,1.0810219597491488,1,4
531328,8.0,0.39714543253748563,0.47838319206731766,0.2119802204579182,1.0034808219392384,1.0932940725921674,1,4
531456,8.0,0.39204519408949406,0.4736821658437072,0.21072755505951743,1.0034808219392384,1.067874012340224,1,4
531584,8.0,0.3779858740463714,0.46697195447323364,0.20568470050612228,1.0032338783315098,1.0951283743616247,1,4
531712,8.0,0.3335436481365942,0.4618991269795979,0.20024867919203032,1.003110310319889,1.0745128884890653,1,4
531840,8.0,0.3362606348200757,0.4561364075586802,0.1932307041052567,1.003110310319889,1.0731476042951333,1,4
531968,8.0,0.3244940117185471,0.4394058039675045,0.19024534202530552,1.0027392204178478,1.0763428415818934,1,4
532096,8.0,0.36176994073098284,0.44661922766107587,0.18648801478554436,1.0028629814496335,1.0795873148749178,1,4
532224,8.0,0.3651312937712985,0.4386719697760376,0.18485159316916447,1.0027392204178478,1.0777454428250495,1,4
532352,8.0,0.35568755237032545,0.4604081113100483,0.1984591759222024,1.0028629814496335,1.0818534193438856,1,4
532480,8.0,0.4279769284720016,0.4853990448925977,0.2599275085585242,1.0032338783315098,1.0888444129147643,1,4
532608,8.0,0.4563337704370619,0.48230485485669755,0.30087389722911995,1.003110310319889,1.0985534886387456,1,4
532736,8.0,0.4301311757008398,0.5021869523025884,0.3399936178717793,1.0033573821759203,1.0845035346333154,1,4
532864,8.0,0.4268563762996214,0.4930559389268425,0.3793849808844242,1.003110310319889,1.0873348558354394,1,4
532992,8.0,0.4256613276031295,0.4815990819466806,0.3411308561981445,1.0029866780547583,1.0713253247015366,1,4
533120,8.0,0.46013692979875453,0.47360355304198903,0.3046189733984615,1.003110310319889,1.085911912611421,1,4
533248,8.0,0.4426083274791146,0.4906141796214933,0.26591726003329064,1.0036041977073993,1.074703669570725,1,4
533376,8.0,0.42060999755509326,0.46692740387747,0.21424749584389494,1.0036041977073993,1.0867040041335787,1,4
533504,8.0,0.3797245863370303,0.4698831451722113,0.2118769618825294,1.0034808219392384,1.0691807194911431,1,4
533632,8.0,0.3858148220216892,0.5039842375942098,0.21744142940649447,1.004097062540836,1.0982306327986546,1,4
533760,8.0,0.40571867128132066,0.49859106432222294,0.2504045427918628,1.0039739418975728,1.091218207183969,1,4
533888,8.0,0.4784013825423146,0.5155162642452821,0.27916268202473105,1.004097062540836,1.1242386739536994,1,-1
534016,8.0,0.4685620348318619,0.5254453726995961,0.30953847055178396,1.0044660434007024,1.0966898729927834,1,4
534144,8.0,0.45577336659999723,0.5121074571585312,0.3192148240847206,1.0038507576010838,1.0848164895429375,1,4
534272,8.0,0.4324839120953109,0.5006472877508613,0.3429799571259362,1.0033573821759203,1.0928372903795045,1,4
534400,8.0,0.4326826792048687,0.49623932616649147,0.33554058020192457,1.0033573821759203,1.0737450207281516,1,4
534528,8.0,0.4455337199857344,0.49980481728841963,0.3169425475062299,1.0032338783315098,1.0681726588584886,1,4
534656,8.0,0.45457909384774403,0.4750176738290222,0.2973823764112192,1.0028629814496335,1.0653533611900037,1,4
534784,8.0,0.4297386615891843,0.4727484948549653,0.27564009742445283,1.0029866780547583,1.0641293332952084,1,4
534912,8.0,0.41710066649394917,0.47370693957307597,0.2802143890346002,1.0029866780547583,1.0665895097534717,1,4
535040,8.0,0.394042607683422,0.4695855982026627,0.2714215515800007,1.003110310319889,1.0723095829540776,1,4
535168,8.0,0.37353702999900107,0.481781001846657,0.288113987670217,1.0036041977073993,1.0712428426672291,1,4
535296,8.0,0.3737413336012451,0.49670492681972533,0.28659366389432644,1.0037275095661569,1.0785270929452977,1,4
535424,8.0,0.37258199906283695,0.4929596617285781,0.2663105518285545,1.0037275095661569,1.072012065677648,1,4
535552,8.0,0.37113555525151604,0.4812737075299887,0.2619774314229437,1.0033573821759203,1.0833504785592811,1,4
535680,8.0,0.33420042719084975,0.46838190448371925,0.2387881684617258,1.003110310319889,1.0818194542947979,1,4
535808,8.0,0.38281160322650404,0.4505554476209003,0.22139868852176897,1.0027392204178478,1.0739640200797345,1,4
535936,8.0,0.3689168156332122,0.45156840206649307,0.22200221582793936,1.0027392204178478,1.0722313723048753,1,4
536064,8.0,0.3633967244981245,0.4515684020664932,0.2157562565879958,1.0027392204178478,1.0736902662313113,1,4
536192,8.0,0.31409665441411083,0.46135251524163157,0.21603207753337578,1.0028629814496335,1.086297662685119,1,4
536320,8.0,0.31423555745525455,0.4645907783959287,0.21798988462961263,1.0029866780547583,1.084476020418615,1,4
536448,8.0,0.450502489270345,0.4745776730744779,0.25376465921579755,1.003110310319889,1.085668089786693,1,4
536576,8.0,0.4726658859239851,0.48892007769534845,0.2838853186841286,1.0033573821759203,1.0788227046764716,1,4
536704,8.0,0.47686147023890646,0.5019317307873546,0.30159311393660787,1.0037275095661569,1.0793976731361477,1,4
536832,8.0,0.46971149097059817,0.5048124291333846,0.30721701759874476,1.0037275095661569,1.081763348614693,1,4
536960,8.0,0.3383319691704979,0.494656386048204,0.29673396450793654,1.0036041977073993,1.0944271163626864,1,4
537088,8.0,0.38345206409198773,0.47625377921775724,0.24987155671666783,1.0034808219392384,1.0806098434730187,1,4
537216,8.0,0.38766952508488756,0.4810258877061726,0.2689538743408776,1.0032338783315098,1.083156482858365,1,4
537344,8.0,0.4250408541285168,0.4701514509054425,0.257472872180121,1.0032338783315098,1.0755386443061186,1,4
537472,8.0,0.4203010381913584,0.48019651209206454,0.27191590937436527,1.0034808219392384,1.0665876968901273,1,4
537600,8.0,0.42453450958604455,0.48300690105739613,0.3013624710837248,1.0033573821759203,1.0815058116108494,1,4
537728,8.0,0.39566152008032174,0.4668977253075316,0.25535236950317075,1.0033573821759203,1.0808308349415896,1,4
537856,8.0,0.4043777086524067,0.468843975314318,0.23988024173194203,1.0032338783315098,1.0850853379164096,1,4
537984,8.0,0.42371312826201196,0.4549875693718988,0.21791335025332667,1.0028629814496335,1.0985465448034062,1,4
538112,8.0,0.4293931413246738,0.4323402520054616,0.23253149266447246,1.0024915047267045,1.0647408816781627,1,4
538240,8.0,0.3904778223525954,0.4288731509121685,0.223324530411618,1.0024915047267045,1.0769230979624136,1,4
538368,8.0,0.3755756584254791,0.4327778529943022,0.22535364497073543,1.0024915047267045,1.0658956394793986,1,4
538496,8.0,0.34841713433816734,0.4430032213838616,0.2360867625525501,1.0027392204178478,1.0688990697963159,1,4
538624,8.0,0.37821340133630016,0.44781696373292085,0.21237872580567713,1.0029866780547583,1.0757290477650896,1,4
538752,8.0,0.37552184853731096,0.45351855932928925,0.22064250790962095,1.003110310319889,1.0721209231771909,1,4
538880,8.0,0.3863230901159527,0.47238544589540904,0.20660115041353472,1.0034808219392384,1.0741200445822905,1,4
539008,8.0,0.3740351121014969,0.4675657701059074,0.18318971156279001,1.0036041977073993,1.0699824713731123,1,4
539136,8.0,0.356351211515283,0.4823834894903185,0.21101403588291737,1.0037275095661569,1.0702141794774986,1,4
539264,8.0,0.39582278274855326,0.5063414484633783,0.24450079729776084,1.0042201196159057,1.0810639338097325,1,4
539392,8.0,0.4393043474695647,0.5128101249466196,0.2744625325025991,1.0042201196159057,1.0891223941279202,1,4
539520,8.0,0.44408033247883766,0.49390670060873865,0.2743840041471494,1.0037275095661569,1.100003684317164,1,4
539648,8.0,0.41669927529882916,0.5058352894842233,0.3108855611933314,1.0034808219392384,1.0778678419623706,1,4
539776,8.0,0.4132288556258613,0.48681961688955966,0.29792080094459517,1.003110310319889,1.0813191132934181,1,4
539904,8.0,0.4095231921426613,0.512674382516484,0.33424356617428463,1.0032338783315098,1.0691811100427138,1,4
540032,8.0,0.4345206603771449,0.522549538004699,0.3514352111138686,1.0034808219392384,1.0921794217434284,1,4
540160,8.0,0.43516457411623977,0.5214808166824654,0.3006047174920204,1.0037275095661569,1.0707771386132692,1,4
540288,8.0,0.4226009884963648,0.5195776807991802,0.27166777076666176,1.0038507576010838,1.0808032816599191,1,4
540416,8.0,0.37052624205304263,0.49730267645118903,0.2119805418841013,1.0039739418975728,1.0888017374696213,1,4
540544,8.0,0.3521436355255169,0.5090675327595042,0.19553406742871504,1.0042201196159057,1.0730050179596216,1,4
540672,8.0,0.45083333622928773,0.5398503273065466,0.2541573006825041,1.004588910279602,1.1006239315325166,1,-1
540800,8.0,0.46723029133018074,0.5415650880212466,0.2912172939737714,1.0042201196159057,1.0843764796162194,1,4
540928,8.0,0.43530185714396796,0.5456534370781471,0.3713957190171802,1.0042201196159057,1.0793173689097484,1,4
541056,8.0,0.4254940045086921,0.5428318389814103,0.406833899874478,1.004097062540836,1.0800886862281933,1,-1
541184,8.0,0.4229033292517453,0.5376894814830786,0.3621448533318426,1.0039739418975728,1.08967243329451,1,4
541312,8.0,0.47683516778854146,0.5637495277147699,0.3729521410303732,1.0048344544320031,1.1177089649798562,0,2
541440,8.0,0.48164072883615794,0.5555372490612668,0.3271724956206958,1.0047117139286545,1.096244829331774,1,-1
541568,8.0,0.4842248501806521,0.5609211736268681,0.33994238606527466,1.005079746337278,1.1030306778000454,1,2
541696,8.0,0.5062238077630911,0.5441682432692484,0.34002523570216825,1.0047117139286545,1.089090582518038,1,-1
541824,8.0,0.4544138214760923,0.510881858459501,0.3078945358192709,1.004097062540836,1.0884358373081497,1,4
541952,8.0,0.43226064859160906,0.5045073419579168,0.32264264339874554,1.0037275095661569,1.074716611350349,1,4
542080,8.0,0.3763401715217289,0.49861246220536076,0.3250308117543686,1.0034808219392384,1.0732178239658219,1,4
542208,8.0,0.4094438579749116,0.5065323684946503,0.31318234554012603,1.0036041977073993,1.0901989765906206,1,4
542336,8.0,0.4316531366482803,0.5192836608606756,0.3072980919658746,1.0038507576010838,1.0870117127505847,1,4
542464,8.0,0.4305161814382409,0.5233307530112656,0.32610253695720537,1.0042201196159057,1.086081789515795,1,4
542592,8.0,0.40219797917178246,0.5185463229780949,0.2866731294631879,1.0042201196159057,1.07417225682564,1,4
542720,8.0,0.39168035495309467,0.5257941658867293,0.3356625199777823,1.0043431132076361,1.0661465867941728,1,4
542848,8.0,0.3757754812067537,0.5169471340304164,0.31889280906192247,1.0038507576010838,1.0736956542504226,1,4
542976,8.0,0.35305650883073225,0.5142714511425207,0.2832023749064868,1.0034808219392384,1.0639626827252684,1,4
543104,8.0,0.344195926924414,0.5026482896938386,0.2673329064079715,1.0032338783315098,1.0593270043670733,1,4
543232,8.0,0.3718186178293102,0.49011935053474237,0.242064190423907,1.0029866780547583,1.070488392626479,1,4
543360,8.0,0.39687004742296333,0.4818376859173364,0.25999704512418126,1.003110310319889,1.0914734246568507,1,4
543488,8.0,0.3781381734359648,0.46750787393435206,0.26616066879100597,1.0028629814496335,1.0851949386382556,1,4
543616,8.0,0.3217159822090506,0.4574165714072477,0.2649951525937674,1.0027392204178478,1.079585111318101,1,4
543744,8.0,0.3856254686549959,0.45293019842408455,0.24599577199720465,1.0026153948725502,1.0914495419954249,1,4
543872,8.0,0.40101524378505904,0.44908432829174555,0.2559824260208972,1.0024915047267045,1.065958460482651,1,4
544000,8.0,0.39823230475255816,0.47974191009592704,0.2492223773086821,1.0032338783315098,1.0729979379295211,1,4
544128,8.0,0.40269506637432545,0.49433589746203144,0.2562583396124789,1.0034808219392384,1.067670526563155,1,4
544256,8.0,0.4032268675770727,0.5074403889309003,0.27804408281853493,1.0038507576010838,1.0866493268871997,1,4
544384,8.0,0.38906636178030096,0.5170335656867083,0.26857860883303386,1.004097062540836,1.0810060753091124,1,4
544512,8.0,0.38080564009662055,0.47602578559815056,0.2494751781762465,1.0033573821759203,1.062694456245972,1,4
544640,8.0,0.3737906410765116,0.45769322569805476,0.24733546031926962,1.0028629814496335,1.0632784705265363,1,4
544768,8.0,0.37692724615066864,0.45510700886342287,0.23165679603576816,1.0027392204178478,1.064175585434995,1,4
544896,8.0,0.36043213890419656,0.43268065485707413,0.20799159262298098,1.0024915047267045,1.0694178874724591,1,4
545024,8.0,0.360226246665452,0.4412358861631144,0.19599582010533137,1.0024915047267045,1.0642259411628727,1,4
545152,8.0,0.3515745515257709,0.46019509728263924,0.2033192854531606,1.0027392204178478,1.0697057131524728,1,4
545280,8.0,0.3446465612682737,0.45551060175924346,0.22810549151446025,1.0027392204178478,1.071612718893135,1,4
545408,8.0,0.3758245737756929,0.47005533654188786,0.26526046054654234,1.0028629814496335,1.081634482746824,1,4
545536,8.0,0.3757908379630843,0.4735682729340234,0.2654390218703817,1.0029866780547583,1.080190053397172,1,4
545664,8.0,0.3646708593942818,0.4630783123175492,0.27519331626250065,1.0029866780547583,1.0823275858581791,1,4
545792,8.0,0.4303039430000799,0.477417855144478,0.23469331739908858,1.0033573821759203,1.0827928362358505,1,4
545920,8.0,0.42693884948360494,0.48449351207459174,0.23675484377711303,1.0036041977073993,1.1023297924129247,1,4
546048,8.0,0.35313921152172817,0.4957209660313176,0.22091409683207686,1.0039739418975728,1.091425796988212,1,4
546176,8.0,0.34658277405101484,0.5162283495927619,0.20754892078863815,1.0044660434007024,1.0726720151242652,1,4
546304,8.0,0.3398774470218617,0.5023885464318564,0.18938477519559557,1.0043431132076361,1.0880263269220207,1,4
546432,8.0,0.3515262067284608,0.48930652093830784,0.19045781768125522,1.004097062540836,1.0834801079441665,1,4
546560,8.0,0.42634960248416715,0.4981153826950053,0.22092676558093025,1.0039739418975728,1.0953972923198971,1,4
546688,8.0,0.5023941358140517,0.4784810950230851,0.22654671131991475,1.0036041977073993,1.0834045653795434,1,-1
546816,8.0,0.5008821492392179,0.4931205101679715,0.26699087746355826,1.0036041977073993,1.0921915624528087,1,-1
546944,8.0,0.5031475757716423,0.5208708889116959,0.2801748951611123,1.0043431132076361,1.0917081578910857,1,-1
547072,8.0,0.5097151446107481,0.5250529691264472,0.358808950994837,1.0044660434007024,1.1114047750498945,1,-1
547200,8.0,0.4407147838398905,0.5349410603485453,0.3292399924314734,1.0044660434007024,1.0922497565753468,1,4
547328,8.0,0.40951798551110313,0.5486434306241073,0.34551628031373455,1.0044660434007024,1.0828190984114607,1,4
547456,8.0,0.42824235274041256,0.5414668948663911,0.3444434308496331,1.0042201196159057,1.086460836257986,1,4
547584,8.0,0.4257647478405645,0.5422144112849773,0.2895929610579006,1.0042201196159057,1.0646794216176083,1,4
547712,8.0,0.4075383505003146,0.54772340040214,0.35497974095606405,1.0042201196159057,1.0958859968436088,1,-1
547840,8.0,0.4155971920640818,0.5589026841735774,0.3690114967568609,1.0047117139286545,1.0851126227805759,1,-1
547968,8.0,0.4605840089215235,0.5604681790548693,0.37911833273386136,1.0047117139286545,1.1007857931850282,1,2
548096,8.0,0.4711992816094037,0.5792419048855605,0.38293293617055457,1.0055695760821457,1.1145774754010058,0,2
548224,8.0,0.46484262315441693,0.5946066453514723,0.3500471057122818,1.0061804562416374,1.1456056592233872,0,-1
548352,8.0,0.47276188666603974,0.5810371441560118,0.3339753564226257,1.0056918769068104,1.107714141860795,0,2
548480,8.0,0.483191696139962,0.5787241018641656,0.3637378777277078,1.0056918769068104,1.1026305872811077,0,2
548608,8.0,0.43874606119589804,0.5503755671620368,0.3584678623930214,1.0048344544320031,1.0918920250401831,1,-1
548736,8.0,0.4335232083758909,0.5271307893947079,0.3199528401224587,1.0042201196159057,1.0892578517614866,1,4
548864,8.0,0.4054066548043147,0.5020971343861296,0.3002617386752235,1.0037275095661569,1.1119139064320938,1,-1
548992,8.0,0.4220294647406253,0.48880297620148744,0.29658193171765795,1.0034808219392384,1.0915910658873085,1,4
549120,8.0,0.4135142097994646,0.47097558233729786,0.30465477460407214,1.003110310319889,1.0912533183368185,1,4
549248,8.0,0.3586944481597996,0.4592795895669085,0.2865860789806602,1.0027392204178478,1.0643491903304987,1,4
549376,8.0,0.34803119649351816,0.4878728472353545,0.2781757794340758,1.0032338783315098,1.0861513153922557,1,4
549504,8.0,0.34822651176566616,0.5112758200414117,0.26591736729749604,1.0034808219392384,1.0649892091474176,1,4
549632,8.0,0.383836090584295,0.5165393078666517,0.28232778516444434,1.0036041977073993,1.0861867420133609,1,4
549760,8.0,0.4327492408523216,0.5225215854783033,0.3230046963856326,1.0038507576010838,1.0775259872402776,1,4
549888,8.0,0.4491086626932711,0.5156337808483005,0.33860840782453505,1.0036041977073993,1.0680185544158705,1,4
550016,8.0,0.44108419713667524,0.5060048983870861,0.32900833863268714,1.0033573821759203,1.0802250258764956,1,4
550144,8.0,0.42977540620900867,0.504749848783139,0.3109975490630866,1.0032338783315098,1.0677348533971855,1,4
550272,8.0,0.40439061240551166,0.5096236103131254,0.2902668881074128,1.0033573821759203,1.0851740245384542,1,4
550400,8.0,0.41843009895575217,0.4977036108853123,0.2900921269837869,1.0033573821759203,1.0926575219000663,1,4
550528,8.0,0.44132407660976736,0.4853921126242678,0.30675876841288674,1.003110310319889,1.0981838003785411,1,4
550656,8.0,0.4379040642579244,0.50611093887407,0.3399833813492289,1.0034808219392384,1.0905841296357428,1,4
550784,8.0,0.4345579954470642,0.5045537356463504,0.34526303698297145,1.0032338783315098,1.0712597373182167,1,4
550912,8.0,0.43152285656374756,0.5017355147949476,0.3559041900235512,1.003110310319889,1.0795152112483148,1,4
551040,8.0,0.4013144614051074,0.4931012019913494,0.30768579124691825,1.0029866780547583,1.0757070027176863,1,4
551168,8.0,0.36797916340239906,0.4687665319737707,0.23763900148123054,1.0027392204178478,1.0823632891873776,1,4
551296,8.0,0.34085229332308953,0.4612779880741868,0.23667809105123513,1.0029866780547583,1.0741947316799536,1,4
551424,8.0,0.3473317667647659,0.47153604487744266,0.20784489921015148,1.003110310319889,1.0851652555877975,1,4
551552,8.0,0.3587114120114022,0.4920954878383152,0.21463842971454336,1.0037275095661569,1.079873049643475,1,4
551680,8.0,0.3588732324244371,0.5016508699427831,0.2214503201517594,1.0039739418975728,1.0840071142872227,1,4
551808,8.0,0.3389015306941699,0.5081697054918066,0.204556612524038,1.0042201196159057,1.0699711846819082,1,4
551936,8.0,0.3433192624608091,0.49654218346474993,0.21178809734872717,1.0039739418975728,1.0831955728049814,1,4
552064,8.0,0.3884942809701379,0.5320910608744915,0.2718720526615391,1.0039739418975728,1.0677212585060145,1,4
552192,8.0,0.43304489180271566,0.5357752082577529,0.28082235850991094,1.0038507576010838,1.0692943069543468,1,4
552320,8.0,0.3988941298291742,0.5250797670113359,0.33825464608741324,1.0034808219392384,1.070955538103916,1,4
552448,8.0,0.4104097822245288,0.5165341069407536,0.33678459562836854,1.0032338783315098,1.062321507930005,1,4
552576,8.0,0.4126136849449989,0.5225036504380923,0.2965285657917888,1.0034808219392384,1.0586261341650651,1,4
552704,8.0,0.4082839028246068,0.4953826681828105,0.3323465411553266,1.003110310319889,1.075844572702848,1,4
552832,8.0,0.4017858787244162,0.5008706382224638,0.31201581789008476,1.0033573821759203,1.068150157140173,1,4
552960,8.0,0.41837745999451353,0.4946231913009434,0.3059873985501441,1.0033573821759203,1.0868736246374724,1,4
553088,8.0,0.4062702578723126,0.4618850510628875,0.2571213090933883,1.0029866780547583,1.076382239693643,1,4
553216,8.0,0.3752093462097227,0.4618854364665083,0.22931488952135531,1.0029866780547583,1.0835163232455869,1,4
553344,8.0,0.33403777360101927,0.43905321959792815,0.19197731646514002,1.0026153948725502,1.0800185665064388,1,4
553472,8.0,0.343251437356748,0.44353845316475576,0.184907830706957,1.0026153948725502,1.088911497927915,1,4
553600,8.0,0.3418405263141523,0.435958517795687,0.17929558012971178,1.0027392204178478,1.0682858445567769,1,4
553728,8.0,0.3461655072681597,0.44603239175342874,0.1841888193620718,1.0028629814496335,1.0735724483704028,1,4
553856,8.0,0.33947659848847783,0.44859144675250545,0.18113995766562732,1.0029866780547583,1.073581020596621,1,4
553984,8.0,0.39491601371954355,0.459639155601092,0.2050362006303284,1.0032338783315098,1.083054284898612,1,4
554112,8.0,0.3839485914763907,0.4852900834926204,0.23280793034301606,1.0034808219392384,1.0879180034604035,1,4
554240,8.0,0.4031098269791016,0.48981345139185306,0.23269993803442782,1.0034808219392384,1.0735888780265694,1,4
554368,8.0,0.3377199569106268,0.5027657456898327,0.24717203662415768,1.0036041977073993,1.0924080934600642,1,4
554496,8.0,0.321843185440575,0.4844726090741553,0.24195490810425224,1.0032338783315098,1.0788403456060662,1,4
554624,8.0,0.3204870530647612,0.4752688693431083,0.2519911900020242,1.0029866780547583,1.0749093925941648,1,4
554752,8.0,0.363743089890134,0.4819763014749989,0.25702298649679195,1.0029866780547583,1.0683685681417754,1,4
554880,8.0,0.3869081422653317,0.46162410679963556,0.24471652098220048,1.0027392204178478,1.0700449154347134,1,4
555008,8.0,0.4328378807381165,0.4950337350134118,0.3007136901739785,1.0032338783315098,1.075381213176757,1,4
555136,8.0,0.44991114667252646,0.5026194255701194,0.33941557943780987,1.0034808219392384,1.0831442035206074,1,4
555264,8.0,0.43330994350538377,0.5002637740726742,0.3317968642557294,1.0034808219392384,1.0760440709090626,1,4
555392,8.0,0.4065325877092631,0.500675709861674,0.3306028140484071,1.0034808219392384,1.0919486888239447,1,4
555520,8.0,0.34823662952088136,0.49632343309187027,0.285064396808996,1.0034808219392384,1.0677550420569757,1,4
555648,8.0,0.34491770030023916,0.48417876948268235,0.2571634437299048,1.0033573821759203,1.0767784011490256,1,4
555776,8.0,0.3408893763706857,0.4858820871050846,0.25749869462868236,1.0033573821759203,1.0624639970201175,1,4
555904,8.0,0.4246468754177891,0.49248894948568867,0.23743614534072469,1.0034808219392384,1.0987622715693333,1,4
556032,8.0,0.46008761798928105,0.4810258877061726,0.26646897624015564,1.0032338783315098,1.0728437800151194,1,4
556160,8.0,0.4477175183237231,0.48512940218311246,0.2744596400624365,1.003110310319889,1.0731134551378332,1,4
556288,8.0,0.4393497780013208,0.46470824937888205,0.27142350271385324,1.0028629814496335,1.0612570484520003,1,4
556416,8.0,0.3858831405258609,0.4634196336355213,0.23192394783645467,1.0029866780547583,1.0631062082338043,1,4
556544,8.0,0.35261069209087353,0.4655319825142921,0.2314904118113903,1.0029866780547583,1.069974103680373,1,4
556672,8.0,0.421456712232431,0.4808378742920574,0.2679152558258264,1.0032338783315098,1.0631318717212732,1,4
556800,8.0,0.43212947499743765,0.4973118025263504,0.2737023344997792,1.0036041977073993,1.0695414740305087,1,4
556928,8.0,0.45215603745620436,0.5179874045012597,0.3409872684233258,1.0036041977073993,1.0841280362857337,1,4
557056,8.0,0.42427818224958164,0.5176160127968049,0.34130316389087856,1.0037275095661569,1.0784647876473308,1,4
557184,8.0,0.41536443509892995,0.5246049660579617,0.3241153174938588,1.0039739418975728,1.0680931662295021,1,4
557312,8.0,0.39072437750725275,0.5273111900260152,0.31192586174792863,1.004097062540836,1.0790086839355286,1,4
557440,8.0,0.42433861950081114,0.4874498217676761,0.27292831233486836,1.0037275095661569,1.0749973986629,1,4
557568,8.0,0.4228214906241323,0.48981345139185306,0.25725428455649074,1.0034808219392384,1.0919420949371053,1,4
557696,8.0,0.39274397377437015,0.4713177776570748,0.2309332093404139,1.0032338783315098,1.062334031236237,1,4
557824,8.0,0.42312300089606564,0.4830549657989012,0.2753941639164783,1.0032338783315098,1.1142341425027298,1,4
557952,8.0,0.42723855219703705,0.5147143868936428,0.2729144087381746,1.0036041977073993,1.0838885103703548,1,4
558080,8.0,0.4639936543179631,0.5229541743433571,0.31535289427097324,1.0038507576010838,1.0782245161604675,1,4
558208,8.0,0.46511728272456787,0.5301037707720153,0.38935655775592315,1.0038507576010838,1.0836459119078699,1,4
558336,8.0,0.47870263355299497,0.5121190486627012,0.3213213735532503,1.0034808219392384,1.0661550171679262,1,4
558464,8.0,0.41476899401665895,0.5042193352824548,0.25747467114194017,1.0036041977073993,1.0810326020997887,1,4
558592,8.0,0.3596983477451232,0.48979751642016406,0.20004714372507343,1.0033573821759203,1.0631348059524652,1,4
558720,8.0,0.3735154531042823,0.478010752985874,0.2166632332552442,1.003110310319889,1.0610950211622456,1,4
558848,8.0,0.4174187717800088,0.49360412839837287,0.2323013132284316,1.0034808219392384,1.0609319799646761,1,4
558976,8.0,0.4216796279586502,0.47740749583608016,0.2499522489307042,1.0029866780547583,1.076910949429548,1,4
559104,8.0,0.43060166828674523,0.47571528666334756,0.2753921443875803,1.0028629814496335,1.065528089273448,1,4
559232,8.0,0.3958172624971667,0.4828723985729581,0.27213480808746315,1.0029866780547583,1.059760332166391,1,4
559360,8.0,0.38412169187294276,0.48681961688955966,0.25733130791456943,1.003110310319889,1.068536840899855,1,4
559488,8.0,0.39391778919270226,0.5113994286271789,0.2438582029634692,1.0036041977073993,1.0724752848258632,1,4
559616,8.0,0.367683621161407,0.517901257488066,0.2010257460605908,1.0038507576010838,1.0588623803354504,1,4
559744,8.0,0.32423518445165533,0.5089692564677128,0.18042713197875798,1.0039739418975728,1.0703267273539177,1,4
559872,8.0,0.3248974268277021,0.5106788893412341,0.1758025322995895,1.0038507576010838,1.0694655256168182,1,4
560000,8.0,0.32418929947575825,0.4870834322893701,0.1855538614309622,1.0037275095661569,1.06802359495915,1,4
560128,8.0,0.3440389717233993,0.5002430236943982,0.20310017216920204,1.0036041977073993,1.0870249330746584,1,4
560256,8.0,0.38301217137565924,0.48360533422825047,0.21453216334220787,1.0033573821759203,1.0787105965427872,1,4
560384,8.0,0.37549214395877933,0.48065100552586987,0.21792188843917124,1.0032338783315098,1.0612408456092701,1,4
560512,8.0,0.3935822735742198,0.4908072039212163,0.21405195346122993,1.0033573821759203,1.0621476868056325,1,4
560640,8.0,0.374544663086906,0.46697195447323375,0.19195349804602627,1.0032338783315098,1.0674869495763863,1,4
560768,8.0,0.3516709035615416,0.5000308158381258,0.18565628268540796,1.0038507576010838,1.085558441734282,1,4
560896,8.0,0.3459386313453612,0.4884583539232445,0.1873061498405339,1.0037275095661569,1.0645853063592157,1,4
561024,8.0,0.36039364516223676,0.5099483993562822,0.2301698253124276,1.004097062540836,1.0867923048700534,1,4
561152,8.0,0.36208814937485506,0.5232349561708493,0.260021097700738,1.004588910279602,1.0772422516280937,1,4
561280,8.0,0.4068461475818152,0.5027324327624088,0.2755845835175213,1.0042201196159057,1.0719387609973587,1,4
561408,8.0,0.41513497014938766,0.5164383584243172,0.2995182541163309,1.0044660434007024,1.0875430003821585,1,4
561536,8.0,0.4422837512479883,0.5014880129715847,0.26978086212254077,1.0043431132076361,1.0751722668027799,1,4
561664,8.0,0.47678301758230995,0.48638432580292934,0.24840354580481405,1.0039739418975728,1.0984731541148967,1,4
561792,8.0,0.49079259804771125,0.5005820053877104,0.2320226028183592,1.0043431132076361,1.1025538621968987,1,-1
561920,8.0,0.45863155727199,0.5032773032958225,0.21856135341276767,1.0044660434007024,1.0964963050036134,1,4
562048,8.0,0.38268661935491366,0.5013783963928155,0.18702318269787396,1.0043431132076361,1.108241413598942,1,-1
562176,8.0,0.3910466420974812,0.5149910897271217,0.21685265685994518,1.004588910279602,1.0994646377418622,1,4
562304,8.0,0.39826038474363296,0.5315219067756104,0.25611484357592407,1.0048344544320031,1.089605923563443,1,4
562432,8.0,0.42242732855394516,0.5393142989574479,0.2733075450286463,1.0048344544320031,1.0900108227052414,1,4
562560,8.0,0.43281849320664456,0.5567555308225818,0.29342897537141044,1.005079746337278,1.091425873821773,1,-1
562688,8.0,0.43885914194992215,0.5609028574384528,0.3379232554526571,1.005079746337278,1.1040084979371187,1,-1
562816,8.0,0.44182387237879617,0.5409691441017774,0.30588627143954217,1.0047117139286545,1.0944151427726836,1,4
562944,8.0,0.41593463539655556,0.5323209497491833,0.2618336197216882,1.0047117139286545,1.106321253250782,1,-1
563072,8.0,0.41541617413330645,0.5109852791265596,0.25617135894129434,1.0047117139286545,1.0933009691981135,1,4
563200,8.0,0.4287484645339952,0.5016620495539494,0.20894311778519756,1.0047117139286545,1.106132893787549,1,4
563328,8.0,0.4237275464300607,0.49876198221475054,0.1981769285837487,1.0048344544320031,1.0948314476404917,1,4
563456,8.0,0.436180497876136,0.5031946863403358,0.16777306129232633,1.0048344544320031,1.103814684871796,1,-1
563584,8.0,0.4126667850241684,0.5020976174148648,0.1550179825702631,1.0047117139286545,1.089319412859812,1,4
563712,8.0,0.39467040472908194,0.48622493633347125,0.1705194996806002,1.0043431132076361,1.0904690202088847,1,4
563840,8.0,0.4073480417261466,0.49837154392304195,0.19672761641236475,1.0044660434007024,1.0922357082424965,1,4
563968,8.0,0.4334960385870791,0.4989751701323887,0.1936716084431041,1.0044660434007024,1.1031931822096568,1,4
564096,8.0,0.4481150278525316,0.4982496997594005,0.23037627027316981,1.0044660434007024,1.093288888801711,1,4
564224,8.0,0.47390169213968913,0.5002125316135907,0.2186064128560765,1.004588910279602,1.1026276899081457,1,-1
564352,8.0,0.45238118257127496,0.49208035268923306,0.19971220495346556,1.0043431132076361,1.0987770784741602,1,4
564480,8.0,0.4389726721664099,0.4811916725318415,0.19774263508137835,1.0043431132076361,1.0929766883759438,1,4
564608,8.0,0.4219295746418177,0.48734693776082333,0.16562856767194511,1.0042201196159057,1.1058668103739147,1,4
564736,8.0,0.4089168659013788,0.4903200481746431,0.14672419610908605,1.0043431132076361,1.0873481475947022,1,4
564864,8.0,0.37374592413306057,0.48621112097414465,0.14638038744435167,1.0042201196159057,1.0944653228573071,1,4
564992,8.0,0.3717225688095054,0.4865913386997086,0.14870839132151345,1.004097062540836,1.1168296636251025,1,-1
565120,8.0,0.3809864191232808,0.4564251883609989,0.13177164021162832,1.0037275095661569,1.0830020910522202,1,4
565248,8.0,0.3800397195564472,0.44068642492496074,0.13228646554094622,1.0036041977073993,1.0790032397963916,1,4
565376,8.0,0.3843509586337893,0.4521684053782464,0.14444876532116332,1.0036041977073993,1.1031862391942553,1,-1
565504,8.0,0.40847519504952645,0.46598531108225616,0.212886798870509,1.0037275095661569,1.0751572351395595,1,4
565632,8.0,0.44847874171104496,0.4810570410601441,0.25125820349419414,1.0037275095661569,1.1090309457417031,1,4
565760,8.0,0.45907199522579156,0.5105717987344146,0.2786641716997798,1.0042201196159057,1.0753803719476733,1,4
565888,8.0,0.49396829536622167,0.5198164246972495,0.2822966886374637,1.0044660434007024,1.079031710657893,1,4
566016,8.0,0.46903505110928356,0.5134557047634819,0.2671814807234511,1.0044660434007024,1.0888465001839283,1,4
566144,8.0,0.46151934639749875,0.5086787362783458,0.2630697318688834,1.004588910279602,1.0787375450224326,1,4
566272,8.0,0.41190780377002884,0.4975675401567464,0.2450073173339538,1.0042201196159057,1.088898888179668,1,4
566400,8.0,0.40351345344210665,0.4701006674378299,0.20128283268443206,1.0037275095661569,1.0729834865797998,1,4
566528,8.0,0.4161484123049617,0.4656822571694931,0.17885257399564658,1.0037275095661569,1.0798893062820103,1,4
566656,8.0,0.3853750742082105,0.4698493312011159,0.154067668164072,1.0038507576010838,1.0863529265592917,1,4
566784,8.0,0.37637321032417936,0.4764108903460271,0.14518951107282413,1.0039739418975728,1.0864642040552386,1,4
566912,8.0,0.3672276651290823,0.4876625358715689,0.14807618642416798,1.0042201196159057,1.0908638678108624,1,4
567040,8.0,0.38767875131837803,0.4939145958089076,0.15801051194284496,1.0042201196159057,1.1036525181826158,1,4
567168,8.0,0.3914812248301613,0.4829185854838795,0.1643196011435693,1.004097062540836,1.099564229036451,1,4
567296,8.0,0.42061159383310903,0.4637683717163315,0.16184803928860741,1.0038507576010838,1.0873329602413944,1,4
567424,8.0,0.4195332946097666,0.461726463830844,0.1637183414368746,1.0037275095661569,1.083236247707186,1,4
567552,8.0,0.42026897586165857,0.456376571662388,0.1710696240748341,1.0037275095661569,1.0991993093815224,1,4
567680,8.0,0.4034601909928337,0.4524519261662949,0.15299233381565885,1.0037275095661569,1.0813244050497481,1,4
567808,8.0,0.4044484068090129,0.44615200636089264,0.1471270408179008,1.0038507576010838,1.087250089226621,1,4
567936,8.0,0.4081835006837488,0.4763298098413016,0.17712125255814215,1.0042201196159057,1.0997259852362875,1,4
568064,8.0,0.41731396484401967,0.459935630607181,0.16924778310907757,1.0039739418975728,1.0839504926858505,1,4
568192,8.0,0.41421559889998505,0.46804688108703885,0.16727796247656623,1.0039739418975728,1.0851906270917666,1,4
568320,8.0,0.4374777939568864,0.478574741631154,0.20248509373993806,1.0038507576010838,1.0830371377485393,1,4
568448,8.0,0.4341149289466733,0.46494185395211884,0.22343499332972067,1.0032338783315098,1.0757769185293213,1,4
568576,8.0,0.45240184328983474,0.4798367816599398,0.2680850451402668,1.0034808219392384,1.0604454993580412,1,4
568704,8.0,0.4329828022821378,0.4836152224657287,0.30054342266143624,1.0034808219392384,1.0634878290516883,1,4
568832,8.0,0.4022086896146394,0.4818755997825333,0.2815805281410531,1.0032338783315098,1.0833653730052009,1,4
568960,8.0,0.38163050074176547,0.4921133531492948,0.23921032891869637,1.0037275095661569,1.059582330586778,1,4
569088,8.0,0.44123310547983047,0.49740548533355305,0.2976731275741037,1.0034808219392384,1.0712175940693756,1,4
569216,8.0,0.4845137462857465,0.5019077327047844,0.3221087103857789,1.0034808219392384,1.0795223136098242,1,4
569344,8.0,0.49090964003069476,0.5061479427656291,0.31263463411285414,1.0038507576010838,1.0883733265798448,1,4
569472,8.0,0.3952066820026048,0.48933618844152194,0.28293569747776054,1.0034808219392384,1.102126109616488,1,4
569600,8.0,0.36076839760982166,0.4764106488620814,0.23991332564176854,1.0034808219392384,1.095553289586211,1,4
569728,8.0,0.4466773289829324,0.4886398733233411,0.26464306596661535,1.0032338783315098,1.0745896313185057,1,4
569856,8.0,0.47074453879286793,0.4740841591013943,0.32322312734856207,1.0029866780547583,1.0800442335061797,1,4
569984,8.0,0.4546410456410308,0.47703718597539696,0.32910058587593854,1.0029866780547583,1.071950663266984,1,4
570112,8.0,0.45388260666651176,0.4969735147674879,0.2997926728663485,1.0032338783315098,1.0831697342394395,1,4
570240,8.0,0.3925779711754461,0.4723788601493346,0.28028605412861285,1.003110310319889,1.070090028382107,1,4
570368,8.0,0.4106318101300962,0.4783413540675129,0.24293296865801114,1.0029866780547583,1.0667940362864183,1,4
570496,8.0,0.4054010801398584,0.4606963992581366,0.22736505127371376,1.0027392204178478,1.0696113863822694,1,4
570624,8.0,0.3766734315529016,0.4317791511592897,0.20605986800373285,1.0023675498930893,1.0827545857675798,1,4
570752,8.0,0.3521637682014625,0.4515865583071257,0.21250283858633337,1.0026153948725502,1.068264840558712,1,4
570880,8.0,0.38217820854676365,0.46950068688518504,0.24869662573882725,1.0027392204178478,1.057925621660061,1,4
571008,8.0,0.373746725727174,0.48383037509631244,0.2581024322636492,1.0029866780547583,1.065971154123464,1,4
571136,8.0,0.40613294671939765,0.500842612408859,0.31242586997331995,1.0032338783315098,1.0694008143504834,1,4
571264,8.0,0.423753066754822,0.5108583010934754,0.3152954085235402,1.0034808219392384,1.069820436767949,1,4
571392,8.0,0.45254921908282425,0.5073019372604265,0.2938501963331165,1.0034808219392384,1.083058202492736,1,4
571520,8.0,0.3992245973456991,0.49165138283848275,0.26520787686334235,1.0032338783315098,1.0815272389850752,1,4
571648,8.0,0.3807447242725988,0.4830674097787615,0.25063131300037805,1.0033573821759203,1.0732556282932617,1,4
571776,8.0,0.40138733300287566,0.4838837968701814,0.28042491757731425,1.0032338783315098,1.0851043176092994,1,4
571904,8.0,0.4330454744984767,0.48402201610721096,0.2799271017901995,1.0032338783315098,1.071302550896341,1,4
572032,8.0,0.4476935638329656,0.49731574225706277,0.33108034616068294,1.0034808219392384,1.0930394868905402,1,4
572160,8.0,0.4609363665280511,0.493440796319277,0.3409597584172182,1.0034808219392384,1.0728513440768448,1,4
572288,8.0,0.4608940078904407,0.47496048834895643,0.3379686482842603,1.0032338783315098,1.105742969349731,1,4
572416,8.0,0.4305327050822812,0.4994650254545621,0.3280527038731952,1.0037275095661569,1.0872666815369099,1,4
572544,8.0,0.4083360079218852,0.5068985007528608,0.32924674474895166,1.0037275095661569,1.0689925061638585,1,4
572672,8.0,0.43029082264167695,0.505054437611493,0.31326081985087784,1.0037275095661569,1.0826553915282249,1,4
572800,8.0,0.38682567338001583,0.4923630329513679,0.26063041054374464,1.0036041977073993,1.087966953171957,1,4
572928,8.0,0.3472704555311768,0.49508694953325977,0.2641870326116833,1.0037275095661569,1.0771409151217337,1,4
573056,8.0,0.3515476023955817,0.4875112018741516,0.23707891820308696,1.0037275095661569,1.0893600374070485,1,4
573184,8.0,0.37205630178876525,0.4792521630067064,0.22091389598694058,1.0037275095661569,1.0710986699441492,1,4
573312,8.0,0.3905206463055374,0.5140405721845476,0.24747292484604674,1.004097062540836,1.0951406862412751,1,4
573440,8.0,0.4259875223115309,0.5097169386138714,0.23901690047049984,1.004097062540836,1.0867905766336199,1,4
573568,8.0,0.4217636597593885,0.5023966069052679,0.22010952736213554,1.0039739418975728,1.075079083509082,1,4
573696,8.0,0.41419662790920037,0.5007254577231245,0.2256719976675684,1.0037275095661569,1.0838202740804752,1,4
573824,8.0,0.36663618593471503,0.47124528344001565,0.21019239896713177,1.0033573821759203,1.0894326440007152,1,4
573952,8.0,0.3972891953519976,0.44829087383675253,0.21836432614471413,1.0027392204178478,1.0989912579775822,1,4
574080,8.0,0.36832123595798355,0.45427003912511466,0.2435027132690358,1.0027392204178478,1.07125092503078,1,4
574208,8.0,0.38718226835575736,0.45606538409555175,0.2513285196351559,1.0027392204178478,1.071547052899048,1,4
574336,8.0,0.3729014326519973,0.45646897699137245,0.2448922745543245,1.0027392204178478,1.072996309335144,1,4
574464,8.0,0.3810952948607563,0.4594529172875215,0.22539485699850653,1.0028629814496335,1.08371376441038,1,4
574592,8.0,0.33131216577532363,0.44891129209095065,0.20383491699293455,1.0027392204178478,1.0778493557533106,1,4
574720,8.0,0.38662086103370347,0.45195806489424534,0.2032677952015874,1.0028629814496335,1.0735302973094802,1,4
574848,8.0,0.3923455682050361,0.45513400007727084,0.20757473648783417,1.0029866780547583,1.0675655516736742,1,4
574976,8.0,0.38824144340933653,0.4673383421278261,0.22244363506348758,1.0032338783315098,1.072538007467971,1,4
575104,8.0,0.39998553445050905,0.4638968286558392,0.2133630134589379,1.0032338783315098,1.0734742376688988,1,4
575232,8.0,0.3851725952690924,0.45878831921204977,0.21424627885398562,1.003110310319889,1.0785197992401443,1,4
575360,8.0,0.3869230988171192,0.45818729547780085,0.21499233908350332,1.0029866780547583,1.0866516545426177,1,4
575488,8.0,0.35714433356688646,0.43110010478511174,0.20525065048419044,1.0024915047267045,1.0644486777816462,1,4
575616,8.0,0.32265436002809994,0.45510700886342276,0.20886370480793565,1.0027392204178478,1.088333451976884,1,4
575744,8.0,0.32171123375087757,0.4453238316563516,0.20000906832907908,1.0027392204178478,1.071018230028983,1,4
575872,8.0,0.3259964854929312,0.44598897560530687,0.2002551196759267,1.0027392204178478,1.0709648841268755,1,4
576000,8.0,0.3290825894633654,0.45126061527694555,0.21380735005128876,1.0028629814496335,1.0757351234931525,1,4
576128,8.0,0.35078379970331525,0.4381652413333757,0.23228531127230426,1.0027392204178478,1.0736282604689316,1,4
576256,8.0,0.34409638068112686,0.47019426622201504,0.3000835245167856,1.0027392204178478,1.063001006243006,1,4
576384,8.0,0.3897361828858738,0.48158867697312735,0.34094428248389635,1.0029866780547583,1.0695788651817228,1,4
576512,8.0,0.3838564305701675,0.4939707967129223,0.35822822679973654,1.003110310319889,1.0854788937126127,1,4
576640,8.0,0.4054488100537433,0.501474599030061,0.38276732375028943,1.0033573821759203,1.0877752269791905,1,4
576768,8.0,0.39779296067468606,0.48760214783286515,0.34699345812016413,1.0032338783315098,1.077282839864425,1,4
576896,8.0,0.4161287619943244,0.47754715746771315,0.3288215776906901,1.0029866780547583,1.0824332996886907,1,4
577024,8.0,0.4192227015448972,0.4886398733233411,0.3375955798083151,1.0032338783315098,1.074561959451756,1,4
577152,8.0,0.39300276051408845,0.47290352717009787,0.2958133790513182,1.0028629814496335,1.087796921261348,1,4
577280,8.0,0.3924982090658132,0.46646243024105494,0.25418828841342844,1.0029866780547583,1.0729711010565903,1,4
577408,8.0,0.3632093303417405,0.4684744677929209,0.24002421170086685,1.0029866780547583,1.0742615462075331,1,4
577536,8.0,0.3805308144451512,0.45809681859387535,0.2227939620779978,1.0028629814496335,1.097848415085028,1,4
577664,8.0,0.36399991333836723,0.4617728452876982,0.23013060732079121,1.0032338783315098,1.0793399656616032,1,4
577792,8.0,0.35406505757847967,0.4750231817926241,0.2523007450568515,1.0033573821759203,1.086738577617771,1,4
577920,8.0,0.37232375638965604,0.46146123108601317,0.258727937889433,1.0029866780547583,1.0782614056369488,1,4
578048,8.0,0.3541314426089439,0.47171928788926903,0.2667683513852396,1.003110310319889,1.0943750862565893,1,4
578176,8.0,0.40553425534029686,0.5022441461899404,0.2838285031357909,1.0038507576010838,1.088205560527749,1,4
578304,8.0,0.4007786088910094,0.505180224615065,0.28681697891967245,1.0038507576010838,1.0801574009520039,1,4
578432,8.0,0.4218132232223268,0.4921204465037837,0.25874509059117606,1.0037275095661569,1.078505964856787,1,4
578560,8.0,0.40151480377026744,0.4807560594481548,0.2681987136267306,1.0034808219392384,1.0637944149957104,1,4
578688,8.0,0.36767854638844705,0.44829087383675265,0.24202888689094823,1.0027392204178478,1.0678362175169165,1,4
578816,8.0,0.3772000117757543,0.44912784357506086,0.22290750740894763,1.0027392204178478,1.0674196911803862,1,4
578944,8.0,0.3632754458422455,0.4549171248382876,0.23015565639966593,1.0028629814496335,1.068385826613003,1,4
579072,8.0,0.3945194689898021,0.44788728094093194,0.2292676343554205,1.0027392204178478,1.0679700321991374,1,4
579200,8.0,0.34420110177739655,0.4603969779043431,0.22792638674834179,1.0027392204178478,1.0770284754956858,1,4
579328,8.0,0.3941960042084171,0.4423758476720329,0.23418709726292938,1.0024915047267045,1.061927008515778,1,4
579456,8.0,0.38034882317707547,0.44683411192921885,0.22414169122739513,1.0024915047267045,1.079703478051166,1,4
579584,8.0,0.37903568969982787,0.4431675518545677,0.211974838682308,1.0024915047267045,1.0684975536298276,1,4
579712,8.0,0.3541628831535594,0.4444599189111587,0.19831458672911054,1.0027392204178478,1.0697172316952812,1,4
579840,8.0,0.32521313740491636,0.4481664710979626,0.18737607548824925,1.0028629814496335,1.08721489591626,1,4
579968,8.0,0.3195912782754094,0.44284720880358497,0.18510358668677446,1.0028629814496335,1.0693866372695566,1,4
580096,8.0,0.34429747705191116,0.4555042157618511,0.19180677416917258,1.0029866780547583,1.080905165695697,1,4
580224,8.0,0.3438762327072996,0.45513772973819816,0.19265413173168636,1.0029866780547583,1.068309623360368,1,4
580352,8.0,0.3701324531439228,0.4614338527631125,0.22856688488420043,1.003110310319889,1.077871037785523,1,4
580480,8.0,0.4378416741506087,0.5157971611241062,0.33220832057102034,1.0039739418975728,1.1052569688376606,1,4
580608,8.0,0.4374304860325156,0.5111397390079669,0.3304550475148819,1.0038507576010838,1.073773089923844,1,4
580736,8.0,0.4483538729025429,0.49509613695190324,0.3450679493558106,1.0034808219392384,1.0771420570066885,1,4
580864,8.0,0.43567307119757503,0.5006373681865302,0.30364248507099484,1.0037275095661569,1.0747197172680385,1,4
580992,8.0,0.42199130995317347,0.4596888944083452,0.22168372436258782,1.003110310319889,1.0936859094921358,1,4
581120,8.0,0.3715096860983497,0.451984244737746,0.22283475171081998,1.0032338783315098,1.080583838764133,1,4
581248,8.0,0.3629733693737134,0.4848252662357801,0.22506073878040536,1.0037275095661569,1.082052135365749,1,4
581376,8.0,0.3791053479995938,0.4627792038762718,0.21314276368706897,1.0034808219392384,1.0757959789241436,1,4
581504,8.0,0.3672845258560574,0.4713559726749892,0.2114731378324974,1.0036041977073993,1.072892951704766,1,4
581632,8.0,0.382628916335334,0.4510228644654274,0.186119006377415,1.0032338783315098,1.0841624677395802,1,4
581760,8.0,0.3787819393492104,0.4538996702695626,0.18151216783839613,1.0034808219392384,1.0729501633455238,1,4
581888,8.0,0.40248765381645846,0.47330258659012336,0.20447890113751438,1.0037275095661569,1.0847507684062043,1,4
582016,8.0,0.360303590367641,0.4611476018022345,0.196500188141699,1.0034808219392384,1.0909712001278633,1,4
582144,8.0,0.3655275841383476,0.4623019409259406,0.17499145529246882,1.0034808219392384,1.1033226348682388,1,4
582272,8.0,0.38310560042467756,0.47823072464043775,0.18006095107277056,1.0034808219392384,1.0890579414641552,1,4
582400,8.0,0.47764583925733306,0.5261825947727791,0.2677675892259219,1.0044660434007024,1.0970384464662213,1,-1
582528,8.0,0.4914542254229029,0.5409691441017775,0.3325794761032423,1.0047117139286545,1.1291055671272137,1,-1
582656,8.0,0.4956629563764055,0.560237048817427,0.37680627507420733,1.005079746337278,1.1024956414221407,0,-1
582784,8.0,0.4574228181641639,0.5470961221567691,0.3866394217173898,1.0048344544320031,1.1092103296883369,1,-1
582912,8.0,0.4211600116777077,0.49549627231956894,0.3223038570942333,1.0034808219392384,1.0818237564372692,1,4
583040,8.0,0.41550724767537267,0.47998816221569657,0.2940777995206433,1.0032338783315098,1.0822865990817128,1,4
583168,8.0,0.4005020169844635,0.4775286675389289,0.2993443095885049,1.003110310319889,1.0756960859932918,1,4
583296,8.0,0.4690847476394222,0.5000415772670187,0.3278462243359568,1.0034808219392384,1.0916990553056825,1,4
583424,8.0,0.4753360894149355,0.5104740631469685,0.35667494393873245,1.0037275095661569,1.0938490553510314,1,4
583552,8.0,0.49061332877637676,0.5328437439331427,0.3693964940209794,1.0042201196159057,1.1182937758510627,1,-1
583680,8.0,0.4848288542620815,0.557217536170916,0.3596242346972138,1.0049571318736141,1.0861356459282219,1,-1
583808,0.0,0.4886872749654726,0.5588770539279557,0.34956537957303796,1.005079746337278,1.1226624989256417,0,-1
583936,0.0,0.47623804868818875,0.5535698204401907,0.33835636341504777,1.0049571318736141,1.1101820451894706,0,-1
584064,0.0,0.43809035751257475,0.5238658620729895,0.2904320524286577,1.0043431132076361,1.1074813908470917,1,-1
584192,0.0,0.412001958583581,0.5083686399810643,0.31842660180666793,1.0039739418975728,1.101537690007897,1,-1
584320,0.0,0.4402516629509167,0.48187356808975806,0.30316650960738234,1.0034808219392384,1.0939834002262885,1,-1
584448,0.0,0.4636220819518312,0.480854477506978,0.3000584680528298,1.0036041977073993,1.097292357908983,1,-1
584576,0.0,0.4886168689616911,0.495145547940838,0.3384574584047861,1.0036041977073993,1.1011935767732939,1,-1
584704,0.0,0.49350135017136637,0.4793316866262184,0.27900499016608576,1.0033573821759203,1.1063251155325646,1,-1
584832,0.0,0.471867563399439,0.4865644223423893,0.24801985354649717,1.0032338783315098,1.0669858300656183,1,-1
584960,0.0,0.43429185709839,0.48642983811474366,0.25567985110974867,1.003110310319889,1.0772476501459674,1,-1
585088,0.0,0.4214296723653524,0.4732383033960115,0.24600564853975543,1.0029866780547583,1.0667010838553606,1,-1
585216,0.0,0.4052772019923179,0.47754715746771315,0.2015856486832982,1.0029866780547583,1.0594614640596984,1,-1
585344,0.0,0.3739813003625151,0.4732415970686808,0.3084812877458099,1.0032338783315098,1.079889330395943,1,-1
585472,0.0,0.444282782293928,0.5036913548973222,0.333759532608566,1.0038507576010838,1.1209650340420187,1,-1
585600,0.0,0.4826651124082932,0.5453092298920098,0.3622950862234446,1.0047117139286545,1.131801510382979,0,-1
585728,0.0,0.4869665676101811,0.539836698209028,0.35392927911351385,1.0047117139286545,1.1220248152306374,0,-1
585856,0.0,0.49568251895367577,0.5663686884156762,0.39329775171543896,1.0052022979066102,1.1146747718310848,0,-1
585984,0.0,0.4739379389190091,0.5398503273065464,0.3743363921124991,1.004588910279602,1.1155784212913264,0,-1
586112,0.0,0.492194051073141,0.5375461093795032,0.35915702423203866,1.0047117139286545,1.135100882102905,0,-1
586240,0.0,0.551842273543366,0.5345724493119537,0.3638924847610088,1.0044660434007024,1.1099075257350974,0,-1
586368,0.0,0.5502434459956262,0.5355280420962275,0.33924044903046263,1.004588910279602,1.1179792983830814,0,-1
586496,0.0,0.5410029360205916,0.5508102979691816,0.3409796218941028,1.0049571318736141,1.1159107160605746,0,-1
586624,0.0,0.4155625784887103,0.501106499516827,0.2820139954912979,1.0038507576010838,1.1052569314904486,1,-1
586752,0.0,0.5043014294364697,0.5393447380773227,0.2988968929707774,1.004588910279602,1.147595118933971,0,-1
586880,0.0,0.4830689589954994,0.5156591845129282,0.3282715761016622,1.0038507576010838,1.1284089229691658,0,-1
587008,0.0,0.48451927251218146,0.5490211500908122,0.3553488867239659,1.0044660434007024,1.1087522637128906,0,-1
587136,0.0,0.4689749384995632,0.57012193409552,0.41627602421238,1.005079746337278,1.1089274771731918,0,-1
587264,0.0,0.46303644097384217,0.5478594176843442,0.38533429950148906,1.0044660434007024,1.0869772131586952,0,-1
587392,0.0,0.4550147576694311,0.5567727019487747,0.3609475285367756,1.0048344544320031,1.105237056481562,0,-1
587520,0.0,0.46805685312527967,0.5390015585229831,0.3743523516417748,1.0043431132076361,1.099207296335645,0,-1
587648,0.0,0.47236569409637724,0.534707793505396,0.3792795534319427,1.0042201196159057,1.108340155549138,0,-1
587776,0.0,0.4724845363489161,0.5181260198922409,0.37943360355500855,1.0038507576010838,1.105731735046829,0,-1
587904,0.0,0.43762944843910095,0.48588710237990207,0.30628010552973406,1.0033573821759203,1.094312138038642,1,-1
588032,0.0,0.37560418627078535,0.45162655118704625,0.2401914695354346,1.003110310319889,1.0866931953799517,1,-1
588160,0.0,0.37852509760585645,0.4482066236959319,0.2197895406634113,1.003110310319889,1.0817187055948843,1,-1
588288,0.0,0.3918745631966549,0.42355984368662486,0.19876138173821076,1.0028629814496335,1.0833713136940406,1,-1
588416,0.0,0.39489249378346364,0.4516441320815955,0.2037651992407629,1.0032338783315098,1.0918516932786284,1,-1
588544,0.0,0.3873474024913842,0.4706497601031055,0.1960986534332379,1.0037275095661569,1.0837897496802316,1,5
588672,0.0,0.396760953316589,0.4746504789507011,0.1785331215474857,1.0039739418975728,1.0788310203825728,1,5
588800,0.0,0.3593856573444975,0.5165338586202077,0.17782102681547443,1.004588910279602,1.1033129303911209,1,5
588928,0.0,0.3386509812114694,0.5286809969405691,0.1744575117454344,1.0049571318736141,1.0758344775017876,1,5
589056,0.0,0.336857286977343,0.5160445057022044,0.16660168598866384,1.0047117139286545,1.082638494681797,1,5
589184,0.0,0.35644648286982217,0.5162403233310491,0.17862736797552972,1.004588910279602,1.0877964090069916,1,5
589312,0.0,0.36477793946978276,0.5126962654799916,0.1739847995495121,1.004588910279602,1.0847290839492523,1,5
589440,0.0,0.3715697009110982,0.5029841589969193,0.16791377838066665,1.0043431132076361,1.0740610353745481,1,5
589568,0.0,0.3505653157632671,0.5087243482426835,0.1627043264021776,1.0044660434007024,1.0813481024014746,1,5
589696,0.0,0.3506460783197259,0.5046396284967294,0.15329057854693662,1.0044660434007024,1.092702248482763,1,5
589824,0.0,0.33511586990833725,0.5046396284967294,0.14961397030949836,1.0044660434007024,1.0720684806381324,1,5
589952,0.0,0.3492930855607734,0.5016082288289189,0.14973072130698092,1.004588910279602,1.0734387178998792,1,5
590080,0.0,0.35410065811770125,0.5062328841370566,0.15608674939683065,1.004588910279602,1.0883537951803628,1,5
590208,0.0,0.36503496360295923,0.5082840624494054,0.15481627634374595,1.004588910279602,1.0964491296792784,1,5
590336,0.0,0.3635069140677536,0.49434057871909426,0.1401977055193225,1.0043431132076361,1.0713505199157316,1,5
590464,0.0,0.3487807815014296,0.5064081177027755,0.14570753000210002,1.0044660434007024,1.073423849239375,1,5
590592,0.0,0.3510368132033919,0.49105183906117567,0.14759573548393248,1.0043431132076361,1.0833956675958152,1,5
590720,0.0,0.3627123835316714,0.4945315015562564,0.14788142198790338,1.0043431132076361,1.078248686606291,1,5
590848,0.0,0.36748353640210407,0.5079328673604036,0.16258336041174967,1.0044660434007024,1.0697767619057037,1,5
590976,0.0,0.36636186194707504,0.5011282528706611,0.17756487264685414,1.0044660434007024,1.0807408905596259,1,5
591104,0.0,0.36410835180982043,0.5005479943454089,0.15790302944580878,1.0044660434007024,1.0785034140841272,1,5
591232,0.0,0.35977826356212417,0.5113402632858398,0.17929854890691627,1.004588910279602,1.0871420007623775,1,5
591360,0.0,0.355468926267363,0.4908105033748759,0.17536748186340148,1.0043431132076361,1.0760979853003823,1,5
591488,0.0,0.36097064589823025,0.48899636269203484,0.15255582418374067,1.0042201196159057,1.0802742166806667,1,5
591616,0.0,0.36409773254004707,0.5075398269946425,0.18051287191631113,1.0043431132076361,1.0919604899272168,1,5
591744,0.0,0.3722093493150251,0.5025559783819482,0.17040077235479892,1.0044660434007024,1.0682325890489057,1,5
591872,0.0,0.3595701901350894,0.4965364885960105,0.1556684660723877,1.0042201196159057,1.0803557535451331,1,5
592000,0.0,0.35202347485809604,0.5014880129715847,0.1705967976976243,1.0043431132076361,1.0850001584212545,1,5
592128,0.0,0.3475809408780607,0.4936556013510855,0.157756739186526,1.0042201196159057,1.0766072098133912,1,5
592256,0.0,0.34677802347544767,0.4947095432553053,0.1617385492196897,1.0042201196159057,1.0728772366578951,1,5
592384,0.0,0.3524510892513511,0.5074326841147444,0.16784824285502337,1.0044660434007024,1.0845398073835735,1,5
592512,0.0,0.3533433157312894,0.50828716747579,0.1595829475714292,1.0044660434007024,1.0957125836898385,1,5
592640,0.0,0.3470019013616085,0.4899711527938026,0.15840823293452244,1.004097062540836,1.0766648976330755,1,5
592768,0.0,0.3588381230262281,0.48750891359781756,0.16567623114062907,1.0039739418975728,1.0763007154922006,1,5
592896,0.0,0.3564498730869891,0.48319853998079426,0.17081773231247005,1.0039739418975728,1.0783386652705198,1,5
593024,0.0,0.3833972060274458,0.48261590360697615,0.16944805253861855,1.0039739418975728,1.0812201555083802,1,5
593152,0.0,0.3578319669000499,0.49603132912580417,0.17000036430948773,1.004097062540836,1.086643756440645,1,5
593280,0.0,0.3592013471934403,0.5095146079518842,0.159115611774774,1.0043431132076361,1.0767654301280154,1,5
593408,0.0,0.35311485872616966,0.515163988664874,0.16084156439392377,1.0043431132076361,1.0810926383873798,1,5
593536,0.0,0.36114686116280137,0.5098640829308619,0.15016872486171334,1.0043431132076361,1.0851033322331243,1,5
593664,0.0,0.36091861792796326,0.5043938992258995,0.15952058704697475,1.0043431132076361,1.08376690880297,1,5
593792,0.0,0.3621786704903117,0.49907011401464896,0.1492299829588046,1.0042201196159057,1.0906690262249916,1,5
593920,0.0,0.3701677960850461,0.5115270547881757,0.15390434407037776,1.0044660434007024,1.0723938778709328,1,5
594048,0.0,0.3607594687838935,0.5102124603425856,0.17298252413036497,1.0044660434007024,1.084983130083574,1,5
594176,0.0,0.36399440355976065,0.5067328764592813,0.15820390592439845,1.0043431132076361,1.0822587225652034,1,5
594304,0.0,0.3510594577804,0.5004120197735802,0.16811094554948683,1.0043431132076361,1.0775131693991689,1,5
594432,0.0,0.34338610668335223,0.4986381347760714,0.1632433047558166,1.004097062540836,1.0953297976030558,1,5
594560,0.0,0.35618308259584697,0.5097216722333144,0.15854704584577264,1.0043431132076361,1.0754899314746005,1,5
594688,0.0,0.37632188178028014,0.5121176660051163,0.17128198884452903,1.0044660434007024,1.0845657366751416,1,5
594816,0.0,0.3613526966371282,0.5251148642579814,0.18151501071856854,1.004588910279602,1.1033099041700865,1,5
594944,0.0,0.36896893929714886,0.5150556863295714,0.16827544577536932,1.004588910279602,1.0770134363017358,1,5
595072,0.0,0.36039701072598035,0.5078296573704854,0.1730761951451904,1.0044660434007024,1.0762628405907446,1,5
595200,0.0,0.3627493121694172,0.5200120221847001,0.1803072277773376,1.004588910279602,1.09503936638724,1,5
595328,0.0,0.3656184332429185,0.512943952965088,0.1675266186353374,1.004588910279602,1.075399161240756,1,5
595456,0.0,0.3736879946102009,0.5170918714782319,0.17061467449611942,1.004588910279602,1.068006317227162,1,5
595584,0.0,0.3894088500539215,0.5130870937268905,0.1900084979800357,1.0044660434007024,1.0813322988474143,1,5
595712,0.0,0.3869404919051785,0.5025044887705982,0.16668496204139985,1.0043431132076361,1.0807722269805347,1,5
595840,0.0,0.37642376544542416,0.48835802744366624,0.16550625966696322,1.004097062540836,1.0804431305002262,1,5
595968,0.0,0.36462735786548367,0.4995955946955647,0.17808790175498984,1.0042201196159057,1.095785263424291,1,5
596096,0.0,0.3978030198158655,0.511206174506901,0.19430269577602055,1.0044660434007024,1.1011738317015367,1,-1
596224,0.0,0.4118605644417676,0.5170061788315462,0.20902848674137747,1.0047117139286545,1.0893048168084702,1,5
596352,0.0,0.4902816172288886,0.5261054050123305,0.27117615656949023,1.0047117139286545,1.1078078823618145,0,-1
596480,0.0,0.5046736759336469,0.5120606242365129,0.33761586005999744,1.0044660434007024,1.1027196550160323,0,-1
596608,0.0,0.4945703599617024,0.49454187789135945,0.3485096655925945,1.0039739418975728,1.1000418889127574,1,-1
596736,0.0,0.46823145767099317,0.5204552078121533,0.37090221527818146,1.0039739418975728,1.1184157527652228,0,-1
596864,0.0,0.41469843989634664,0.5009904906670859,0.31936153093782166,1.0036041977073993,1.1079786599597743,1,-1
596992,0.0,0.4074567840776571,0.5266053087137923,0.36495260979651434,1.0042201196159057,1.1496568208886433,0,-1
597120,0.0,0.45906493553702227,0.5467400063551878,0.35655687321423135,1.0047117139286545,1.1195187685343437,0,-1
597248,0.0,0.46416886504601024,0.49985280241129193,0.2753260668190722,1.0039739418975728,1.1093269792654512,1,-1
597376,0.0,0.43308481796838005,0.5015342621492895,0.2857549901409249,1.0038507576010838,1.1062896052854312,1,-1
